{"features":[{"properties":{"intensity":0.016682577125453416},"geometry":{"coordinates":[-16.242702327435087,28.478398712248467],"type":"Point"},"type":"Feature"},{"properties":{"intensity":0.025010533920568203},"geometry":{"coordinates":[-16.242904487560754,28.478216354489877],"type":"Point"},"type":"Feature"},{"properties":{"intensity":0.02124398187392442},"geometry":{"coordinates":[-16.303826227840382,28.41839394513864],"type":"Point"},"type":"Feature"},{"properties":{"intensity":0.021100016512334247},"geometry":{"coordinates":[-16.30672610188992,28.41760800690565],"type":"Point"},"type":"Feature"},{"properties":{"intensity":0.021055729667028428},"geometry":{"coordinates":[-16.308761953856678,28.41629781393004],"type":"Point"},"type":"Feature"},{"properties":{"intensity":0.016769589469997924},"geometry":{"coordinates":[-16.311320885033588,28.415190140263988],"type":"Point"},"type":"Feature"},{"properties":{"intensity":0.012566560994254364},"geometry":{"coordinates":[-16.31758187743893,28.408847995268157],"type":"Point"},"type":"Feature"},{"properties":{"intensity":0.000004817076690970716},"geometry":{"coordinates":[-16.317520769237404,28.406384640284532],"type":"Point"},"type":"Feature"},{"properties":{"intensity":0.000009443640450823123},"geometry":{"coordinates":[-16.316069220958425,28.40621816590133],"type":"Point"},"type":"Feature"},{"properties":{"intensity":0.0003981595371388891},"geometry":{"coordinates":[-16.316771618734467,28.405236628224426],"type":"Point"},"type":"Feature"},{"properties":{"intensity":0.000025663295193969032},"geometry":{"coordinates":[-16.316098836350317,28.406136650677563],"type":"Point"},"type":"Feature"},{"properties":{"intensity":0.0000065930902207787495},"geometry":{"coordinates":[-16.31754893179771,28.406185808034135],"type":"Point"},"type":"Feature"},{"properties":{"intensity":0.013232851155576831},"geometry":{"coordinates":[-16.317458503711293,28.408776985315242],"type":"Point"},"type":"Feature"},{"properties":{"intensity":0.02092542926126429},"geometry":{"coordinates":[-16.311208159737554,28.415155124020988],"type":"Point"},"type":"Feature"},{"properties":{"intensity":0.02111305427259453},"geometry":{"coordinates":[-16.30861649752976,28.41609162658822],"type":"Point"},"type":"Feature"},{"properties":{"intensity":0.02113906893989213},"geometry":{"coordinates":[-16.30649365417823,28.417799772068495],"type":"Point"},"type":"Feature"},{"properties":{"intensity":0.02124057695344877},"geometry":{"coordinates":[-16.303834887575036,28.41826750580522],"type":"Point"},"type":"Feature"},{"properties":{"intensity":0.0374770503435657},"geometry":{"coordinates":[-16.321966175305086,28.40679283455323],"type":"Point"},"type":"Feature"},{"properties":{"intensity":0.0000022141367015804888},"geometry":{"coordinates":[-16.34395763656899,28.396604527794956],"type":"Point"},"type":"Feature"},{"properties":{"intensity":0.000001690273282504852},"geometry":{"coordinates":[-16.348208868767557,28.397826073998903],"type":"Point"},"type":"Feature"},{"properties":{"intensity":0.032066329193654826},"geometry":{"coordinates":[-16.32280355836046,28.405999490855397],"type":"Point"},"type":"Feature"},{"properties":{"intensity":0.0000353545458854463},"geometry":{"coordinates":[-16.32873187777963,28.409903941390233],"type":"Point"},"type":"Feature"},{"properties":{"intensity":0.004171480265772271},"geometry":{"coordinates":[-16.35176300484554,28.398801693773663],"type":"Point"},"type":"Feature"},{"properties":{"intensity":0.000006500394802744161},"geometry":{"coordinates":[-16.35384012560717,28.39840199889127],"type":"Point"},"type":"Feature"},{"properties":{"intensity":0.004168319697330989},"geometry":{"coordinates":[-16.35498828765948,28.397190206878975],"type":"Point"},"type":"Feature"},{"properties":{"intensity":0.004168259944690929},"geometry":{"coordinates":[-16.356684480475103,28.3981390393553],"type":"Point"},"type":"Feature"},{"properties":{"intensity":0.0000023336419817001444},"geometry":{"coordinates":[-16.356508273537226,28.39552343449113],"type":"Point"},"type":"Feature"},{"properties":{"intensity":9.35176728763025e-8},"geometry":{"coordinates":[-16.359944790857696,28.395281586902364],"type":"Point"},"type":"Feature"},{"properties":{"intensity":3.5156066962756025e-7},"geometry":{"coordinates":[-16.360850168780903,28.396644401715545],"type":"Point"},"type":"Feature"},{"properties":{"intensity":0.00445096082192693},"geometry":{"coordinates":[-16.360698061496542,28.399118872157654],"type":"Point"},"type":"Feature"},{"properties":{"intensity":0.0000075395219604806},"geometry":{"coordinates":[-16.360992697637844,28.396615901656993],"type":"Point"},"type":"Feature"},{"properties":{"intensity":0.000001327457601938467},"geometry":{"coordinates":[-16.360045575573167,28.395181301613814],"type":"Point"},"type":"Feature"},{"properties":{"intensity":0.00001850909893593247},"geometry":{"coordinates":[-16.35648018603976,28.395722272541846],"type":"Point"},"type":"Feature"},{"properties":{"intensity":0.004185819134301794},"geometry":{"coordinates":[-16.35658116108823,28.398040789216342],"type":"Point"},"type":"Feature"},{"properties":{"intensity":0.00417721696434086},"geometry":{"coordinates":[-16.35489873478534,28.397371605269804],"type":"Point"},"type":"Feature"},{"properties":{"intensity":0.00003916828209317817},"geometry":{"coordinates":[-16.353717888524404,28.398421264515598],"type":"Point"},"type":"Feature"},{"properties":{"intensity":0.000025413663311633764},"geometry":{"coordinates":[-16.351741562858795,28.398720678086654],"type":"Point"},"type":"Feature"},{"properties":{"intensity":0.04243901454371773},"geometry":{"coordinates":[-16.304369978940347,28.425275157081412],"type":"Point"},"type":"Feature"},{"properties":{"intensity":0.004288489959561345},"geometry":{"coordinates":[-16.324014298525398,28.40485954664793],"type":"Point"},"type":"Feature"},{"properties":{"intensity":0.004480391497916344},"geometry":{"coordinates":[-16.324334375149075,28.402690330255194],"type":"Point"},"type":"Feature"},{"properties":{"intensity":0.004247345917637982},"geometry":{"coordinates":[-16.32064324238912,28.40300595883762],"type":"Point"},"type":"Feature"},{"properties":{"intensity":0.005029449965684331},"geometry":{"coordinates":[-16.31954224125319,28.402294594247866],"type":"Point"},"type":"Feature"},{"properties":{"intensity":0.004589502211074582},"geometry":{"coordinates":[-16.320023465687594,28.403237603033315],"type":"Point"},"type":"Feature"},{"properties":{"intensity":0.0048361080424860065},"geometry":{"coordinates":[-16.324499692749335,28.402851180577358],"type":"Point"},"type":"Feature"},{"properties":{"intensity":0.004398996671207995},"geometry":{"coordinates":[-16.32583727051553,28.403704608260803],"type":"Point"},"type":"Feature"},{"properties":{"intensity":0.006164095250898069},"geometry":{"coordinates":[-16.32308563865538,28.404877596782516],"type":"Point"},"type":"Feature"},{"properties":{"intensity":0.0002965588807485219},"geometry":{"coordinates":[-16.32493457346175,28.406628607180796],"type":"Point"},"type":"Feature"},{"properties":{"intensity":0.0001283393105394143},"geometry":{"coordinates":[-16.32573644617961,28.40872372835381],"type":"Point"},"type":"Feature"},{"properties":{"intensity":0.0001466396863625582},"geometry":{"coordinates":[-16.327688650845502,28.409742633330776],"type":"Point"},"type":"Feature"},{"properties":{"intensity":0.004331785730215703},"geometry":{"coordinates":[-16.329164100885873,28.4110008243113],"type":"Point"},"type":"Feature"},{"properties":{"intensity":0.004394436815258934},"geometry":{"coordinates":[-16.331396932798356,28.412414052617663],"type":"Point"},"type":"Feature"},{"properties":{"intensity":0.004769295583273626},"geometry":{"coordinates":[-16.335490074054608,28.410758424139946],"type":"Point"},"type":"Feature"},{"properties":{"intensity":0.004582288827874483},"geometry":{"coordinates":[-16.33563038169595,28.40973717739439],"type":"Point"},"type":"Feature"},{"properties":{"intensity":0.004471071474019849},"geometry":{"coordinates":[-16.332706365681123,28.410190018450603],"type":"Point"},"type":"Feature"},{"properties":{"intensity":0.004321457243740921},"geometry":{"coordinates":[-16.33054946753439,28.409949372651262],"type":"Point"},"type":"Feature"},{"properties":{"intensity":0.000096056680960578},"geometry":{"coordinates":[-16.330279810014954,28.407975440834836],"type":"Point"},"type":"Feature"},{"properties":{"intensity":0.0004123062482276101},"geometry":{"coordinates":[-16.33050976799194,28.40677281377099],"type":"Point"},"type":"Feature"},{"properties":{"intensity":0.0002653374432264557},"geometry":{"coordinates":[-16.330478020964144,28.40668286973021],"type":"Point"},"type":"Feature"},{"properties":{"intensity":0.00023599742560685547},"geometry":{"coordinates":[-16.329995153782328,28.408068475272383],"type":"Point"},"type":"Feature"},{"properties":{"intensity":0.0002449697435510862},"geometry":{"coordinates":[-16.32790299229533,28.40974054344866],"type":"Point"},"type":"Feature"},{"properties":{"intensity":0.00014040706563297323},"geometry":{"coordinates":[-16.325725003384637,28.408624560059863],"type":"Point"},"type":"Feature"},{"properties":{"intensity":0.00031776707727070475},"geometry":{"coordinates":[-16.324801889618207,28.406629897936313],"type":"Point"},"type":"Feature"},{"properties":{"intensity":0.00014887360976464605},"geometry":{"coordinates":[-16.332338752616657,28.406917390652083],"type":"Point"},"type":"Feature"},{"properties":{"intensity":0.00011501598033406346},"geometry":{"coordinates":[-16.332472339938125,28.406988287020916],"type":"Point"},"type":"Feature"},{"properties":{"intensity":0.00460577903111811},"geometry":{"coordinates":[-16.33298153460626,28.404447162426308],"type":"Point"},"type":"Feature"},{"properties":{"intensity":0.005709272625447783},"geometry":{"coordinates":[-16.33180561091842,28.40346587012428],"type":"Point"},"type":"Feature"},{"properties":{"intensity":0.004707433291826107},"geometry":{"coordinates":[-16.333242602204294,28.404101641236455],"type":"Point"},"type":"Feature"},{"properties":{"intensity":0.0521322224481056},"geometry":{"coordinates":[-16.328693631288182,28.49015788931739],"type":"Point"},"type":"Feature"},{"properties":{"intensity":0.04337012898255145},"geometry":{"coordinates":[-16.333412137617092,28.49006655919433],"type":"Point"},"type":"Feature"},{"properties":{"intensity":0.04282176274283724},"geometry":{"coordinates":[-16.340272801707478,28.48972832861419],"type":"Point"},"type":"Feature"},{"properties":{"intensity":0.03971962259065113},"geometry":{"coordinates":[-16.34935794383154,28.48999945878131],"type":"Point"},"type":"Feature"},{"properties":{"intensity":0.038897896100188074},"geometry":{"coordinates":[-16.35258590742176,28.489985428044967],"type":"Point"},"type":"Feature"},{"properties":{"intensity":0.03896728302961153},"geometry":{"coordinates":[-16.35542553791474,28.4907603912953],"type":"Point"},"type":"Feature"},{"properties":{"intensity":0.03476902876813856},"geometry":{"coordinates":[-16.361971433003678,28.491371854967902],"type":"Point"},"type":"Feature"},{"properties":{"intensity":0.03538871281304436},"geometry":{"coordinates":[-16.366856849590878,28.492342668117974],"type":"Point"},"type":"Feature"},{"properties":{"intensity":0.036243390083641164},"geometry":{"coordinates":[-16.371234435548853,28.491955617972327],"type":"Point"},"type":"Feature"},{"properties":{"intensity":0.028093376282534395},"geometry":{"coordinates":[-16.37549424318734,28.491154459234757],"type":"Point"},"type":"Feature"},{"properties":{"intensity":0.025617665731796378},"geometry":{"coordinates":[-16.380314004452973,28.489426911752975],"type":"Point"},"type":"Feature"},{"properties":{"intensity":0.027080280911746517},"geometry":{"coordinates":[-16.386673908047165,28.487530066339342],"type":"Point"},"type":"Feature"},{"properties":{"intensity":0.025557254891637127},"geometry":{"coordinates":[-16.389910360030687,28.48661254440441],"type":"Point"},"type":"Feature"},{"properties":{"intensity":0.0004141778010719756},"geometry":{"coordinates":[-16.392864558132857,28.485986644981875],"type":"Point"},"type":"Feature"},{"properties":{"intensity":0.00022941648064270356},"geometry":{"coordinates":[-16.395730824416688,28.486444607183834],"type":"Point"},"type":"Feature"},{"properties":{"intensity":0.00023422944605946573},"geometry":{"coordinates":[-16.4040106388726,28.48454528620946],"type":"Point"},"type":"Feature"},{"properties":{"intensity":0.0001785605110816687},"geometry":{"coordinates":[-16.40596655898518,28.483369850865103],"type":"Point"},"type":"Feature"},{"properties":{"intensity":0.00011521060453939034},"geometry":{"coordinates":[-16.410253653383084,28.48467019565296],"type":"Point"},"type":"Feature"},{"properties":{"intensity":0.00036203262734802496},"geometry":{"coordinates":[-16.411447321574332,28.484558531096443],"type":"Point"},"type":"Feature"},{"properties":{"intensity":0.00011014939519313118},"geometry":{"coordinates":[-16.413384532465535,28.484285700299772],"type":"Point"},"type":"Feature"},{"properties":{"intensity":0.0005461008820621413},"geometry":{"coordinates":[-16.41585989735958,28.483005447305125],"type":"Point"},"type":"Feature"},{"properties":{"intensity":0.00021158938097698684},"geometry":{"coordinates":[-16.41807801131789,28.483117705885686],"type":"Point"},"type":"Feature"},{"properties":{"intensity":0.00019598015215506145},"geometry":{"coordinates":[-16.422987331487118,28.48358084153484],"type":"Point"},"type":"Feature"},{"properties":{"intensity":0.0004590290414344186},"geometry":{"coordinates":[-16.426525562048763,28.483110554788368],"type":"Point"},"type":"Feature"},{"properties":{"intensity":0.00009382186731280213},"geometry":{"coordinates":[-16.42899647822178,28.48151423439603],"type":"Point"},"type":"Feature"},{"properties":{"intensity":0.00019330089385362462},"geometry":{"coordinates":[-16.43082633110608,28.480105120921202],"type":"Point"},"type":"Feature"},{"properties":{"intensity":0.00580590082343049},"geometry":{"coordinates":[-16.4368127083278,28.479401206627813],"type":"Point"},"type":"Feature"},{"properties":{"intensity":0.0045678113690440225},"geometry":{"coordinates":[-16.4395981643952,28.472395336613733],"type":"Point"},"type":"Feature"},{"properties":{"intensity":0.004239050921991762},"geometry":{"coordinates":[-16.440843496806238,28.471587937738246],"type":"Point"},"type":"Feature"},{"properties":{"intensity":0.004564752095701189},"geometry":{"coordinates":[-16.44207226557799,28.469562314219708],"type":"Point"},"type":"Feature"},{"properties":{"intensity":0.009222462687264146},"geometry":{"coordinates":[-16.443429172200023,28.467950475147102],"type":"Point"},"type":"Feature"},{"properties":{"intensity":0.004410566293932877},"geometry":{"coordinates":[-16.44205159651708,28.469544483182236],"type":"Point"},"type":"Feature"},{"properties":{"intensity":0.004424074758417451},"geometry":{"coordinates":[-16.43953640139951,28.472359890025594],"type":"Point"},"type":"Feature"},{"properties":{"intensity":0.005292576447018106},"geometry":{"coordinates":[-16.436719936736313,28.47933901124429],"type":"Point"},"type":"Feature"},{"properties":{"intensity":0.005773019255049822},"geometry":{"coordinates":[-16.434490494893073,28.479895033170518],"type":"Point"},"type":"Feature"},{"properties":{"intensity":0.0002617257841019323},"geometry":{"coordinates":[-16.43128421467343,28.479973949794694],"type":"Point"},"type":"Feature"},{"properties":{"intensity":0.00014604063602742902},"geometry":{"coordinates":[-16.42870661222724,28.481986587055854],"type":"Point"},"type":"Feature"},{"properties":{"intensity":0.0004003972998518002},"geometry":{"coordinates":[-16.426830870854314,28.483026124747102],"type":"Point"},"type":"Feature"},{"properties":{"intensity":0.00023761479017183305},"geometry":{"coordinates":[-16.423077437188166,28.483444521412025],"type":"Point"},"type":"Feature"},{"properties":{"intensity":0.008726809691703447},"geometry":{"coordinates":[-16.418035469711135,28.482991797639865],"type":"Point"},"type":"Feature"},{"properties":{"intensity":0.008912943112646414},"geometry":{"coordinates":[-16.41584896164387,28.48295141031602],"type":"Point"},"type":"Feature"},{"properties":{"intensity":0.008617986057018263},"geometry":{"coordinates":[-16.41335172862569,28.48412358863925],"type":"Point"},"type":"Feature"},{"properties":{"intensity":0.008761512473181821},"geometry":{"coordinates":[-16.4113949335816,28.484459798303202],"type":"Point"},"type":"Feature"},{"properties":{"intensity":0.0001625867540786472},"geometry":{"coordinates":[-16.410150558299982,28.484599063828423],"type":"Point"},"type":"Feature"},{"properties":{"intensity":0.0001719603297084659},"geometry":{"coordinates":[-16.40600621735904,28.48327918905385],"type":"Point"},"type":"Feature"},{"properties":{"intensity":0.0002842826962767857},"geometry":{"coordinates":[-16.403299863590103,28.484868505949706],"type":"Point"},"type":"Feature"},{"properties":{"intensity":0.0001192236419246542},"geometry":{"coordinates":[-16.398982603935643,28.485923822217956],"type":"Point"},"type":"Feature"},{"properties":{"intensity":0.004385066324675943},"geometry":{"coordinates":[-16.396484033834216,28.48623831776505],"type":"Point"},"type":"Feature"},{"properties":{"intensity":0.0005932449762118903},"geometry":{"coordinates":[-16.392121352359986,28.485398595031683],"type":"Point"},"type":"Feature"},{"properties":{"intensity":0.025376509965603332},"geometry":{"coordinates":[-16.389929014727226,28.486476975719317],"type":"Point"},"type":"Feature"},{"properties":{"intensity":0.026880768163871575},"geometry":{"coordinates":[-16.386489703059805,28.48750486963181],"type":"Point"},"type":"Feature"},{"properties":{"intensity":0.025422842688144646},"geometry":{"coordinates":[-16.380302146738718,28.48930067917253],"type":"Point"},"type":"Feature"},{"properties":{"intensity":0.02704242142290891},"geometry":{"coordinates":[-16.375696892091174,28.491026055329897],"type":"Point"},"type":"Feature"},{"properties":{"intensity":0.026829909523573475},"geometry":{"coordinates":[-16.371538069118724,28.49173594905802],"type":"Point"},"type":"Feature"},{"properties":{"intensity":0.026405823918687357},"geometry":{"coordinates":[-16.36693693780609,28.49221550940399],"type":"Point"},"type":"Feature"},{"properties":{"intensity":0.03439797423099896},"geometry":{"coordinates":[-16.362184893311625,28.491288488732096],"type":"Point"},"type":"Feature"},{"properties":{"intensity":0.03859502388175379},"geometry":{"coordinates":[-16.35540326454561,28.490616209182416],"type":"Point"},"type":"Feature"},{"properties":{"intensity":0.0382710130493177},"geometry":{"coordinates":[-16.352574427630127,28.48988626430502],"type":"Point"},"type":"Feature"},{"properties":{"intensity":0.023643908340143658},"geometry":{"coordinates":[-16.391680860180884,28.485303827961335],"type":"Point"},"type":"Feature"},{"properties":{"intensity":0.022388350039010303},"geometry":{"coordinates":[-16.39573441865369,28.482834495493073],"type":"Point"},"type":"Feature"},{"properties":{"intensity":0.025607416169887667},"geometry":{"coordinates":[-16.399981859671506,28.481139215361853],"type":"Point"},"type":"Feature"},{"properties":{"intensity":0.024741922314300273},"geometry":{"coordinates":[-16.40306522394525,28.479482898593762],"type":"Point"},"type":"Feature"},{"properties":{"intensity":0.022106922056822076},"geometry":{"coordinates":[-16.407340249232536,28.47834666981262],"type":"Point"},"type":"Feature"},{"properties":{"intensity":0.023492115376340963},"geometry":{"coordinates":[-16.410796570885246,28.47786861762975],"type":"Point"},"type":"Feature"},{"properties":{"intensity":0.038273786564440956},"geometry":{"coordinates":[-16.415377460981844,28.476701890027417],"type":"Point"},"type":"Feature"},{"properties":{"intensity":0.010133919587160513},"geometry":{"coordinates":[-16.419427263504993,28.474782442882333],"type":"Point"},"type":"Feature"},{"properties":{"intensity":0.0087857771825477},"geometry":{"coordinates":[-16.423898890924498,28.473102140675305],"type":"Point"},"type":"Feature"},{"properties":{"intensity":0.009842119501813127},"geometry":{"coordinates":[-16.4273714480952,28.47385092087947],"type":"Point"},"type":"Feature"},{"properties":{"intensity":0.015317814031298749},"geometry":{"coordinates":[-16.432280688211943,28.472066476284972],"type":"Point"},"type":"Feature"},{"properties":{"intensity":0.00007832171101489931},"geometry":{"coordinates":[-16.43315807150458,28.47123594603789],"type":"Point"},"type":"Feature"},{"properties":{"intensity":0.0003628767531684369},"geometry":{"coordinates":[-16.433497620252425,28.47520342017598],"type":"Point"},"type":"Feature"},{"properties":{"intensity":0.00013549388392944856},"geometry":{"coordinates":[-16.434578444729976,28.475065669791228],"type":"Point"},"type":"Feature"},{"properties":{"intensity":0.00036465871104813575},"geometry":{"coordinates":[-16.433299625619124,28.47718200805247],"type":"Point"},"type":"Feature"},{"properties":{"intensity":0.0006268626522522394},"geometry":{"coordinates":[-16.4315794189742,28.47989864085842],"type":"Point"},"type":"Feature"},{"properties":{"intensity":0.0005540393681031435},"geometry":{"coordinates":[-16.431660758032066,28.479870709034795],"type":"Point"},"type":"Feature"},{"properties":{"intensity":0.0004782923312718647},"geometry":{"coordinates":[-16.433452573255373,28.477162345452864],"type":"Point"},"type":"Feature"},{"properties":{"intensity":0.0001324141222064191},"geometry":{"coordinates":[-16.434547075470768,28.475011850046698],"type":"Point"},"type":"Feature"},{"properties":{"intensity":0.0004574700787344286},"geometry":{"coordinates":[-16.433722174813003,28.475192027532447],"type":"Point"},"type":"Feature"},{"properties":{"intensity":0.00021481658923821407},"geometry":{"coordinates":[-16.43346880166006,28.470799464994872],"type":"Point"},"type":"Feature"},{"properties":{"intensity":0.014934908700133333},"geometry":{"coordinates":[-16.432258437779065,28.471931333768545],"type":"Point"},"type":"Feature"},{"properties":{"intensity":0.013680779519790508},"geometry":{"coordinates":[-16.427288535260253,28.473761539857048],"type":"Point"},"type":"Feature"},{"properties":{"intensity":0.012904990355135681},"geometry":{"coordinates":[-16.423928559952515,28.47302962886864],"type":"Point"},"type":"Feature"},{"properties":{"intensity":0.013828726363940808},"geometry":{"coordinates":[-16.41941572378141,28.474683286703208],"type":"Point"},"type":"Feature"},{"properties":{"intensity":0.050172052807700165},"geometry":{"coordinates":[-16.414860818128698,28.477023147461935],"type":"Point"},"type":"Feature"},{"properties":{"intensity":0.023762020097581285},"geometry":{"coordinates":[-16.410694201809196,28.477851629444256],"type":"Point"},"type":"Feature"},{"properties":{"intensity":0.021914189585901897},"geometry":{"coordinates":[-16.407451395555118,28.478255267627176],"type":"Point"},"type":"Feature"},{"properties":{"intensity":0.02440063589950571},"geometry":{"coordinates":[-16.40365729628501,28.478682571833456],"type":"Point"},"type":"Feature"},{"properties":{"intensity":0.025121107720665448},"geometry":{"coordinates":[-16.399177270254764,28.48131897647853],"type":"Point"},"type":"Feature"},{"properties":{"intensity":0.023254499393146978},"geometry":{"coordinates":[-16.394972678547788,28.483167220489033],"type":"Point"},"type":"Feature"},{"properties":{"intensity":0.024941413411585945},"geometry":{"coordinates":[-16.39175022594447,28.48514066433867],"type":"Point"},"type":"Feature"},{"properties":{"intensity":0.04624902215327543},"geometry":{"coordinates":[-16.348703651449885,28.489960825766126],"type":"Point"},"type":"Feature"},{"properties":{"intensity":0.060839330032135736},"geometry":{"coordinates":[-16.2748014273391,28.45238803492854],"type":"Point"},"type":"Feature"},{"properties":{"intensity":0.07106287174645723},"geometry":{"coordinates":[-16.283948134419962,28.447879548790112],"type":"Point"},"type":"Feature"},{"properties":{"intensity":0.04912620624116727},"geometry":{"coordinates":[-16.290769882587323,28.447905260045523],"type":"Point"},"type":"Feature"},{"properties":{"intensity":0.0751249649015202},"geometry":{"coordinates":[-16.29382093632304,28.456946843696233],"type":"Point"},"type":"Feature"},{"properties":{"intensity":0.025633446063980915},"geometry":{"coordinates":[-16.307095129696318,28.470051175360542],"type":"Point"},"type":"Feature"},{"properties":{"intensity":0.004406079927805879},"geometry":{"coordinates":[-16.324051658642382,28.487378255702534],"type":"Point"},"type":"Feature"},{"properties":{"intensity":0.11887103506584673},"geometry":{"coordinates":[-16.32662715060988,28.489925363684346],"type":"Point"},"type":"Feature"},{"properties":{"intensity":0.04194118872817006},"geometry":{"coordinates":[-16.322002643388963,28.492641914948262],"type":"Point"},"type":"Feature"},{"properties":{"intensity":0.03566065535576653},"geometry":{"coordinates":[-16.3194428967902,28.495464639535538],"type":"Point"},"type":"Feature"},{"properties":{"intensity":0.03139358396034984},"geometry":{"coordinates":[-16.315145263815424,28.49903519816421],"type":"Point"},"type":"Feature"},{"properties":{"intensity":0.034043231132003623},"geometry":{"coordinates":[-16.312503069969875,28.50265282464063],"type":"Point"},"type":"Feature"},{"properties":{"intensity":0.013581657002854904},"geometry":{"coordinates":[-16.30830124395691,28.514029163214722],"type":"Point"},"type":"Feature"},{"properties":{"intensity":0.009011896578674171},"geometry":{"coordinates":[-16.315155360870317,28.514675986716362],"type":"Point"},"type":"Feature"},{"properties":{"intensity":0.009044482135311822},"geometry":{"coordinates":[-16.322551698252518,28.517826217331407],"type":"Point"},"type":"Feature"},{"properties":{"intensity":0.012887398290737689},"geometry":{"coordinates":[-16.328149366344732,28.519296878708957],"type":"Point"},"type":"Feature"},{"properties":{"intensity":0.01564480380629533},"geometry":{"coordinates":[-16.33167307250733,28.519163103502542],"type":"Point"},"type":"Feature"},{"properties":{"intensity":0.02414285764769317},"geometry":{"coordinates":[-16.336715684350544,28.52117133751175],"type":"Point"},"type":"Feature"},{"properties":{"intensity":0.010767550627667734},"geometry":{"coordinates":[-16.34244527296852,28.52254082389666],"type":"Point"},"type":"Feature"},{"properties":{"intensity":0.012580746218846754},"geometry":{"coordinates":[-16.34602977010476,28.523164193470528],"type":"Point"},"type":"Feature"},{"properties":{"intensity":0.01142628694874318},"geometry":{"coordinates":[-16.34896198696098,28.523920300191506],"type":"Point"},"type":"Feature"},{"properties":{"intensity":0.00976975230986717},"geometry":{"coordinates":[-16.350662023287292,28.52421026373432],"type":"Point"},"type":"Feature"},{"properties":{"intensity":0.009681155543535658},"geometry":{"coordinates":[-16.353284129788644,28.527884505816683],"type":"Point"},"type":"Feature"},{"properties":{"intensity":0.00972425668998469},"geometry":{"coordinates":[-16.35669684048625,28.529438895878783],"type":"Point"},"type":"Feature"},{"properties":{"intensity":0.009688987439223702},"geometry":{"coordinates":[-16.35951400351017,28.529970287179445],"type":"Point"},"type":"Feature"},{"properties":{"intensity":0.012992807852118465},"geometry":{"coordinates":[-16.35950778845617,28.531874667493028],"type":"Point"},"type":"Feature"},{"properties":{"intensity":0.021150511271340662},"geometry":{"coordinates":[-16.36062095917444,28.53420104580438],"type":"Point"},"type":"Feature"},{"properties":{"intensity":0.009416162894374098},"geometry":{"coordinates":[-16.358702238886387,28.535998221482394],"type":"Point"},"type":"Feature"},{"properties":{"intensity":0.00854612573310309},"geometry":{"coordinates":[-16.355919171475485,28.542930318473754],"type":"Point"},"type":"Feature"},{"properties":{"intensity":0.01037430206202469},"geometry":{"coordinates":[-16.352812665694994,28.544576818324554],"type":"Point"},"type":"Feature"},{"properties":{"intensity":0.00974631712970709},"geometry":{"coordinates":[-16.35045127206736,28.545349419562395],"type":"Point"},"type":"Feature"},{"properties":{"intensity":0.010416191657991385},"geometry":{"coordinates":[-16.34879291084531,28.550762977690496],"type":"Point"},"type":"Feature"},{"properties":{"intensity":0.02069162458147495},"geometry":{"coordinates":[-16.344813976015686,28.553762722523548],"type":"Point"},"type":"Feature"},{"properties":{"intensity":0.010857019597059427},"geometry":{"coordinates":[-16.341310885273383,28.55561145152792],"type":"Point"},"type":"Feature"},{"properties":{"intensity":0.00716369346479662},"geometry":{"coordinates":[-16.33822068895518,28.555362172115334],"type":"Point"},"type":"Feature"},{"properties":{"intensity":0.008615211327393115},"geometry":{"coordinates":[-16.332101342257342,28.559709348638247],"type":"Point"},"type":"Feature"},{"properties":{"intensity":0.012649792761891309},"geometry":{"coordinates":[-16.330918171761283,28.563980861766385],"type":"Point"},"type":"Feature"},{"properties":{"intensity":0.019360890253783444},"geometry":{"coordinates":[-16.32848569597394,28.56728085205521],"type":"Point"},"type":"Feature"},{"properties":{"intensity":0.01121541471365738},"geometry":{"coordinates":[-16.325139763572405,28.568676377079974],"type":"Point"},"type":"Feature"},{"properties":{"intensity":0.009098122528396646},"geometry":{"coordinates":[-16.323541904372824,28.569251536137543],"type":"Point"},"type":"Feature"},{"properties":{"intensity":0.009544640690045837},"geometry":{"coordinates":[-16.31970064095909,28.569469454477545],"type":"Point"},"type":"Feature"},{"properties":{"intensity":0.024934543725016196},"geometry":{"coordinates":[-16.318356958573318,28.57075507475774],"type":"Point"},"type":"Feature"},{"properties":{"intensity":0.008815878843946696},"geometry":{"coordinates":[-16.319997308383893,28.56948461929328],"type":"Point"},"type":"Feature"},{"properties":{"intensity":0.008823131046283815},"geometry":{"coordinates":[-16.32355325592753,28.56934167769871],"type":"Point"},"type":"Feature"},{"properties":{"intensity":0.0098037167771657},"geometry":{"coordinates":[-16.325313651411488,28.56868370405194],"type":"Point"},"type":"Feature"},{"properties":{"intensity":0.010680590700783388},"geometry":{"coordinates":[-16.328785663351077,28.566745426974876],"type":"Point"},"type":"Feature"},{"properties":{"intensity":0.010352673263562087},"geometry":{"coordinates":[-16.33072634616101,28.56417227255944],"type":"Point"},"type":"Feature"},{"properties":{"intensity":0.008715880782347236},"geometry":{"coordinates":[-16.332174026652574,28.559798887449347],"type":"Point"},"type":"Feature"},{"properties":{"intensity":0.0057087090590106845},"geometry":{"coordinates":[-16.33796505723957,28.555355666987055],"type":"Point"},"type":"Feature"},{"properties":{"intensity":0.010036699603154559},"geometry":{"coordinates":[-16.341719942681387,28.555625459003625],"type":"Point"},"type":"Feature"},{"properties":{"intensity":0.01833057065239464},"geometry":{"coordinates":[-16.344916869390378,28.553815854304037],"type":"Point"},"type":"Feature"},{"properties":{"intensity":0.01017005594065786},"geometry":{"coordinates":[-16.348986749844016,28.550733975943416],"type":"Point"},"type":"Feature"},{"properties":{"intensity":0.009317030343585619},"geometry":{"coordinates":[-16.350788751967425,28.54536411259653],"type":"Point"},"type":"Feature"},{"properties":{"intensity":0.009720821021532204},"geometry":{"coordinates":[-16.353007991499368,28.544665123892603],"type":"Point"},"type":"Feature"},{"properties":{"intensity":0.008655653002241219},"geometry":{"coordinates":[-16.355930199969585,28.54299338470837],"type":"Point"},"type":"Feature"},{"properties":{"intensity":0.009051876473526092},"geometry":{"coordinates":[-16.358807089600578,28.53620475190643],"type":"Point"},"type":"Feature"},{"properties":{"intensity":0.014328730786072394},"geometry":{"coordinates":[-16.360939692710605,28.535145497510293],"type":"Point"},"type":"Feature"},{"properties":{"intensity":0.024776929408764043},"geometry":{"coordinates":[-16.361970511802333,28.533447451156075],"type":"Point"},"type":"Feature"},{"properties":{"intensity":0.017791484776091},"geometry":{"coordinates":[-16.359612288753745,28.532054125373786],"type":"Point"},"type":"Feature"},{"properties":{"intensity":0.014179133266668715},"geometry":{"coordinates":[-16.359615026818023,28.529879023801453],"type":"Point"},"type":"Feature"},{"properties":{"intensity":0.014056132052342825},"geometry":{"coordinates":[-16.356121275045872,28.529182913125602],"type":"Point"},"type":"Feature"},{"properties":{"intensity":0.013883140236920503},"geometry":{"coordinates":[-16.352415069067995,28.52625057173651],"type":"Point"},"type":"Feature"},{"properties":{"intensity":0.013777920468527731},"geometry":{"coordinates":[-16.351431454446793,28.524446291558522],"type":"Point"},"type":"Feature"},{"properties":{"intensity":0.01560510449259795},"geometry":{"coordinates":[-16.34935943990569,28.523835125258355],"type":"Point"},"type":"Feature"},{"properties":{"intensity":0.021025604185518045},"geometry":{"coordinates":[-16.346049173434587,28.523082774016846],"type":"Point"},"type":"Feature"},{"properties":{"intensity":0.01932220605809522},"geometry":{"coordinates":[-16.342505549025176,28.522459000926858],"type":"Point"},"type":"Feature"},{"properties":{"intensity":0.02777980171792196},"geometry":{"coordinates":[-16.337534443964405,28.52127158112788],"type":"Point"},"type":"Feature"},{"properties":{"intensity":0.0199997368993406},"geometry":{"coordinates":[-16.331467480513254,28.519065840725194],"type":"Point"},"type":"Feature"},{"properties":{"intensity":0.017206789184269457},"geometry":{"coordinates":[-16.328178887099234,28.5192063372564],"type":"Point"},"type":"Feature"},{"properties":{"intensity":0.009041380497255757},"geometry":{"coordinates":[-16.321061887077214,28.517172841130076],"type":"Point"},"type":"Feature"},{"properties":{"intensity":0.008844887291569715},"geometry":{"coordinates":[-16.31497909895497,28.514470110647196],"type":"Point"},"type":"Feature"},{"properties":{"intensity":0.008899362063992004},"geometry":{"coordinates":[-16.309228523909304,28.513821673388268],"type":"Point"},"type":"Feature"},{"properties":{"intensity":0.04227849002155842},"geometry":{"coordinates":[-16.31250686754257,28.50295964932599],"type":"Point"},"type":"Feature"},{"properties":{"intensity":0.016865716713486658},"geometry":{"coordinates":[-16.313623687789445,28.49579176644031],"type":"Point"},"type":"Feature"},{"properties":{"intensity":0.01718820438530378},"geometry":{"coordinates":[-16.31401706116214,28.492908879876815],"type":"Point"},"type":"Feature"},{"properties":{"intensity":0.01687238612201948},"geometry":{"coordinates":[-16.314744437306906,28.490600383577537],"type":"Point"},"type":"Feature"},{"properties":{"intensity":0.017383462210523615},"geometry":{"coordinates":[-16.315485354478003,28.488562512734646],"type":"Point"},"type":"Feature"},{"properties":{"intensity":0.0018776424329101128},"geometry":{"coordinates":[-16.313235534576275,28.480939789721887],"type":"Point"},"type":"Feature"},{"properties":{"intensity":0.04848015892640124},"geometry":{"coordinates":[-16.313005865810375,28.47806291721291],"type":"Point"},"type":"Feature"},{"properties":{"intensity":0.05876398393340823},"geometry":{"coordinates":[-16.29554065579987,28.458112807448384],"type":"Point"},"type":"Feature"},{"properties":{"intensity":0.055484248428212125},"geometry":{"coordinates":[-16.292191843642417,28.454832325764098],"type":"Point"},"type":"Feature"},{"properties":{"intensity":0.04711376471158525},"geometry":{"coordinates":[-16.28972230105006,28.446570401976068],"type":"Point"},"type":"Feature"},{"properties":{"intensity":0.0723332807332662},"geometry":{"coordinates":[-16.284167751559643,28.44746230511102],"type":"Point"},"type":"Feature"},{"properties":{"intensity":0.004879350842511578},"geometry":{"coordinates":[-16.277078847950378,28.45069696477087],"type":"Point"},"type":"Feature"},{"properties":{"intensity":0.05473311133216603},"geometry":{"coordinates":[-16.26087268405226,28.45675079189612],"type":"Point"},"type":"Feature"},{"properties":{"intensity":0.013275973850954323},"geometry":{"coordinates":[-16.28250471351687,28.460276085110483],"type":"Point"},"type":"Feature"},{"properties":{"intensity":0.022555415128381894},"geometry":{"coordinates":[-16.282920252350102,28.46593111888634],"type":"Point"},"type":"Feature"},{"properties":{"intensity":0.04986659949205688},"geometry":{"coordinates":[-16.28659348531455,28.468161804042186],"type":"Point"},"type":"Feature"},{"properties":{"intensity":0.031024918031935706},"geometry":{"coordinates":[-16.290006636550288,28.469149345046013],"type":"Point"},"type":"Feature"},{"properties":{"intensity":0.020398518318167864},"geometry":{"coordinates":[-16.2937302840544,28.469628422233864],"type":"Point"},"type":"Feature"},{"properties":{"intensity":0.007961331245607689},"geometry":{"coordinates":[-16.297265102164157,28.47053339201959],"type":"Point"},"type":"Feature"},{"properties":{"intensity":0.023615826926702332},"geometry":{"coordinates":[-16.300518838936313,28.472668410639976],"type":"Point"},"type":"Feature"},{"properties":{"intensity":0.009933087672043178},"geometry":{"coordinates":[-16.304056026641522,28.473753684832396],"type":"Point"},"type":"Feature"},{"properties":{"intensity":0.015135893409447961},"geometry":{"coordinates":[-16.307713296899394,28.475460461465367],"type":"Point"},"type":"Feature"},{"properties":{"intensity":0.010801312414827575},"geometry":{"coordinates":[-16.310115339178274,28.477251439527752],"type":"Point"},"type":"Feature"},{"properties":{"intensity":0.030703668210026482},"geometry":{"coordinates":[-16.311159810949277,28.478288314656016],"type":"Point"},"type":"Feature"},{"properties":{"intensity":0.00009218173616910172},"geometry":{"coordinates":[-16.294204054762858,28.494245196100174],"type":"Point"},"type":"Feature"},{"properties":{"intensity":0.020980248705150063},"geometry":{"coordinates":[-16.31172611921376,28.47865289258008],"type":"Point"},"type":"Feature"},{"properties":{"intensity":0.016202442574055904},"geometry":{"coordinates":[-16.310369446121083,28.47714971186611],"type":"Point"},"type":"Feature"},{"properties":{"intensity":0.005894053754348787},"geometry":{"coordinates":[-16.307606386185725,28.475073398309878],"type":"Point"},"type":"Feature"},{"properties":{"intensity":0.007022002805761075},"geometry":{"coordinates":[-16.30426972319214,28.473688457654657],"type":"Point"},"type":"Feature"},{"properties":{"intensity":0.015727941243877042},"geometry":{"coordinates":[-16.30018650115134,28.472220318713582],"type":"Point"},"type":"Feature"},{"properties":{"intensity":0.007719159737117929},"geometry":{"coordinates":[-16.297333944948512,28.47031612558593],"type":"Point"},"type":"Feature"},{"properties":{"intensity":0.013993693774201593},"geometry":{"coordinates":[-16.293768825665815,28.46943852191272],"type":"Point"},"type":"Feature"},{"properties":{"intensity":0.01922627356890002},"geometry":{"coordinates":[-16.28987113248756,28.468924994762343],"type":"Point"},"type":"Feature"},{"properties":{"intensity":0.042418442553175714},"geometry":{"coordinates":[-16.286273399696103,28.467876017967196],"type":"Point"},"type":"Feature"},{"properties":{"intensity":0.02029259178155825},"geometry":{"coordinates":[-16.283501520906707,28.466701822344508],"type":"Point"},"type":"Feature"},{"properties":{"intensity":0.006753031700137224},"geometry":{"coordinates":[-16.292732049274527,28.458103425211522],"type":"Point"},"type":"Feature"},{"properties":{"intensity":0.00021482013481442612},"geometry":{"coordinates":[-16.29321164628369,28.45471433023395],"type":"Point"},"type":"Feature"},{"properties":{"intensity":0.07241341746146142},"geometry":{"coordinates":[-16.297779706616826,28.448280827107066],"type":"Point"},"type":"Feature"},{"properties":{"intensity":0.033440954948978474},"geometry":{"coordinates":[-16.299576882409713,28.446602994591235],"type":"Point"},"type":"Feature"},{"properties":{"intensity":0.07764978611105702},"geometry":{"coordinates":[-16.297330045017123,28.446579308283994],"type":"Point"},"type":"Feature"},{"properties":{"intensity":0.02079641968673995},"geometry":{"coordinates":[-16.295706852524752,28.448291556958868],"type":"Point"},"type":"Feature"},{"properties":{"intensity":0.02929485986715853},"geometry":{"coordinates":[-16.29668007758466,28.449383388463197],"type":"Point"},"type":"Feature"},{"properties":{"intensity":0.018056457576746177},"geometry":{"coordinates":[-16.298353651119264,28.451795268693573],"type":"Point"},"type":"Feature"},{"properties":{"intensity":0.022943939952805532},"geometry":{"coordinates":[-16.299243703542416,28.452761517735883],"type":"Point"},"type":"Feature"},{"properties":{"intensity":0.026215023242567814},"geometry":{"coordinates":[-16.300373367519693,28.452443860623518],"type":"Point"},"type":"Feature"},{"properties":{"intensity":0.012683362920310299},"geometry":{"coordinates":[-16.302125264406552,28.45123574930809],"type":"Point"},"type":"Feature"},{"properties":{"intensity":0.013975413790811606},"geometry":{"coordinates":[-16.30473049896896,28.449667444436958],"type":"Point"},"type":"Feature"},{"properties":{"intensity":0.021952337489232008},"geometry":{"coordinates":[-16.30614324459127,28.44829105198299],"type":"Point"},"type":"Feature"},{"properties":{"intensity":0.015475325709052412},"geometry":{"coordinates":[-16.310262634454464,28.444478823936624],"type":"Point"},"type":"Feature"},{"properties":{"intensity":0.01940123167248985},"geometry":{"coordinates":[-16.313625635087863,28.4422803022796],"type":"Point"},"type":"Feature"},{"properties":{"intensity":0.023607224243987143},"geometry":{"coordinates":[-16.315668716752707,28.440699169416988],"type":"Point"},"type":"Feature"},{"properties":{"intensity":0.019266156134253233},"geometry":{"coordinates":[-16.318388506878208,28.43852480174461],"type":"Point"},"type":"Feature"},{"properties":{"intensity":0.024836781760028452},"geometry":{"coordinates":[-16.319753835235947,28.43582199841483],"type":"Point"},"type":"Feature"},{"properties":{"intensity":0.012296288422143618},"geometry":{"coordinates":[-16.32026186163194,28.433975888723868],"type":"Point"},"type":"Feature"},{"properties":{"intensity":0.012310727909550644},"geometry":{"coordinates":[-16.319488842080922,28.435860669390458],"type":"Point"},"type":"Feature"},{"properties":{"intensity":0.01140651971549169},"geometry":{"coordinates":[-16.318051480303726,28.438519040858356],"type":"Point"},"type":"Feature"},{"properties":{"intensity":0.012125323214057489},"geometry":{"coordinates":[-16.31543188259938,28.44053900159358],"type":"Point"},"type":"Feature"},{"properties":{"intensity":0.013953549608085194},"geometry":{"coordinates":[-16.313460046562646,28.442101392480183],"type":"Point"},"type":"Feature"},{"properties":{"intensity":0.012693398365878423},"geometry":{"coordinates":[-16.309804623583425,28.444600563738557],"type":"Point"},"type":"Feature"},{"properties":{"intensity":0.011806055584993638},"geometry":{"coordinates":[-16.306360666453724,28.44770231265185],"type":"Point"},"type":"Feature"},{"properties":{"intensity":0.012280244718217575},"geometry":{"coordinates":[-16.30427201586982,28.449753069043343],"type":"Point"},"type":"Feature"},{"properties":{"intensity":0.011824684145667239},"geometry":{"coordinates":[-16.301706289008937,28.451212682282804],"type":"Point"},"type":"Feature"},{"properties":{"intensity":0.017656951643018427},"geometry":{"coordinates":[-16.299242379525143,28.45265322529874],"type":"Point"},"type":"Feature"},{"properties":{"intensity":0.013048434963632633},"geometry":{"coordinates":[-16.297897097610797,28.451203946629928],"type":"Point"},"type":"Feature"},{"properties":{"intensity":0.016676202529927686},"geometry":{"coordinates":[-16.29671948888716,28.449265682233545],"type":"Point"},"type":"Feature"},{"properties":{"intensity":0.005383877404895004},"geometry":{"coordinates":[-16.19303340248402,28.503438275201113],"type":"Point"},"type":"Feature"},{"properties":{"intensity":0.004455014700090894},"geometry":{"coordinates":[-16.192240517770607,28.507434530226707],"type":"Point"},"type":"Feature"},{"properties":{"intensity":0.004171371193248249},"geometry":{"coordinates":[-16.193516915820975,28.521882246680452],"type":"Point"},"type":"Feature"},{"properties":{"intensity":0.004193516860104262},"geometry":{"coordinates":[-16.194200195687962,28.52991798739978],"type":"Point"},"type":"Feature"},{"properties":{"intensity":0.004229239977454166},"geometry":{"coordinates":[-16.20018299859752,28.541111029857923],"type":"Point"},"type":"Feature"},{"properties":{"intensity":0.004174426166750875},"geometry":{"coordinates":[-16.196654874828365,28.54184615874852],"type":"Point"},"type":"Feature"},{"properties":{"intensity":0.004171973841743897},"geometry":{"coordinates":[-16.195288425140962,28.543031510435675],"type":"Point"},"type":"Feature"},{"properties":{"intensity":0.004184791073588998},"geometry":{"coordinates":[-16.196343701091845,28.545061979649706],"type":"Point"},"type":"Feature"},{"properties":{"intensity":0.004205851959554675},"geometry":{"coordinates":[-16.204729187402453,28.544518505976754],"type":"Point"},"type":"Feature"},{"properties":{"intensity":0.0000012789599728174639},"geometry":{"coordinates":[-16.206951496603157,28.547585482749355],"type":"Point"},"type":"Feature"},{"properties":{"intensity":0.004771642276164181},"geometry":{"coordinates":[-16.204506074428284,28.55006213187962],"type":"Point"},"type":"Feature"},{"properties":{"intensity":0.00002151886382880382},"geometry":{"coordinates":[-16.196915329882515,28.550418085989303],"type":"Point"},"type":"Feature"},{"properties":{"intensity":0.000022949261038875137},"geometry":{"coordinates":[-16.179522534603898,28.556346654158986],"type":"Point"},"type":"Feature"},{"properties":{"intensity":0.0002023084327743564},"geometry":{"coordinates":[-16.155749571191603,28.563302269716182],"type":"Point"},"type":"Feature"},{"properties":{"intensity":0.00005745765946222845},"geometry":{"coordinates":[-16.155907410413487,28.56558438886836],"type":"Point"},"type":"Feature"},{"properties":{"intensity":0.000009929438996874869},"geometry":{"coordinates":[-16.15691249682695,28.56868061062403],"type":"Point"},"type":"Feature"},{"properties":{"intensity":0.0006476756714204176},"geometry":{"coordinates":[-16.159558491839004,28.56850459201887],"type":"Point"},"type":"Feature"},{"properties":{"intensity":0.000009906106720155506},"geometry":{"coordinates":[-16.156921929725677,28.568608325883172],"type":"Point"},"type":"Feature"},{"properties":{"intensity":0.00002376429879867564},"geometry":{"coordinates":[-16.15607077156064,28.565564946234055],"type":"Point"},"type":"Feature"},{"properties":{"intensity":0.03193691952282335},"geometry":{"coordinates":[-16.27982037487778,28.453631555577868],"type":"Point"},"type":"Feature"},{"properties":{"intensity":0.03397984551379329},"geometry":{"coordinates":[-16.282235247259944,28.45148783460836],"type":"Point"},"type":"Feature"},{"properties":{"intensity":0.046400414679261696},"geometry":{"coordinates":[-16.284421392355192,28.44986068274472],"type":"Point"},"type":"Feature"},{"properties":{"intensity":0.031121224698360803},"geometry":{"coordinates":[-16.289712611116585,28.447454987849728],"type":"Point"},"type":"Feature"},{"properties":{"intensity":0.04724201856942701},"geometry":{"coordinates":[-16.292847896166357,28.446640020038075],"type":"Point"},"type":"Feature"},{"properties":{"intensity":0.06850023999766511},"geometry":{"coordinates":[-16.29575999571848,28.448462534152217],"type":"Point"},"type":"Feature"},{"properties":{"intensity":0.000013173280920935247},"geometry":{"coordinates":[-16.17980712442604,28.55619977256611],"type":"Point"},"type":"Feature"},{"properties":{"intensity":0.00000525007776769404},"geometry":{"coordinates":[-16.196946502553917,28.550462938602067],"type":"Point"},"type":"Feature"},{"properties":{"intensity":0.020503896164832572},"geometry":{"coordinates":[-16.301263219597935,28.443382850667078],"type":"Point"},"type":"Feature"},{"properties":{"intensity":0.004221477754048588},"geometry":{"coordinates":[-16.20511983153178,28.550101812184806],"type":"Point"},"type":"Feature"},{"properties":{"intensity":0.0000025691749565737527},"geometry":{"coordinates":[-16.206930438243834,28.547531517094285],"type":"Point"},"type":"Feature"},{"properties":{"intensity":0.015124242126936905},"geometry":{"coordinates":[-16.302716476187374,28.441148690211396],"type":"Point"},"type":"Feature"},{"properties":{"intensity":0.023099665638797416},"geometry":{"coordinates":[-16.305637990485415,28.437916664912805],"type":"Point"},"type":"Feature"},{"properties":{"intensity":0.019784858069577492},"geometry":{"coordinates":[-16.30777599471704,28.43574808539681],"type":"Point"},"type":"Feature"},{"properties":{"intensity":0.013808389115650776},"geometry":{"coordinates":[-16.310957353270048,28.433740911368588],"type":"Point"},"type":"Feature"},{"properties":{"intensity":0.000042351805679182185},"geometry":{"coordinates":[-16.203130164011107,28.54771868189065],"type":"Point"},"type":"Feature"},{"properties":{"intensity":0.004994077104448601},"geometry":{"coordinates":[-16.31774600272716,28.42457773533083],"type":"Point"},"type":"Feature"},{"properties":{"intensity":0.004749503805629206},"geometry":{"coordinates":[-16.319011649752948,28.42290480097251],"type":"Point"},"type":"Feature"},{"properties":{"intensity":0.006332677516212592},"geometry":{"coordinates":[-16.320627028791105,28.420623760188068],"type":"Point"},"type":"Feature"},{"properties":{"intensity":0.005208473094423564},"geometry":{"coordinates":[-16.32581341682413,28.418181619186203],"type":"Point"},"type":"Feature"},{"properties":{"intensity":0.00008970791196108655},"geometry":{"coordinates":[-16.212188324942723,28.55680797500741],"type":"Point"},"type":"Feature"},{"properties":{"intensity":0.005383408104030093},"geometry":{"coordinates":[-16.327678209306075,28.41954433555036],"type":"Point"},"type":"Feature"},{"properties":{"intensity":0.004404937672474011},"geometry":{"coordinates":[-16.213769865448032,28.557443674192093],"type":"Point"},"type":"Feature"},{"properties":{"intensity":0.0047045490599606325},"geometry":{"coordinates":[-16.216490415029828,28.559341738654236],"type":"Point"},"type":"Feature"},{"properties":{"intensity":0.004418887549149725},"geometry":{"coordinates":[-16.216254326984163,28.561925131554005],"type":"Point"},"type":"Feature"},{"properties":{"intensity":0.0042551197731864965},"geometry":{"coordinates":[-16.215746404974738,28.56131595224731],"type":"Point"},"type":"Feature"},{"properties":{"intensity":0.005543767769302232},"geometry":{"coordinates":[-16.330595867898108,28.421826355315087],"type":"Point"},"type":"Feature"},{"properties":{"intensity":0.004419050429963917},"geometry":{"coordinates":[-16.214255784687523,28.56415426113215],"type":"Point"},"type":"Feature"},{"properties":{"intensity":0.004316047830735247},"geometry":{"coordinates":[-16.331632016003137,28.423043678574363],"type":"Point"},"type":"Feature"},{"properties":{"intensity":0.00501480433078517},"geometry":{"coordinates":[-16.204400185746778,28.569494901729627],"type":"Point"},"type":"Feature"},{"properties":{"intensity":0.007070814121921849},"geometry":{"coordinates":[-16.333694116078416,28.42384480340184],"type":"Point"},"type":"Feature"},{"properties":{"intensity":0.00438635364317887},"geometry":{"coordinates":[-16.202783044928616,28.571133827706557],"type":"Point"},"type":"Feature"},{"properties":{"intensity":0.00478511646250225},"geometry":{"coordinates":[-16.199850457704898,28.572179668107875],"type":"Point"},"type":"Feature"},{"properties":{"intensity":0.0029176469121142655},"geometry":{"coordinates":[-16.19886813154709,28.571204575741532],"type":"Point"},"type":"Feature"},{"properties":{"intensity":0.0044467130584150945},"geometry":{"coordinates":[-16.199953096124126,28.57221486229365],"type":"Point"},"type":"Feature"},{"properties":{"intensity":0.00011462945524478001},"geometry":{"coordinates":[-16.33582171941883,28.422542338214683],"type":"Point"},"type":"Feature"},{"properties":{"intensity":0.00429042941960334},"geometry":{"coordinates":[-16.20279408888965,28.571205933453015],"type":"Point"},"type":"Feature"},{"properties":{"intensity":0.004538956621450243},"geometry":{"coordinates":[-16.20430063178783,28.56973044713645],"type":"Point"},"type":"Feature"},{"properties":{"intensity":0.00004607613548824633},"geometry":{"coordinates":[-16.338612757497163,28.419608749930465],"type":"Point"},"type":"Feature"},{"properties":{"intensity":0.004332804746125241},"geometry":{"coordinates":[-16.2143169097673,28.564135663321228],"type":"Point"},"type":"Feature"},{"properties":{"intensity":0.004465774867680408},"geometry":{"coordinates":[-16.215888368751806,28.561215400602094],"type":"Point"},"type":"Feature"},{"properties":{"intensity":0.0043342359655901535},"geometry":{"coordinates":[-16.216173278645407,28.561989035958483],"type":"Point"},"type":"Feature"},{"properties":{"intensity":0.0009766467426519949},"geometry":{"coordinates":[-16.340040592456614,28.415443026461183],"type":"Point"},"type":"Feature"},{"properties":{"intensity":0.004556437093975382},"geometry":{"coordinates":[-16.21660305989651,28.55935877987346],"type":"Point"},"type":"Feature"},{"properties":{"intensity":0.000038088434731893854},"geometry":{"coordinates":[-16.33855049003525,28.419528133644796],"type":"Point"},"type":"Feature"},{"properties":{"intensity":0.004413617925831829},"geometry":{"coordinates":[-16.213831400918753,28.557461174804747],"type":"Point"},"type":"Feature"},{"properties":{"intensity":0.00010220001586664778},"geometry":{"coordinates":[-16.21209498887233,28.556691477591468],"type":"Point"},"type":"Feature"},{"properties":{"intensity":0.00003505944883651171},"geometry":{"coordinates":[-16.335678015394972,28.42248057044972],"type":"Point"},"type":"Feature"},{"properties":{"intensity":0.005273580282158436},"geometry":{"coordinates":[-16.333775441193445,28.423816930485913],"type":"Point"},"type":"Feature"},{"properties":{"intensity":0.004385878209398069},"geometry":{"coordinates":[-16.331518485760945,28.42294550964783],"type":"Point"},"type":"Feature"},{"properties":{"intensity":0.004813655170502199},"geometry":{"coordinates":[-16.330656550910806,28.421780635217367],"type":"Point"},"type":"Feature"},{"properties":{"intensity":0.004823751481012321},"geometry":{"coordinates":[-16.328203306269913,28.419900230318962],"type":"Point"},"type":"Feature"},{"properties":{"intensity":0.004721326878040588},"geometry":{"coordinates":[-16.325862768094126,28.418045757406013],"type":"Point"},"type":"Feature"},{"properties":{"intensity":0.000037600614544160995},"geometry":{"coordinates":[-16.203220404572818,28.54756444890106],"type":"Point"},"type":"Feature"},{"properties":{"intensity":0.0051549324262830385},"geometry":{"coordinates":[-16.320213211173314,28.421006841306372],"type":"Point"},"type":"Feature"},{"properties":{"intensity":0.004610644401465663},"geometry":{"coordinates":[-16.318506504095385,28.423333889055],"type":"Point"},"type":"Feature"},{"properties":{"intensity":0.004216408390144758},"geometry":{"coordinates":[-16.20487031847959,28.544345769383575],"type":"Point"},"type":"Feature"},{"properties":{"intensity":0.00043727278074197866},"geometry":{"coordinates":[-16.317065851617997,28.424891181673175],"type":"Point"},"type":"Feature"},{"properties":{"intensity":0.0007838338421455619},"geometry":{"coordinates":[-16.31384749344897,28.427178637479983],"type":"Point"},"type":"Feature"},{"properties":{"intensity":0.00417754089289356},"geometry":{"coordinates":[-16.196352697494447,28.544953594373467],"type":"Point"},"type":"Feature"},{"properties":{"intensity":0.016428974677809585},"geometry":{"coordinates":[-16.310648077232564,28.43350020342968],"type":"Point"},"type":"Feature"},{"properties":{"intensity":0.021344940593761793},"geometry":{"coordinates":[-16.307652484227734,28.435668043281293],"type":"Point"},"type":"Feature"},{"properties":{"intensity":0.004171778206717729},"geometry":{"coordinates":[-16.195287202465323,28.542923215142054],"type":"Point"},"type":"Feature"},{"properties":{"intensity":0.024807348234967896},"geometry":{"coordinates":[-16.30546376370626,28.437864183686997],"type":"Point"},"type":"Feature"},{"properties":{"intensity":0.0041719850967548355},"geometry":{"coordinates":[-16.196060918751858,28.540840535517496],"type":"Point"},"type":"Feature"},{"properties":{"intensity":0.0198787376581959},"geometry":{"coordinates":[-16.302141698919986,28.44174084432375],"type":"Point"},"type":"Feature"},{"properties":{"intensity":0.004215013591043185},"geometry":{"coordinates":[-16.200295519533547,28.541119060726764],"type":"Point"},"type":"Feature"},{"properties":{"intensity":0.023513634960763793},"geometry":{"coordinates":[-16.30092849589205,28.443566559733906],"type":"Point"},"type":"Feature"},{"properties":{"intensity":0.05349722557886817},"geometry":{"coordinates":[-16.292591428508022,28.44654317673334],"type":"Point"},"type":"Feature"},{"properties":{"intensity":0.004201306836201919},"geometry":{"coordinates":[-16.198699108904748,28.532820672215994],"type":"Point"},"type":"Feature"},{"properties":{"intensity":0.03774501089697874},"geometry":{"coordinates":[-16.287829570394056,28.447960197833194],"type":"Point"},"type":"Feature"},{"properties":{"intensity":0.060847321194891196},"geometry":{"coordinates":[-16.284227715000842,28.449889587332972],"type":"Point"},"type":"Feature"},{"properties":{"intensity":0.041630474595421685},"geometry":{"coordinates":[-16.281766632996984,28.45158250484452],"type":"Point"},"type":"Feature"},{"properties":{"intensity":0.038108626626151776},"geometry":{"coordinates":[-16.27961571731585,28.453597378835706],"type":"Point"},"type":"Feature"},{"properties":{"intensity":0.00417153919615749},"geometry":{"coordinates":[-16.1938207119398,28.5216358877056],"type":"Point"},"type":"Feature"},{"properties":{"intensity":0.004366386892047938},"geometry":{"coordinates":[-16.192979733444567,28.50684138135457],"type":"Point"},"type":"Feature"},{"properties":{"intensity":0.004532868566184567},"geometry":{"coordinates":[-16.193583847103618,28.50513927203372],"type":"Point"},"type":"Feature"},{"properties":{"intensity":0.004584722890115484},"geometry":{"coordinates":[-16.193045953988957,28.503645752867307],"type":"Point"},"type":"Feature"},{"properties":{"intensity":0.0007770222297447404},"geometry":{"coordinates":[-16.362597093980234,28.48997569626909],"type":"Point"},"type":"Feature"},{"properties":{"intensity":0.00015885098069264538},"geometry":{"coordinates":[-16.362995156597577,28.486767741553304],"type":"Point"},"type":"Feature"},{"properties":{"intensity":0.0005022426700019925},"geometry":{"coordinates":[-16.363365920238664,28.483821791000846],"type":"Point"},"type":"Feature"},{"properties":{"intensity":0.0004012674286859956},"geometry":{"coordinates":[-16.363780439224463,28.479512585716087],"type":"Point"},"type":"Feature"},{"properties":{"intensity":0.00009343818612004152},"geometry":{"coordinates":[-16.36399705161068,28.47570175231216],"type":"Point"},"type":"Feature"},{"properties":{"intensity":0.0002089579866158281},"geometry":{"coordinates":[-16.36554418843901,28.4736916409413],"type":"Point"},"type":"Feature"},{"properties":{"intensity":0.0009646312719140741},"geometry":{"coordinates":[-16.369700696171535,28.472061392303438],"type":"Point"},"type":"Feature"},{"properties":{"intensity":0.0002816011071925163},"geometry":{"coordinates":[-16.37392331288297,28.471603633835684],"type":"Point"},"type":"Feature"},{"properties":{"intensity":0.0004933116379593062},"geometry":{"coordinates":[-16.379210088544614,28.471297410724674],"type":"Point"},"type":"Feature"},{"properties":{"intensity":0.0002516899959024052},"geometry":{"coordinates":[-16.38311897616886,28.47106818044749],"type":"Point"},"type":"Feature"},{"properties":{"intensity":0.0008664243027596439},"geometry":{"coordinates":[-16.387517988232798,28.470048643927278],"type":"Point"},"type":"Feature"},{"properties":{"intensity":0.00014147041531311708},"geometry":{"coordinates":[-16.391394627538112,28.469702178370436],"type":"Point"},"type":"Feature"},{"properties":{"intensity":0.0002167432857412806},"geometry":{"coordinates":[-16.395324787576897,28.46954458305619],"type":"Point"},"type":"Feature"},{"properties":{"intensity":0.0044880870135111306},"geometry":{"coordinates":[-16.399433279212754,28.468969880247535],"type":"Point"},"type":"Feature"},{"properties":{"intensity":0.004561271762565721},"geometry":{"coordinates":[-16.403072283064102,28.46765080782684],"type":"Point"},"type":"Feature"},{"properties":{"intensity":0.0006183773848252059},"geometry":{"coordinates":[-16.405509662006594,28.465062486383985],"type":"Point"},"type":"Feature"},{"properties":{"intensity":0.00013408334141073091},"geometry":{"coordinates":[-16.40890361295278,28.463763844807083],"type":"Point"},"type":"Feature"},{"properties":{"intensity":0.00020241421627901208},"geometry":{"coordinates":[-16.412056496723473,28.462007339013198],"type":"Point"},"type":"Feature"},{"properties":{"intensity":0.000623872606069029},"geometry":{"coordinates":[-16.416026545040516,28.461036473081652],"type":"Point"},"type":"Feature"},{"properties":{"intensity":0.00011010070899801134},"geometry":{"coordinates":[-16.41947800689586,28.457182851605722],"type":"Point"},"type":"Feature"},{"properties":{"intensity":0.00019297038726219013},"geometry":{"coordinates":[-16.42064316449622,28.45572666115315],"type":"Point"},"type":"Feature"},{"properties":{"intensity":0.000041060768440584185},"geometry":{"coordinates":[-16.4226477941477,28.4551912771554],"type":"Point"},"type":"Feature"},{"properties":{"intensity":0.00015707990069188763},"geometry":{"coordinates":[-16.42406991260014,28.45462586247494],"type":"Point"},"type":"Feature"},{"properties":{"intensity":0.00027161457088610563},"geometry":{"coordinates":[-16.42609620911545,28.452664226217763],"type":"Point"},"type":"Feature"},{"properties":{"intensity":0.00016286446320075328},"geometry":{"coordinates":[-16.428217984600483,28.450214200191642],"type":"Point"},"type":"Feature"},{"properties":{"intensity":0.0011461011802136188},"geometry":{"coordinates":[-16.429143245062903,28.44915756555497],"type":"Point"},"type":"Feature"},{"properties":{"intensity":0.00029526530875455243},"geometry":{"coordinates":[-16.42805607671035,28.450324201670288],"type":"Point"},"type":"Feature"},{"properties":{"intensity":0.0006536309447533542},"geometry":{"coordinates":[-16.42595386852722,28.452710844052017],"type":"Point"},"type":"Feature"},{"properties":{"intensity":0.00038147638989903017},"geometry":{"coordinates":[-16.424078550964612,28.454508444913543],"type":"Point"},"type":"Feature"},{"properties":{"intensity":0.00010713880804541812},"geometry":{"coordinates":[-16.422340990222214,28.455158384641482],"type":"Point"},"type":"Feature"},{"properties":{"intensity":0.0004363427415148049},"geometry":{"coordinates":[-16.420763159484206,28.45553587939965],"type":"Point"},"type":"Feature"},{"properties":{"intensity":0.0002728622325906318},"geometry":{"coordinates":[-16.41926466300775,28.457266304218106],"type":"Point"},"type":"Feature"},{"properties":{"intensity":0.0014968846203975575},"geometry":{"coordinates":[-16.418571195628576,28.45810385352404],"type":"Point"},"type":"Feature"},{"properties":{"intensity":0.0014872993417767348},"geometry":{"coordinates":[-16.415994588015785,28.460937528858555],"type":"Point"},"type":"Feature"},{"properties":{"intensity":0.0004779425510936132},"geometry":{"coordinates":[-16.419047394172694,28.46087863862855],"type":"Point"},"type":"Feature"},{"properties":{"intensity":0.00020857531624390806},"geometry":{"coordinates":[-16.422325082587502,28.46083537887708],"type":"Point"},"type":"Feature"},{"properties":{"intensity":0.00011472151697397173},"geometry":{"coordinates":[-16.42607042111356,28.46063371037417],"type":"Point"},"type":"Feature"},{"properties":{"intensity":0.0001287597892275131},"geometry":{"coordinates":[-16.42660683044035,28.458750853773406],"type":"Point"},"type":"Feature"},{"properties":{"intensity":0.00011917413347469264},"geometry":{"coordinates":[-16.42631138537729,28.4572828517497],"type":"Point"},"type":"Feature"},{"properties":{"intensity":0.00013984191631235317},"geometry":{"coordinates":[-16.426863561389126,28.45581498570513],"type":"Point"},"type":"Feature"},{"properties":{"intensity":0.000027771648390893828},"geometry":{"coordinates":[-16.426662804883613,28.454553569197778],"type":"Point"},"type":"Feature"},{"properties":{"intensity":0.0000731929716030072},"geometry":{"coordinates":[-16.42649725442911,28.454392852394744],"type":"Point"},"type":"Feature"},{"properties":{"intensity":0.00008282484678642233},"geometry":{"coordinates":[-16.426719157060774,28.455708198398174],"type":"Point"},"type":"Feature"},{"properties":{"intensity":0.00007251785951267655},"geometry":{"coordinates":[-16.42620903435035,28.45726587457597],"type":"Point"},"type":"Feature"},{"properties":{"intensity":0.00008971505569781678},"geometry":{"coordinates":[-16.426515779507877,28.45881498474045],"type":"Point"},"type":"Feature"},{"properties":{"intensity":0.00015518943598616275},"geometry":{"coordinates":[-16.427361032963795,28.46091800303866],"type":"Point"},"type":"Feature"},{"properties":{"intensity":0.00021435987875277368},"geometry":{"coordinates":[-16.427321521846345,28.46101769429707],"type":"Point"},"type":"Feature"},{"properties":{"intensity":0.00012781335748781122},"geometry":{"coordinates":[-16.426161352687032,28.460560555774496],"type":"Point"},"type":"Feature"},{"properties":{"intensity":0.0005595007037389975},"geometry":{"coordinates":[-16.41276661327765,28.461647983066175],"type":"Point"},"type":"Feature"},{"properties":{"intensity":0.0006748287919168264},"geometry":{"coordinates":[-16.408922120870596,28.463619250123752],"type":"Point"},"type":"Feature"},{"properties":{"intensity":0.0035066988913410226},"geometry":{"coordinates":[-16.405762685492647,28.464888392763537],"type":"Point"},"type":"Feature"},{"properties":{"intensity":0.001140883479525903},"geometry":{"coordinates":[-16.402878136339194,28.46764378546281],"type":"Point"},"type":"Feature"},{"properties":{"intensity":0.001118281222759603},"geometry":{"coordinates":[-16.399523761108064,28.4688606467472],"type":"Point"},"type":"Feature"},{"properties":{"intensity":0.0007513897876962187},"geometry":{"coordinates":[-16.395660840983552,28.469468933010038],"type":"Point"},"type":"Feature"},{"properties":{"intensity":0.00048189893629218536},"geometry":{"coordinates":[-16.391281583692574,28.469649183624135],"type":"Point"},"type":"Feature"},{"properties":{"intensity":0.0027126895610702292},"geometry":{"coordinates":[-16.386925087020273,28.470009565833905],"type":"Point"},"type":"Feature"},{"properties":{"intensity":0.0009291817370055268},"geometry":{"coordinates":[-16.382823286936084,28.47110728844145],"type":"Point"},"type":"Feature"},{"properties":{"intensity":0.0015683509663455657},"geometry":{"coordinates":[-16.379106674990364,28.47119918189011],"type":"Point"},"type":"Feature"},{"properties":{"intensity":0.0006574987458081002},"geometry":{"coordinates":[-16.37361670495946,28.47158868073059],"type":"Point"},"type":"Feature"},{"properties":{"intensity":0.0006057309163884816},"geometry":{"coordinates":[-16.369698600785622,28.471898958779935],"type":"Point"},"type":"Feature"},{"properties":{"intensity":0.0006696726089540064},"geometry":{"coordinates":[-16.365391113727355,28.473702203309703],"type":"Point"},"type":"Feature"},{"properties":{"intensity":0.00030498741259147704},"geometry":{"coordinates":[-16.363905251290227,28.475711698410073],"type":"Point"},"type":"Feature"},{"properties":{"intensity":0.0016989632233966262},"geometry":{"coordinates":[-16.363708714355642,28.47949525460889],"type":"Point"},"type":"Feature"},{"properties":{"intensity":0.0030522684724083784},"geometry":{"coordinates":[-16.36326586980428,28.483985248905302],"type":"Point"},"type":"Feature"},{"properties":{"intensity":0.0006146239669555304},"geometry":{"coordinates":[-16.362977988046147,28.486226398518944],"type":"Point"},"type":"Feature"},{"properties":{"intensity":0.0010661387723570226},"geometry":{"coordinates":[-16.36253221568868,28.489696563863465],"type":"Point"},"type":"Feature"},{"properties":{"intensity":0.000021599481981057866},"geometry":{"coordinates":[-16.377907891907896,28.496084855369897],"type":"Point"},"type":"Feature"},{"properties":{"intensity":0.00012640755993214501},"geometry":{"coordinates":[-16.381047481092676,28.49633277068731],"type":"Point"},"type":"Feature"},{"properties":{"intensity":0.0000708456078458431},"geometry":{"coordinates":[-16.38345775891895,28.497842541165095],"type":"Point"},"type":"Feature"},{"properties":{"intensity":0.00008518922133841727},"geometry":{"coordinates":[-16.385421115508755,28.499546352614722],"type":"Point"},"type":"Feature"},{"properties":{"intensity":0.0005732624290795061},"geometry":{"coordinates":[-16.387979913728874,28.50068449215044],"type":"Point"},"type":"Feature"},{"properties":{"intensity":0.001385909838085915},"geometry":{"coordinates":[-16.38936814148149,28.502150435986298],"type":"Point"},"type":"Feature"},{"properties":{"intensity":0.0002770061508421066},"geometry":{"coordinates":[-16.38795794795975,28.5005673891102],"type":"Point"},"type":"Feature"},{"properties":{"intensity":0.0001023763618994581},"geometry":{"coordinates":[-16.385451171449546,28.4995009202631],"type":"Point"},"type":"Feature"},{"properties":{"intensity":0.00006215579657107606},"geometry":{"coordinates":[-16.383600179825102,28.497795965346597],"type":"Point"},"type":"Feature"},{"properties":{"intensity":0.00013176354177964726},"geometry":{"coordinates":[-16.381005329387296,28.496233921762887],"type":"Point"},"type":"Feature"},{"properties":{"intensity":0.00006671590907698241},"geometry":{"coordinates":[-16.377692677454228,28.49603288581967],"type":"Point"},"type":"Feature"},{"properties":{"intensity":0.004636747736304473},"geometry":{"coordinates":[-16.37488001418051,28.49499639191164],"type":"Point"},"type":"Feature"},{"properties":{"intensity":0.004352981487746648},"geometry":{"coordinates":[-16.37292304372934,28.49455588752082],"type":"Point"},"type":"Feature"},{"properties":{"intensity":0.004552056767909886},"geometry":{"coordinates":[-16.367310358532706,28.492653990154484],"type":"Point"},"type":"Feature"},{"properties":{"intensity":0.006188915369466307},"geometry":{"coordinates":[-16.30622586821126,28.482415272646925],"type":"Point"},"type":"Feature"},{"properties":{"intensity":0.0063412433773434845},"geometry":{"coordinates":[-16.307079170671766,28.48285834028802],"type":"Point"},"type":"Feature"},{"properties":{"intensity":0.019343925249328934},"geometry":{"coordinates":[-16.308923954913176,28.48169437041445],"type":"Point"},"type":"Feature"},{"properties":{"intensity":0.017450263776450516},"geometry":{"coordinates":[-16.310391427225316,28.479757831689206],"type":"Point"},"type":"Feature"},{"properties":{"intensity":0.015806146518601197},"geometry":{"coordinates":[-16.31334476545838,28.482337665306783],"type":"Point"},"type":"Feature"},{"properties":{"intensity":0.010390177117633626},"geometry":{"coordinates":[-16.313659935921528,28.48799351744415],"type":"Point"},"type":"Feature"},{"properties":{"intensity":0.0011288821385085242},"geometry":{"coordinates":[-16.189159761793466,28.51061144567772],"type":"Point"},"type":"Feature"},{"properties":{"intensity":0.00021116725777920462},"geometry":{"coordinates":[-16.179010007854774,28.512153013286664],"type":"Point"},"type":"Feature"},{"properties":{"intensity":0.02591392420483492},"geometry":{"coordinates":[-16.32331707793376,28.489091196001116],"type":"Point"},"type":"Feature"},{"properties":{"intensity":0.0006358874585246471},"geometry":{"coordinates":[-16.175166681742656,28.517565552756235],"type":"Point"},"type":"Feature"},{"properties":{"intensity":0.000535975158943716},"geometry":{"coordinates":[-16.3262203698994,28.48435168114815],"type":"Point"},"type":"Feature"},{"properties":{"intensity":0.0003612237750884204},"geometry":{"coordinates":[-16.326732366684542,28.483633684541],"type":"Point"},"type":"Feature"},{"properties":{"intensity":0.00038113115071129115},"geometry":{"coordinates":[-16.32749518580241,28.482552224058843],"type":"Point"},"type":"Feature"},{"properties":{"intensity":0.00025697193763638714},"geometry":{"coordinates":[-16.32865489907166,28.480537272521314],"type":"Point"},"type":"Feature"},{"properties":{"intensity":0.0004961360646004146},"geometry":{"coordinates":[-16.3261010441424,28.48215968952282],"type":"Point"},"type":"Feature"},{"properties":{"intensity":0.00014274627483256655},"geometry":{"coordinates":[-16.324552538393515,28.48331197678046],"type":"Point"},"type":"Feature"},{"properties":{"intensity":0.00003750178621023671},"geometry":{"coordinates":[-16.16403807199234,28.520314885432757],"type":"Point"},"type":"Feature"},{"properties":{"intensity":0.0006319517502722705},"geometry":{"coordinates":[-16.155536746257702,28.52414211580745],"type":"Point"},"type":"Feature"},{"properties":{"intensity":0.08761052627057714},"geometry":{"coordinates":[-16.325726495666903,28.488156161463326],"type":"Point"},"type":"Feature"},{"properties":{"intensity":0.00022117263795612847},"geometry":{"coordinates":[-16.155615222687427,28.52758922615965],"type":"Point"},"type":"Feature"},{"properties":{"intensity":0.0005039159478962067},"geometry":{"coordinates":[-16.15685388819234,28.5287159062831],"type":"Point"},"type":"Feature"},{"properties":{"intensity":0.00216607406436481},"geometry":{"coordinates":[-16.15437638688924,28.526444484267746],"type":"Point"},"type":"Feature"},{"properties":{"intensity":0.00028183700189284754},"geometry":{"coordinates":[-16.156956175146345,28.528724060604826],"type":"Point"},"type":"Feature"},{"properties":{"intensity":0.00028443843335424694},"geometry":{"coordinates":[-16.155727825679808,28.527606319255682],"type":"Point"},"type":"Feature"},{"properties":{"intensity":0.0003566889485100682},"geometry":{"coordinates":[-16.15568226482624,28.52436651778009],"type":"Point"},"type":"Feature"},{"properties":{"intensity":0.005599275128021289},"geometry":{"coordinates":[-16.316514816141307,28.48672942688822],"type":"Point"},"type":"Feature"},{"properties":{"intensity":0.00009373713788633951},"geometry":{"coordinates":[-16.164080133642933,28.520422832076257],"type":"Point"},"type":"Feature"},{"properties":{"intensity":0.004501400717808686},"geometry":{"coordinates":[-16.309112569662258,28.477938000567452],"type":"Point"},"type":"Feature"},{"properties":{"intensity":0.0001452773169252701},"geometry":{"coordinates":[-16.175157564797516,28.517664912922207],"type":"Point"},"type":"Feature"},{"properties":{"intensity":0.004527351212050864},"geometry":{"coordinates":[-16.30819040075066,28.479363859552258],"type":"Point"},"type":"Feature"},{"properties":{"intensity":0.0010996829213975416},"geometry":{"coordinates":[-16.30852824635678,28.48025412031629],"type":"Point"},"type":"Feature"},{"properties":{"intensity":0.000003825624907513567},"geometry":{"coordinates":[-16.178869275915424,28.512361822591913],"type":"Point"},"type":"Feature"},{"properties":{"intensity":0.00036602370500286765},"geometry":{"coordinates":[-16.1893600605098,28.51116025147287],"type":"Point"},"type":"Feature"},{"properties":{"intensity":0.06017750266839638},"geometry":{"coordinates":[-16.27693303658712,28.442810068715445],"type":"Point"},"type":"Feature"},{"properties":{"intensity":0.05926661857752795},"geometry":{"coordinates":[-16.292436872605723,28.432149046368068],"type":"Point"},"type":"Feature"},{"properties":{"intensity":0.005443645856362824},"geometry":{"coordinates":[-16.307950765716825,28.425881606780084],"type":"Point"},"type":"Feature"},{"properties":{"intensity":0.0044687142432045844},"geometry":{"coordinates":[-16.308079148039052,28.42801940212764],"type":"Point"},"type":"Feature"},{"properties":{"intensity":0.009148923527458438},"geometry":{"coordinates":[-16.308103894351387,28.429201496480598],"type":"Point"},"type":"Feature"},{"properties":{"intensity":0.010975834451387913},"geometry":{"coordinates":[-16.30711708346776,28.43032110472242],"type":"Point"},"type":"Feature"},{"properties":{"intensity":0.0010891850286541397},"geometry":{"coordinates":[-16.33773772563361,28.522803873478324],"type":"Point"},"type":"Feature"},{"properties":{"intensity":0.01660366039548801},"geometry":{"coordinates":[-16.30588640927499,28.428211938755908],"type":"Point"},"type":"Feature"},{"properties":{"intensity":0.00018727257582146824},"geometry":{"coordinates":[-16.338782059112688,28.52458058498302],"type":"Point"},"type":"Feature"},{"properties":{"intensity":0.000054020204153681754},"geometry":{"coordinates":[-16.343375455770005,28.524174222543337],"type":"Point"},"type":"Feature"},{"properties":{"intensity":0.03982904691208167},"geometry":{"coordinates":[-16.305772377312337,28.426407944149062],"type":"Point"},"type":"Feature"},{"properties":{"intensity":0.050370577268077144},"geometry":{"coordinates":[-16.30318920661547,28.42389654612355],"type":"Point"},"type":"Feature"},{"properties":{"intensity":0.00023541216503803657},"geometry":{"coordinates":[-16.34957869744856,28.52259648983522],"type":"Point"},"type":"Feature"},{"properties":{"intensity":0.05519457564842886},"geometry":{"coordinates":[-16.302543747970898,28.42204347969385],"type":"Point"},"type":"Feature"},{"properties":{"intensity":0.0000898448051680347},"geometry":{"coordinates":[-16.35358248288748,28.52084185749079],"type":"Point"},"type":"Feature"},{"properties":{"intensity":0.04706331733837722},"geometry":{"coordinates":[-16.30077892145568,28.421320265424136],"type":"Point"},"type":"Feature"},{"properties":{"intensity":0.05596869880235824},"geometry":{"coordinates":[-16.29695887606103,28.422845911652566],"type":"Point"},"type":"Feature"},{"properties":{"intensity":0.000040724128933259995},"geometry":{"coordinates":[-16.35627315121624,28.520291556162068],"type":"Point"},"type":"Feature"},{"properties":{"intensity":0.046603376204975774},"geometry":{"coordinates":[-16.295977167182002,28.424389589721585],"type":"Point"},"type":"Feature"},{"properties":{"intensity":0.04512168921272053},"geometry":{"coordinates":[-16.297011329780297,28.426311189818016],"type":"Point"},"type":"Feature"},{"properties":{"intensity":0.05069119279690352},"geometry":{"coordinates":[-16.298247136327902,28.427183904709516],"type":"Point"},"type":"Feature"},{"properties":{"intensity":0.03859248933827823},"geometry":{"coordinates":[-16.301150661513297,28.42750817553134],"type":"Point"},"type":"Feature"},{"properties":{"intensity":0.0001403037488928427},"geometry":{"coordinates":[-16.361347072454343,28.519130700000876],"type":"Point"},"type":"Feature"},{"properties":{"intensity":0.00014865280938607697},"geometry":{"coordinates":[-16.362538310801835,28.517205411412377],"type":"Point"},"type":"Feature"},{"properties":{"intensity":0.00008176504268249052},"geometry":{"coordinates":[-16.360744061657687,28.5135501305426],"type":"Point"},"type":"Feature"},{"properties":{"intensity":0.00010873208606968095},"geometry":{"coordinates":[-16.360526159655958,28.50931045631763],"type":"Point"},"type":"Feature"},{"properties":{"intensity":0.00004665279637665039},"geometry":{"coordinates":[-16.364244947185718,28.50610531483884],"type":"Point"},"type":"Feature"},{"properties":{"intensity":0.00007485580133458411},"geometry":{"coordinates":[-16.36571308458881,28.503482277157435],"type":"Point"},"type":"Feature"},{"properties":{"intensity":0.05122498019513271},"geometry":{"coordinates":[-16.290780818704558,28.431984251767584],"type":"Point"},"type":"Feature"},{"properties":{"intensity":0.0000338253203414507},"geometry":{"coordinates":[-16.361299730294736,28.498734158777232],"type":"Point"},"type":"Feature"},{"properties":{"intensity":0.05709094719778237},"geometry":{"coordinates":[-16.27631970331064,28.44530685484536],"type":"Point"},"type":"Feature"},{"properties":{"intensity":0.00014872135027255048},"geometry":{"coordinates":[-16.358194231036215,28.496364513457486],"type":"Point"},"type":"Feature"},{"properties":{"intensity":0.004443849608664428},"geometry":{"coordinates":[-16.355900049029724,28.493517388528243],"type":"Point"},"type":"Feature"},{"properties":{"intensity":0.0042435557022729685},"geometry":{"coordinates":[-16.35651801117126,28.492310863250573],"type":"Point"},"type":"Feature"},{"properties":{"intensity":0.00003054259128952472},"geometry":{"coordinates":[-16.356150235394107,28.491511284969445],"type":"Point"},"type":"Feature"},{"properties":{"intensity":0.000032094326855397967},"geometry":{"coordinates":[-16.35596303014366,28.49125142001572],"type":"Point"},"type":"Feature"},{"properties":{"intensity":0.00003613379697074921},"geometry":{"coordinates":[-16.356518703498754,28.492365007893852],"type":"Point"},"type":"Feature"},{"properties":{"intensity":0.00024255491771913546},"geometry":{"coordinates":[-16.355351685250128,28.493775564953555],"type":"Point"},"type":"Feature"},{"properties":{"intensity":0.00017991414485684937},"geometry":{"coordinates":[-16.358338048989726,28.49642625293801],"type":"Point"},"type":"Feature"},{"properties":{"intensity":0.00006840883769001124},"geometry":{"coordinates":[-16.361527822989068,28.498993605856764],"type":"Point"},"type":"Feature"},{"properties":{"intensity":0.00009510677163551045},"geometry":{"coordinates":[-16.365661193135118,28.503419622079214],"type":"Point"},"type":"Feature"},{"properties":{"intensity":0.00005309628243585756},"geometry":{"coordinates":[-16.364364169781336,28.505842386263673],"type":"Point"},"type":"Feature"},{"properties":{"intensity":0.00020988399796617976},"geometry":{"coordinates":[-16.360414360817767,28.509356701886485],"type":"Point"},"type":"Feature"},{"properties":{"intensity":0.00013355252282092387},"geometry":{"coordinates":[-16.360787360879037,28.51373922654921],"type":"Point"},"type":"Feature"},{"properties":{"intensity":0.0002346657361555559},"geometry":{"coordinates":[-16.3625202047215,28.516591878346347],"type":"Point"},"type":"Feature"},{"properties":{"intensity":0.00025515710496955984},"geometry":{"coordinates":[-16.361246292380635,28.519240012515258],"type":"Point"},"type":"Feature"},{"properties":{"intensity":0.009639996135327148},"geometry":{"coordinates":[-16.302222745077678,28.443355620824605],"type":"Point"},"type":"Feature"},{"properties":{"intensity":0.009068199528406753},"geometry":{"coordinates":[-16.303604009934332,28.442746717351653],"type":"Point"},"type":"Feature"},{"properties":{"intensity":0.01642218474044643},"geometry":{"coordinates":[-16.304424640284736,28.444715421447103],"type":"Point"},"type":"Feature"},{"properties":{"intensity":0.00006145539855319125},"geometry":{"coordinates":[-16.356476340895448,28.520199275046924],"type":"Point"},"type":"Feature"},{"properties":{"intensity":0.01318702434282977},"geometry":{"coordinates":[-16.304131620436056,28.445801280853473],"type":"Point"},"type":"Feature"},{"properties":{"intensity":0.000045946197452029563},"geometry":{"coordinates":[-16.35342853169096,28.520789240104346],"type":"Point"},"type":"Feature"},{"properties":{"intensity":0.0002608688947425908},"geometry":{"coordinates":[-16.349485705591693,28.5225161866168],"type":"Point"},"type":"Feature"},{"properties":{"intensity":0.009422600368092568},"geometry":{"coordinates":[-16.304001936649428,28.4477159130844],"type":"Point"},"type":"Feature"},{"properties":{"intensity":0.00958083537105264},"geometry":{"coordinates":[-16.30480832443495,28.448520470144786],"type":"Point"},"type":"Feature"},{"properties":{"intensity":0.000830884245462976},"geometry":{"coordinates":[-16.307117462087678,28.450285337924914],"type":"Point"},"type":"Feature"},{"properties":{"intensity":0.0008315080160276628},"geometry":{"coordinates":[-16.30952792863159,28.4486646616967],"type":"Point"},"type":"Feature"},{"properties":{"intensity":0.0008676381468470474},"geometry":{"coordinates":[-16.311799496442784,28.447379223271135],"type":"Point"},"type":"Feature"},{"properties":{"intensity":0.0005107303362027048},"geometry":{"coordinates":[-16.31441118335887,28.44470055085327],"type":"Point"},"type":"Feature"},{"properties":{"intensity":0.0030667966173044147},"geometry":{"coordinates":[-16.315049114951144,28.44343985617619],"type":"Point"},"type":"Feature"},{"properties":{"intensity":0.0003892881063480299},"geometry":{"coordinates":[-16.314189126195195,28.444910279941077],"type":"Point"},"type":"Feature"},{"properties":{"intensity":0.0003047083681008389},"geometry":{"coordinates":[-16.31161381587594,28.447227581386887],"type":"Point"},"type":"Feature"},{"properties":{"intensity":0.00046995211160935033},"geometry":{"coordinates":[-16.309444242988306,28.448503009754745],"type":"Point"},"type":"Feature"},{"properties":{"intensity":0.004969518911730391},"geometry":{"coordinates":[-16.307125119972376,28.45007767989904],"type":"Point"},"type":"Feature"},{"properties":{"intensity":0.00449396053729582},"geometry":{"coordinates":[-16.30622180960728,28.449698262409335],"type":"Point"},"type":"Feature"},{"properties":{"intensity":0.009042574848377264},"geometry":{"coordinates":[-16.305033288971792,28.448545388840863],"type":"Point"},"type":"Feature"},{"properties":{"intensity":0.013110037338322151},"geometry":{"coordinates":[-16.304144883326213,28.447714543048615],"type":"Point"},"type":"Feature"},{"properties":{"intensity":0.012932732606324814},"geometry":{"coordinates":[-16.304454473711555,28.44548229638948],"type":"Point"},"type":"Feature"},{"properties":{"intensity":0.00989125583806766},"geometry":{"coordinates":[-16.304532854723263,28.444380443379774],"type":"Point"},"type":"Feature"},{"properties":{"intensity":0.008732651864635538},"geometry":{"coordinates":[-16.303643632654747,28.44264705807043],"type":"Point"},"type":"Feature"},{"properties":{"intensity":0.011354151277301815},"geometry":{"coordinates":[-16.307841251998774,28.43856339126174],"type":"Point"},"type":"Feature"},{"properties":{"intensity":0.009824166114856018},"geometry":{"coordinates":[-16.309960952848378,28.43822711482065],"type":"Point"},"type":"Feature"},{"properties":{"intensity":0.010008415513150301},"geometry":{"coordinates":[-16.310567924048826,28.44025199014851],"type":"Point"},"type":"Feature"},{"properties":{"intensity":0.009917940615935691},"geometry":{"coordinates":[-16.312305805766094,28.44041575088472],"type":"Point"},"type":"Feature"},{"properties":{"intensity":0.014206374810699147},"geometry":{"coordinates":[-16.314271095288536,28.440802928469456],"type":"Point"},"type":"Feature"},{"properties":{"intensity":0.014924836269334501},"geometry":{"coordinates":[-16.316505652195417,28.441494336335683],"type":"Point"},"type":"Feature"},{"properties":{"intensity":0.005717111831667331},"geometry":{"coordinates":[-16.321986413702056,28.440466461066848],"type":"Point"},"type":"Feature"},{"properties":{"intensity":0.0046857853276224696},"geometry":{"coordinates":[-16.32640413721266,28.43935847856116],"type":"Point"},"type":"Feature"},{"properties":{"intensity":0.004476050865827014},"geometry":{"coordinates":[-16.327717995724775,28.440726550166264],"type":"Point"},"type":"Feature"},{"properties":{"intensity":0.0052102927926285965},"geometry":{"coordinates":[-16.332034222315514,28.44293168789512],"type":"Point"},"type":"Feature"},{"properties":{"intensity":0.00765117696074045},"geometry":{"coordinates":[-16.334506844234344,28.44223958446268],"type":"Point"},"type":"Feature"},{"properties":{"intensity":0.004684116176409004},"geometry":{"coordinates":[-16.33425839414509,28.442783542721674],"type":"Point"},"type":"Feature"},{"properties":{"intensity":0.004710709374848454},"geometry":{"coordinates":[-16.332144948089105,28.442804248798026],"type":"Point"},"type":"Feature"},{"properties":{"intensity":0.004515666436470376},"geometry":{"coordinates":[-16.327860255390693,28.44067100984033],"type":"Point"},"type":"Feature"},{"properties":{"intensity":0.0045029565646487685},"geometry":{"coordinates":[-16.32630024027397,28.439215084975427],"type":"Point"},"type":"Feature"},{"properties":{"intensity":0.005330063426276507},"geometry":{"coordinates":[-16.322133274974554,28.439959612275178],"type":"Point"},"type":"Feature"},{"properties":{"intensity":0.01057484440727633},"geometry":{"coordinates":[-16.316555472061726,28.44139457491817],"type":"Point"},"type":"Feature"},{"properties":{"intensity":0.0053733005910933385},"geometry":{"coordinates":[-16.31426953351683,28.44067658782946],"type":"Point"},"type":"Feature"},{"properties":{"intensity":0.0046437521244284},"geometry":{"coordinates":[-16.31279420191668,28.440275659136297],"type":"Point"},"type":"Feature"},{"properties":{"intensity":0.008828005047124863},"geometry":{"coordinates":[-16.310621173025375,28.439601647302762],"type":"Point"},"type":"Feature"},{"properties":{"intensity":0.008856997290801352},"geometry":{"coordinates":[-16.31042027096038,28.438213667478387],"type":"Point"},"type":"Feature"},{"properties":{"intensity":0.009420783325218061},"geometry":{"coordinates":[-16.307880647295622,28.43844568215354],"type":"Point"},"type":"Feature"},{"properties":{"intensity":0.0005660534662947662},"geometry":{"coordinates":[-16.288352852613563,28.46921917438109],"type":"Point"},"type":"Feature"},{"properties":{"intensity":0.005837210060019306},"geometry":{"coordinates":[-16.289424323143287,28.472503298042405],"type":"Point"},"type":"Feature"},{"properties":{"intensity":0.005733035928832158},"geometry":{"coordinates":[-16.2896355589786,28.47475764893761],"type":"Point"},"type":"Feature"},{"properties":{"intensity":0.00005789824939852605},"geometry":{"coordinates":[-16.28964098627901,28.47772695820111],"type":"Point"},"type":"Feature"},{"properties":{"intensity":0.00015483446572201582},"geometry":{"coordinates":[-16.289925984611486,28.483527591185876],"type":"Point"},"type":"Feature"},{"properties":{"intensity":0.0002067583939445533},"geometry":{"coordinates":[-16.285527131755902,28.48216129166814],"type":"Point"},"type":"Feature"},{"properties":{"intensity":0.000015431426845430473},"geometry":{"coordinates":[-16.283327635768696,28.48358101023313],"type":"Point"},"type":"Feature"},{"properties":{"intensity":0.0005015976042088077},"geometry":{"coordinates":[-16.278848508945767,28.488262283149947],"type":"Point"},"type":"Feature"},{"properties":{"intensity":0.000020214738503584715},"geometry":{"coordinates":[-16.278183267448128,28.48900862409632],"type":"Point"},"type":"Feature"},{"properties":{"intensity":0.00000793610267386346},"geometry":{"coordinates":[-16.27265680670242,28.494990179853662],"type":"Point"},"type":"Feature"},{"properties":{"intensity":0.0000030289858953821443},"geometry":{"coordinates":[-16.271931186302925,28.493264090649028],"type":"Point"},"type":"Feature"},{"properties":{"intensity":0.00006195320637417721},"geometry":{"coordinates":[-16.27175320423398,28.492904738976804],"type":"Point"},"type":"Feature"},{"properties":{"intensity":0.00003211848138695904},"geometry":{"coordinates":[-16.27259638190529,28.495062948989016],"type":"Point"},"type":"Feature"},{"properties":{"intensity":0.00002348292352520502},"geometry":{"coordinates":[-16.275982419536255,28.49203476534039],"type":"Point"},"type":"Feature"},{"properties":{"intensity":0.0002512705126286068},"geometry":{"coordinates":[-16.2789703212498,28.48819795922917],"type":"Point"},"type":"Feature"},{"properties":{"intensity":0.000054864963662936485},"geometry":{"coordinates":[-16.283369255693316,28.483643795268698],"type":"Point"},"type":"Feature"},{"properties":{"intensity":0.000057652215676709005},"geometry":{"coordinates":[-16.285599503280437,28.482232810660662],"type":"Point"},"type":"Feature"},{"properties":{"intensity":0.00010098541751524893},"geometry":{"coordinates":[-16.289916648102842,28.483599882992017],"type":"Point"},"type":"Feature"},{"properties":{"intensity":0.000031106352657306525},"geometry":{"coordinates":[-16.289886875930165,28.477787803690596],"type":"Point"},"type":"Feature"},{"properties":{"intensity":0.005423056398072351},"geometry":{"coordinates":[-16.289731204546758,28.475063605889407],"type":"Point"},"type":"Feature"},{"properties":{"intensity":0.00005999838004703371},"geometry":{"coordinates":[-16.28961628604874,28.47232999480946],"type":"Point"},"type":"Feature"},{"properties":{"intensity":0.00038376843683803454},"geometry":{"coordinates":[-16.289689039913586,28.46991049257354],"type":"Point"},"type":"Feature"},{"properties":{"intensity":0.0015071967823506586},"geometry":{"coordinates":[-16.279929346095127,28.473694099726526],"type":"Point"},"type":"Feature"},{"properties":{"intensity":0.0016409251689037826},"geometry":{"coordinates":[-16.28194123367522,28.47112997648425],"type":"Point"},"type":"Feature"},{"properties":{"intensity":0.006807388278019813},"geometry":{"coordinates":[-16.285193439937007,28.470629958336264],"type":"Point"},"type":"Feature"},{"properties":{"intensity":0.001751839738045981},"geometry":{"coordinates":[-16.287064153083346,28.472444427569066],"type":"Point"},"type":"Feature"},{"properties":{"intensity":0.0016335988956400628},"geometry":{"coordinates":[-16.285200594178725,28.472064933678762],"type":"Point"},"type":"Feature"},{"properties":{"intensity":0.0008742729218725943},"geometry":{"coordinates":[-16.283603563894037,28.471764127312934],"type":"Point"},"type":"Feature"},{"properties":{"intensity":0.00045118959406456556},"geometry":{"coordinates":[-16.283485400282064,28.470438504235787],"type":"Point"},"type":"Feature"},{"properties":{"intensity":0.0014321437694710698},"geometry":{"coordinates":[-16.282130344133332,28.469873658317287],"type":"Point"},"type":"Feature"},{"properties":{"intensity":0.0028418175972145087},"geometry":{"coordinates":[-16.27987412224601,28.471654870956662],"type":"Point"},"type":"Feature"},{"properties":{"intensity":0.0021971859162491633},"geometry":{"coordinates":[-16.294417652772545,28.44556911934503],"type":"Point"},"type":"Feature"},{"properties":{"intensity":0.0006998749099913824},"geometry":{"coordinates":[-16.296540133095196,28.443770900618606],"type":"Point"},"type":"Feature"},{"properties":{"intensity":0.007004358843181297},"geometry":{"coordinates":[-16.29615969489772,28.442718548260753],"type":"Point"},"type":"Feature"},{"properties":{"intensity":0.0049121039569356255},"geometry":{"coordinates":[-16.295059829295877,28.440445582268687],"type":"Point"},"type":"Feature"},{"properties":{"intensity":0.004883871984492232},"geometry":{"coordinates":[-16.295441409091392,28.43907910793804],"type":"Point"},"type":"Feature"},{"properties":{"intensity":0.006121976171475005},"geometry":{"coordinates":[-16.296682232513064,28.437839830273603],"type":"Point"},"type":"Feature"},{"properties":{"intensity":0.004867046837356917},"geometry":{"coordinates":[-16.297781119729187,28.437522490753924],"type":"Point"},"type":"Feature"},{"properties":{"intensity":0.019293974048945256},"geometry":{"coordinates":[-16.297179586650994,28.439270136492837],"type":"Point"},"type":"Feature"},{"properties":{"intensity":0.00567973996808677},"geometry":{"coordinates":[-16.297900654387483,28.43978673723047],"type":"Point"},"type":"Feature"},{"properties":{"intensity":0.006087673853563287},"geometry":{"coordinates":[-16.2966308710057,28.442001049614415],"type":"Point"},"type":"Feature"},{"properties":{"intensity":0.005378383457393553},"geometry":{"coordinates":[-16.297245953347716,28.44387247899017],"type":"Point"},"type":"Feature"},{"properties":{"intensity":0.0012455035484881631},"geometry":{"coordinates":[-16.300144645846558,28.45378180889868],"type":"Point"},"type":"Feature"},{"properties":{"intensity":0.0009436352452769653},"geometry":{"coordinates":[-16.301013425182997,28.454676045289485],"type":"Point"},"type":"Feature"},{"properties":{"intensity":0.003938291996468418},"geometry":{"coordinates":[-16.30077891594078,28.456375066130498],"type":"Point"},"type":"Feature"},{"properties":{"intensity":0.01299731716416861},"geometry":{"coordinates":[-16.30230733628825,28.45775938179374],"type":"Point"},"type":"Feature"},{"properties":{"intensity":0.009895613286851766},"geometry":{"coordinates":[-16.302520338438416,28.457640012124997],"type":"Point"},"type":"Feature"},{"properties":{"intensity":0.013004919650104904},"geometry":{"coordinates":[-16.29086312847361,28.446333947680298],"type":"Point"},"type":"Feature"},{"properties":{"intensity":0.0061686290050294214},"geometry":{"coordinates":[-16.41065649283829,28.481931393581547],"type":"Point"},"type":"Feature"},{"properties":{"intensity":0.005223327603823746},"geometry":{"coordinates":[-16.41085217550056,28.484357130238337],"type":"Point"},"type":"Feature"},{"properties":{"intensity":0.009311012903432404},"geometry":{"coordinates":[-16.409167215078853,28.486703096795075],"type":"Point"},"type":"Feature"},{"properties":{"intensity":0.010093139884852248},"geometry":{"coordinates":[-16.40849989250332,28.49414673852086],"type":"Point"},"type":"Feature"},{"properties":{"intensity":0.005446882501965848},"geometry":{"coordinates":[-16.40713809781944,28.4993051780637],"type":"Point"},"type":"Feature"},{"properties":{"intensity":0.004773242682518635},"geometry":{"coordinates":[-16.406542192071587,28.500592917405847],"type":"Point"},"type":"Feature"},{"properties":{"intensity":0.004938008797445205},"geometry":{"coordinates":[-16.40455162653537,28.503032244542695],"type":"Point"},"type":"Feature"},{"properties":{"intensity":0.0058770616921577715},"geometry":{"coordinates":[-16.402703562962113,28.506210134953264],"type":"Point"},"type":"Feature"},{"properties":{"intensity":0.0042952150774508676},"geometry":{"coordinates":[-16.40017449513093,28.509665775531804],"type":"Point"},"type":"Feature"},{"properties":{"intensity":0.005170490480374093},"geometry":{"coordinates":[-16.397692268254037,28.511261708980097],"type":"Point"},"type":"Feature"},{"properties":{"intensity":0.008627345669722314},"geometry":{"coordinates":[-16.393811759425862,28.51220408933507],"type":"Point"},"type":"Feature"},{"properties":{"intensity":0.008555196502249248},"geometry":{"coordinates":[-16.386239257239726,28.514456630579055],"type":"Point"},"type":"Feature"},{"properties":{"intensity":0.00958231342823045},"geometry":{"coordinates":[-16.391628059021812,28.516314871135236],"type":"Point"},"type":"Feature"},{"properties":{"intensity":0.007205601707025975},"geometry":{"coordinates":[-16.389325189954494,28.517583913925616],"type":"Point"},"type":"Feature"},{"properties":{"intensity":0.010423214466634207},"geometry":{"coordinates":[-16.384115686493,28.520850052367138],"type":"Point"},"type":"Feature"},{"properties":{"intensity":0.00954191372555704},"geometry":{"coordinates":[-16.38290514165118,28.521268514468666],"type":"Point"},"type":"Feature"},{"properties":{"intensity":0.009245278662478165},"geometry":{"coordinates":[-16.378923356769683,28.524675383598677],"type":"Point"},"type":"Feature"},{"properties":{"intensity":0.008503984106480381},"geometry":{"coordinates":[-16.376031410195566,28.525462827337165],"type":"Point"},"type":"Feature"},{"properties":{"intensity":0.008809083556067555},"geometry":{"coordinates":[-16.37351302990638,28.528268073491642],"type":"Point"},"type":"Feature"},{"properties":{"intensity":0.010468219113291278},"geometry":{"coordinates":[-16.369403139504254,28.53287631859073],"type":"Point"},"type":"Feature"},{"properties":{"intensity":0.009856095418680391},"geometry":{"coordinates":[-16.365394749402526,28.533494291916206],"type":"Point"},"type":"Feature"},{"properties":{"intensity":0.014779875669234357},"geometry":{"coordinates":[-16.36349910733969,28.533901421799357],"type":"Point"},"type":"Feature"},{"properties":{"intensity":0.010356052792941571},"geometry":{"coordinates":[-16.365427150006305,28.533629343970823],"type":"Point"},"type":"Feature"},{"properties":{"intensity":0.010380659520466668},"geometry":{"coordinates":[-16.36955653221112,28.532883796882185],"type":"Point"},"type":"Feature"},{"properties":{"intensity":0.004751778946941992},"geometry":{"coordinates":[-16.37384495528107,28.52785858324363],"type":"Point"},"type":"Feature"},{"properties":{"intensity":0.00432280664566674},"geometry":{"coordinates":[-16.376368592875945,28.525459410894655],"type":"Point"},"type":"Feature"},{"properties":{"intensity":0.0051990467585021835},"geometry":{"coordinates":[-16.379219196357237,28.52463627916852],"type":"Point"},"type":"Feature"},{"properties":{"intensity":0.009871932780183614},"geometry":{"coordinates":[-16.38305887114929,28.52130304997186],"type":"Point"},"type":"Feature"},{"properties":{"intensity":0.01093710104966676},"geometry":{"coordinates":[-16.384330483010125,28.520865913845853],"type":"Point"},"type":"Feature"},{"properties":{"intensity":0.009112749022833794},"geometry":{"coordinates":[-16.38981240298897,28.51733525096184],"type":"Point"},"type":"Feature"},{"properties":{"intensity":0.006144612675574731},"geometry":{"coordinates":[-16.39175267406708,28.516467022187292],"type":"Point"},"type":"Feature"},{"properties":{"intensity":0.004539108519216881},"geometry":{"coordinates":[-16.386751855830354,28.51458677672032],"type":"Point"},"type":"Feature"},{"properties":{"intensity":0.00444944562729955},"geometry":{"coordinates":[-16.39115178535434,28.5135038996394],"type":"Point"},"type":"Feature"},{"properties":{"intensity":0.004365193415765578},"geometry":{"coordinates":[-16.3939042994765,28.512248265719474],"type":"Point"},"type":"Feature"},{"properties":{"intensity":0.0011864942894417542},"geometry":{"coordinates":[-16.39812942223286,28.5110947584531],"type":"Point"},"type":"Feature"},{"properties":{"intensity":0.00020725892508690957},"geometry":{"coordinates":[-16.400308018710252,28.50971855035074],"type":"Point"},"type":"Feature"},{"properties":{"intensity":0.001020107950647143},"geometry":{"coordinates":[-16.402966066224398,28.50597277109781],"type":"Point"},"type":"Feature"},{"properties":{"intensity":0.0007241549548293291},"geometry":{"coordinates":[-16.404623851333703,28.503085648885257],"type":"Point"},"type":"Feature"},{"properties":{"intensity":0.0006742757044554468},"geometry":{"coordinates":[-16.406605517554393,28.500745689419876],"type":"Point"},"type":"Feature"},{"properties":{"intensity":0.0009079210213420866},"geometry":{"coordinates":[-16.40727895253563,28.49914126697074],"type":"Point"},"type":"Feature"},{"properties":{"intensity":0.005822404326576317},"geometry":{"coordinates":[-16.408622346662852,28.49413644433732],"type":"Point"},"type":"Feature"},{"properties":{"intensity":0.005056142724950474},"geometry":{"coordinates":[-16.40922259831471,28.4870274282803],"type":"Point"},"type":"Feature"},{"properties":{"intensity":0.010150853519449925},"geometry":{"coordinates":[-16.410995285130188,28.484364670137534],"type":"Point"},"type":"Feature"},{"properties":{"intensity":0.011109159249472615},"geometry":{"coordinates":[-16.411067800281916,28.481367565459415],"type":"Point"},"type":"Feature"},{"properties":{"intensity":0.039932513837669145},"geometry":{"coordinates":[-16.414440536673627,28.477677331392808],"type":"Point"},"type":"Feature"},{"properties":{"intensity":0.04380663533802413},"geometry":{"coordinates":[-16.416051949218183,28.475196691642886],"type":"Point"},"type":"Feature"},{"properties":{"intensity":0.004903991273443332},"geometry":{"coordinates":[-16.416693706194895,28.47659793078152],"type":"Point"},"type":"Feature"},{"properties":{"intensity":0.0043411895932929725},"geometry":{"coordinates":[-16.4176017700989,28.478817678408415],"type":"Point"},"type":"Feature"},{"properties":{"intensity":0.00004578350520383688},"geometry":{"coordinates":[-16.40896416683045,28.49602818199806],"type":"Point"},"type":"Feature"},{"properties":{"intensity":0.004204141831580817},"geometry":{"coordinates":[-16.413374282672248,28.49885238432373],"type":"Point"},"type":"Feature"},{"properties":{"intensity":0.00455726600489888},"geometry":{"coordinates":[-16.418265020210296,28.500164226419887],"type":"Point"},"type":"Feature"},{"properties":{"intensity":0.000038620709265385484},"geometry":{"coordinates":[-16.421187371746914,28.501722116573028],"type":"Point"},"type":"Feature"},{"properties":{"intensity":0.00017911731727871913},"geometry":{"coordinates":[-16.423450576357887,28.502880717845265],"type":"Point"},"type":"Feature"},{"properties":{"intensity":0.0002747599616082394},"geometry":{"coordinates":[-16.424080045290893,28.50258531936163],"type":"Point"},"type":"Feature"},{"properties":{"intensity":0.00004236160474643643},"geometry":{"coordinates":[-16.42139342377935,28.501088203702466],"type":"Point"},"type":"Feature"},{"properties":{"intensity":0.0022303743099484604},"geometry":{"coordinates":[-16.418427012468598,28.50005423430653],"type":"Point"},"type":"Feature"},{"properties":{"intensity":0.00030142090949240164},"geometry":{"coordinates":[-16.413582662304716,28.498389935323566],"type":"Point"},"type":"Feature"},{"properties":{"intensity":0.00005879801658478917},"geometry":{"coordinates":[-16.408663267361565,28.495679320338805],"type":"Point"},"type":"Feature"},{"properties":{"intensity":0.004267650884795075},"geometry":{"coordinates":[-16.30054662942626,28.436557445541272],"type":"Point"},"type":"Feature"},{"properties":{"intensity":0.004378451682669821},"geometry":{"coordinates":[-16.304101167541326,28.43998919823078],"type":"Point"},"type":"Feature"},{"properties":{"intensity":0.004650140550226292},"geometry":{"coordinates":[-16.308200525409998,28.44535607892185],"type":"Point"},"type":"Feature"},{"properties":{"intensity":0.004264867298932668},"geometry":{"coordinates":[-16.30748163591299,28.455814413105053],"type":"Point"},"type":"Feature"},{"properties":{"intensity":0.004403475773023109},"geometry":{"coordinates":[-16.305053341914782,28.464312583081135],"type":"Point"},"type":"Feature"},{"properties":{"intensity":0.008452424381891248},"geometry":{"coordinates":[-16.30844268288101,28.445119089804724],"type":"Point"},"type":"Feature"},{"properties":{"intensity":0.00426988879889622},"geometry":{"coordinates":[-16.305256307486093,28.440095454446283],"type":"Point"},"type":"Feature"},{"properties":{"intensity":0.000477949574255191},"geometry":{"coordinates":[-16.30425928761419,28.42707228157247],"type":"Point"},"type":"Feature"},{"properties":{"intensity":0.00015226351027406598},"geometry":{"coordinates":[-16.41397715750349,28.484297588055757],"type":"Point"},"type":"Feature"},{"properties":{"intensity":0.00002085481818341315},"geometry":{"coordinates":[-16.415774315114998,28.48654419512882],"type":"Point"},"type":"Feature"},{"properties":{"intensity":0.00001389195711133661},"geometry":{"coordinates":[-16.4181988219638,28.489100111798784],"type":"Point"},"type":"Feature"},{"properties":{"intensity":0.00006991428583444346},"geometry":{"coordinates":[-16.42108272407022,28.49009885762916],"type":"Point"},"type":"Feature"},{"properties":{"intensity":0.000029903522430536845},"geometry":{"coordinates":[-16.420087260478002,28.495100155405456],"type":"Point"},"type":"Feature"},{"properties":{"intensity":0.00028748071130878916},"geometry":{"coordinates":[-16.41854838573784,28.49996271624198],"type":"Point"},"type":"Feature"},{"properties":{"intensity":0.00004114815319757079},"geometry":{"coordinates":[-16.416677540290497,28.50445869150117],"type":"Point"},"type":"Feature"},{"properties":{"intensity":0.000010612705644776327},"geometry":{"coordinates":[-16.415964710809952,28.50692997840254],"type":"Point"},"type":"Feature"},{"properties":{"intensity":0.00008585693313517248},"geometry":{"coordinates":[-16.416264376136205,28.51100620640666],"type":"Point"},"type":"Feature"},{"properties":{"intensity":0.00007464360063642986},"geometry":{"coordinates":[-16.417679116083562,28.515179100439475],"type":"Point"},"type":"Feature"},{"properties":{"intensity":0.00012492272074306183},"geometry":{"coordinates":[-16.420042273540737,28.509288103751068],"type":"Point"},"type":"Feature"},{"properties":{"intensity":0.001256133348325157},"geometry":{"coordinates":[-16.42108411995554,28.510026294428638],"type":"Point"},"type":"Feature"},{"properties":{"intensity":0.00040950304882415357},"geometry":{"coordinates":[-16.42011221342993,28.509170046402595],"type":"Point"},"type":"Feature"},{"properties":{"intensity":0.00009410260889742989},"geometry":{"coordinates":[-16.417364577225744,28.5153448342707],"type":"Point"},"type":"Feature"},{"properties":{"intensity":0.00006193544131535099},"geometry":{"coordinates":[-16.411767728808403,28.51553848838903],"type":"Point"},"type":"Feature"},{"properties":{"intensity":0.00006014406150039556},"geometry":{"coordinates":[-16.40998960663376,28.513219448952153],"type":"Point"},"type":"Feature"},{"properties":{"intensity":0.0005595556434251596},"geometry":{"coordinates":[-16.408954701048263,28.51069412551257],"type":"Point"},"type":"Feature"},{"properties":{"intensity":0.0006764738565895772},"geometry":{"coordinates":[-16.408650280383863,28.510083573381372],"type":"Point"},"type":"Feature"},{"properties":{"intensity":0.0001370124881513482},"geometry":{"coordinates":[-16.40955548065429,28.51284489862717],"type":"Point"},"type":"Feature"},{"properties":{"intensity":0.000037336438631520045},"geometry":{"coordinates":[-16.41177926759396,28.51563764473572],"type":"Point"},"type":"Feature"},{"properties":{"intensity":0.00030183614551029873},"geometry":{"coordinates":[-16.41640884827484,28.51111300167139],"type":"Point"},"type":"Feature"},{"properties":{"intensity":0.000026231167835959408},"geometry":{"coordinates":[-16.41608717864807,28.50691967701201],"type":"Point"},"type":"Feature"},{"properties":{"intensity":0.00009596948476959025},"geometry":{"coordinates":[-16.4168096177605,28.504403163755338],"type":"Point"},"type":"Feature"},{"properties":{"intensity":0.00019426812311467437},"geometry":{"coordinates":[-16.41856210114529,28.500224301533958],"type":"Point"},"type":"Feature"},{"properties":{"intensity":0.00007398119950072263},"geometry":{"coordinates":[-16.420190251592235,28.49516225512589],"type":"Point"},"type":"Feature"},{"properties":{"intensity":0.00022030219998078174},"geometry":{"coordinates":[-16.421112036663843,28.489999274786587],"type":"Point"},"type":"Feature"},{"properties":{"intensity":0.00010765634998260521},"geometry":{"coordinates":[-16.41842304676028,28.489061671720712],"type":"Point"},"type":"Feature"},{"properties":{"intensity":0.0000692594735583105},"geometry":{"coordinates":[-16.41579341818835,28.486444719612457],"type":"Point"},"type":"Feature"},{"properties":{"intensity":0.00038695607169824704},"geometry":{"coordinates":[-16.414027383469637,28.484233889610522],"type":"Point"},"type":"Feature"},{"properties":{"intensity":0.0001733310422693237},"geometry":{"coordinates":[-16.312378883301818,28.47113748612356],"type":"Point"},"type":"Feature"},{"properties":{"intensity":0.00006652065118281265},"geometry":{"coordinates":[-16.311638649139645,28.468265532229857],"type":"Point"},"type":"Feature"},{"properties":{"intensity":0.0002588151040998304},"geometry":{"coordinates":[-16.30905646854058,28.464274113950953],"type":"Point"},"type":"Feature"},{"properties":{"intensity":0.0005671714836976868},"geometry":{"coordinates":[-16.308111897944155,28.459725377578355],"type":"Point"},"type":"Feature"},{"properties":{"intensity":0.00013582413396403788},"geometry":{"coordinates":[-16.308632770875047,28.458068719903206],"type":"Point"},"type":"Feature"},{"properties":{"intensity":0.00019114599667841362},"geometry":{"coordinates":[-16.309517453422906,28.45610169506722],"type":"Point"},"type":"Feature"},{"properties":{"intensity":0.00024805253773663735},"geometry":{"coordinates":[-16.309395561307994,28.45035368679947],"type":"Point"},"type":"Feature"},{"properties":{"intensity":0.013599030443412043},"geometry":{"coordinates":[-16.29849294275845,28.453165803981864],"type":"Point"},"type":"Feature"},{"properties":{"intensity":0.020316125431183683},"geometry":{"coordinates":[-16.29898472654023,28.453296490663842],"type":"Point"},"type":"Feature"},{"properties":{"intensity":0.0016539458657849307},"geometry":{"coordinates":[-16.30760768294295,28.449459315042592],"type":"Point"},"type":"Feature"},{"properties":{"intensity":0.000726970624037104},"geometry":{"coordinates":[-16.30915129908779,28.451249552570264],"type":"Point"},"type":"Feature"},{"properties":{"intensity":0.0008477822859092793},"geometry":{"coordinates":[-16.308242068665326,28.45785586832722],"type":"Point"},"type":"Feature"},{"properties":{"intensity":0.0021336937224415023},"geometry":{"coordinates":[-16.307508190851987,28.45963190243626],"type":"Point"},"type":"Feature"},{"properties":{"intensity":0.0005951677346002069},"geometry":{"coordinates":[-16.309410798301926,28.464848328109277],"type":"Point"},"type":"Feature"},{"properties":{"intensity":0.0001497142579996922},"geometry":{"coordinates":[-16.311515319944107,28.468203543946142],"type":"Point"},"type":"Feature"},{"properties":{"intensity":0.0008258691195656188},"geometry":{"coordinates":[-16.312277202467666,28.47117456884652],"type":"Point"},"type":"Feature"},{"properties":{"intensity":0.011227357804198004},"geometry":{"coordinates":[-16.313679216335395,28.477171927672607],"type":"Point"},"type":"Feature"},{"properties":{"intensity":0.016619849611215758},"geometry":{"coordinates":[-16.303674069609794,28.463441321015733],"type":"Point"},"type":"Feature"},{"properties":{"intensity":0.0059493330574192475},"geometry":{"coordinates":[-16.298003267104146,28.455715646237927],"type":"Point"},"type":"Feature"},{"properties":{"intensity":0.004432050842437408},"geometry":{"coordinates":[-16.29733210481271,28.445911406430938],"type":"Point"},"type":"Feature"},{"properties":{"intensity":0.0018629867949711597},"geometry":{"coordinates":[-16.29736759389209,28.443799115803678],"type":"Point"},"type":"Feature"},{"properties":{"intensity":0.0010306070427773843},"geometry":{"coordinates":[-16.300069644390295,28.456833117108875],"type":"Point"},"type":"Feature"},{"properties":{"intensity":0.010662153267635692},"geometry":{"coordinates":[-16.30460434046981,28.45852258250078],"type":"Point"},"type":"Feature"},{"properties":{"intensity":0.0012104574442951177},"geometry":{"coordinates":[-16.29775929883326,28.45580822802964],"type":"Point"},"type":"Feature"},{"properties":{"intensity":0.004302565919555912},"geometry":{"coordinates":[-16.311368773038232,28.49685145603101],"type":"Point"},"type":"Feature"},{"properties":{"intensity":0.004237049808243177},"geometry":{"coordinates":[-16.309222792901142,28.499290937688297],"type":"Point"},"type":"Feature"},{"properties":{"intensity":0.004214232129750203},"geometry":{"coordinates":[-16.306934140569307,28.50176786044071],"type":"Point"},"type":"Feature"},{"properties":{"intensity":0.00022442014603155338},"geometry":{"coordinates":[-16.305300640513845,28.50352545231688],"type":"Point"},"type":"Feature"},{"properties":{"intensity":0.00036153804055555957},"geometry":{"coordinates":[-16.30397956597292,28.5049370644498],"type":"Point"},"type":"Feature"},{"properties":{"intensity":0.0016411571345312183},"geometry":{"coordinates":[-16.30186268483518,28.507276876682557],"type":"Point"},"type":"Feature"},{"properties":{"intensity":0.0003863680878080579},"geometry":{"coordinates":[-16.299779568997856,28.509878069474464],"type":"Point"},"type":"Feature"},{"properties":{"intensity":0.00028596330647372896},"geometry":{"coordinates":[-16.299797715150095,28.511358053186218],"type":"Point"},"type":"Feature"},{"properties":{"intensity":0.00007089574998464751},"geometry":{"coordinates":[-16.29882682712137,28.513009951353716],"type":"Point"},"type":"Feature"},{"properties":{"intensity":0.00012125099983732726},"geometry":{"coordinates":[-16.29757613244862,28.51517896044594],"type":"Point"},"type":"Feature"},{"properties":{"intensity":0.0003760160804905568},"geometry":{"coordinates":[-16.295771782904957,28.517199809609185],"type":"Point"},"type":"Feature"},{"properties":{"intensity":0.00047315469844494656},"geometry":{"coordinates":[-16.295305402682096,28.519171783228366],"type":"Point"},"type":"Feature"},{"properties":{"intensity":0.0003118397977801526},"geometry":{"coordinates":[-16.295242664459707,28.519055051914613],"type":"Point"},"type":"Feature"},{"properties":{"intensity":0.00016504046703846355},"geometry":{"coordinates":[-16.295608197435183,28.517192344468576],"type":"Point"},"type":"Feature"},{"properties":{"intensity":0.00009238160304463025},"geometry":{"coordinates":[-16.297477718553765,28.515486762195945],"type":"Point"},"type":"Feature"},{"properties":{"intensity":0.000034448012094450624},"geometry":{"coordinates":[-16.298839144878773,28.513181315213092],"type":"Point"},"type":"Feature"},{"properties":{"intensity":0.00011694007409091216},"geometry":{"coordinates":[-16.29958604266164,28.511594737066282],"type":"Point"},"type":"Feature"},{"properties":{"intensity":0.00023823823618882836},"geometry":{"coordinates":[-16.299707168580735,28.50980655924107],"type":"Point"},"type":"Feature"},{"properties":{"intensity":0.000760301771895853},"geometry":{"coordinates":[-16.301672343687333,28.507585562076695],"type":"Point"},"type":"Feature"},{"properties":{"intensity":0.0002951494696257973},"geometry":{"coordinates":[-16.304102379722234,28.504953936574463],"type":"Point"},"type":"Feature"},{"properties":{"intensity":0.00021076194140371427},"geometry":{"coordinates":[-16.305503512994825,28.503406173984324],"type":"Point"},"type":"Feature"},{"properties":{"intensity":0.00005581708319568401},"geometry":{"coordinates":[-16.30691281954045,28.50169586271099],"type":"Point"},"type":"Feature"},{"properties":{"intensity":0.000046997779007544226},"geometry":{"coordinates":[-16.309224018279732,28.499390204679518],"type":"Point"},"type":"Feature"},{"properties":{"intensity":0.00009873713864885427},"geometry":{"coordinates":[-16.311148612821192,28.49722361920043],"type":"Point"},"type":"Feature"},{"properties":{"intensity":0.00003324435961283923},"geometry":{"coordinates":[-16.296118495829457,28.512963612553456],"type":"Point"},"type":"Feature"},{"properties":{"intensity":0.000029115483098820257},"geometry":{"coordinates":[-16.294756204927495,28.51436650646413],"type":"Point"},"type":"Feature"},{"properties":{"intensity":0.000016925242846926174},"geometry":{"coordinates":[-16.291583256868293,28.515606106119243],"type":"Point"},"type":"Feature"},{"properties":{"intensity":0.0000456007696982917},"geometry":{"coordinates":[-16.288743010011903,28.516481462860824],"type":"Point"},"type":"Feature"},{"properties":{"intensity":0.000022086102781951324},"geometry":{"coordinates":[-16.28725062352788,28.517280818677246],"type":"Point"},"type":"Feature"},{"properties":{"intensity":0.00005255521965595224},"geometry":{"coordinates":[-16.286393550144048,28.518227575245536],"type":"Point"},"type":"Feature"},{"properties":{"intensity":0.00003567151926741567},"geometry":{"coordinates":[-16.28622464369402,28.519465649641624],"type":"Point"},"type":"Feature"},{"properties":{"intensity":0.0001873136051661675},"geometry":{"coordinates":[-16.28560353295912,28.520491395393375],"type":"Point"},"type":"Feature"},{"properties":{"intensity":0.00037291019517859134},"geometry":{"coordinates":[-16.286510403694447,28.519435867569992],"type":"Point"},"type":"Feature"},{"properties":{"intensity":0.00006108682708873286},"geometry":{"coordinates":[-16.286406725148023,28.518471135361278],"type":"Point"},"type":"Feature"},{"properties":{"intensity":0.00005760087415106516},"geometry":{"coordinates":[-16.287363890110836,28.517351948299826],"type":"Point"},"type":"Feature"},{"properties":{"intensity":0.00006865024702392936},"geometry":{"coordinates":[-16.28879541265114,28.516589270106024],"type":"Point"},"type":"Feature"},{"properties":{"intensity":0.00020393825173711225},"geometry":{"coordinates":[-16.2915130570401,28.515715077800973],"type":"Point"},"type":"Feature"},{"properties":{"intensity":0.00006808446401446644},"geometry":{"coordinates":[-16.2946972182224,28.5145566010449],"type":"Point"},"type":"Feature"},{"properties":{"intensity":0.00003387299571572999},"geometry":{"coordinates":[-16.296433560608484,28.512825226230476],"type":"Point"},"type":"Feature"},{"properties":{"intensity":0.02117034272976068},"geometry":{"coordinates":[-16.305799550822947,28.513340229496276],"type":"Point"},"type":"Feature"},{"properties":{"intensity":0.021095044897952654},"geometry":{"coordinates":[-16.303177376797084,28.51448454836578],"type":"Point"},"type":"Feature"},{"properties":{"intensity":0.02109452552293978},"geometry":{"coordinates":[-16.301056111062287,28.515651097589124],"type":"Point"},"type":"Feature"},{"properties":{"intensity":0.021018709568090033},"geometry":{"coordinates":[-16.29810815554547,28.517737076114294],"type":"Point"},"type":"Feature"},{"properties":{"intensity":0.02638847370238144},"geometry":{"coordinates":[-16.295896732611784,28.51989719652055],"type":"Point"},"type":"Feature"},{"properties":{"intensity":0.025269349537781725},"geometry":{"coordinates":[-16.295124657593,28.521104930699575],"type":"Point"},"type":"Feature"},{"properties":{"intensity":0.02528405039973697},"geometry":{"coordinates":[-16.293694254776153,28.522797275533716],"type":"Point"},"type":"Feature"},{"properties":{"intensity":0.02584330970954859},"geometry":{"coordinates":[-16.29159525511326,28.52497430868768],"type":"Point"},"type":"Feature"},{"properties":{"intensity":0.02682363379290852},"geometry":{"coordinates":[-16.289382894483495,28.526240826612103],"type":"Point"},"type":"Feature"},{"properties":{"intensity":0.025232968492295775},"geometry":{"coordinates":[-16.29190201405705,28.524989442036592],"type":"Point"},"type":"Feature"},{"properties":{"intensity":0.025137598246427317},"geometry":{"coordinates":[-16.293787206204808,28.522877618336608],"type":"Point"},"type":"Feature"},{"properties":{"intensity":0.02519363916246409},"geometry":{"coordinates":[-16.29502490822117,28.521304439296802],"type":"Point"},"type":"Feature"},{"properties":{"intensity":0.025560905029944438},"geometry":{"coordinates":[-16.296181496764834,28.519786175525866],"type":"Point"},"type":"Feature"},{"properties":{"intensity":0.020994022856101524},"geometry":{"coordinates":[-16.297957439022742,28.517946099111423],"type":"Point"},"type":"Feature"},{"properties":{"intensity":0.0209988546653888},"geometry":{"coordinates":[-16.300814335937886,28.515933198362212],"type":"Point"},"type":"Feature"},{"properties":{"intensity":0.020972314301596445},"geometry":{"coordinates":[-16.3031378405826,28.514593231651034],"type":"Point"},"type":"Feature"},{"properties":{"intensity":0.02107640395991398},"geometry":{"coordinates":[-16.30591215780157,28.51335719783145],"type":"Point"},"type":"Feature"},{"properties":{"intensity":0.004659716014373321},"geometry":{"coordinates":[-16.323019721703005,28.48080883214791],"type":"Point"},"type":"Feature"},{"properties":{"intensity":0.005058745491780406},"geometry":{"coordinates":[-16.324192179493632,28.472439949652887],"type":"Point"},"type":"Feature"},{"properties":{"intensity":0.004500742443353727},"geometry":{"coordinates":[-16.326655925228195,28.468526011914076],"type":"Point"},"type":"Feature"},{"properties":{"intensity":0.004622607723829639},"geometry":{"coordinates":[-16.327342819869088,28.46628102301502],"type":"Point"},"type":"Feature"},{"properties":{"intensity":0.004849985916096422},"geometry":{"coordinates":[-16.32751361513523,28.464420133652244],"type":"Point"},"type":"Feature"},{"properties":{"intensity":0.005538682473415258},"geometry":{"coordinates":[-16.328172090746417,28.46072233553978],"type":"Point"},"type":"Feature"},{"properties":{"intensity":0.005030346783805459},"geometry":{"coordinates":[-16.32918617640457,28.45769796109701],"type":"Point"},"type":"Feature"},{"properties":{"intensity":0.005088735953845085},"geometry":{"coordinates":[-16.33056121008765,28.454958860872438],"type":"Point"},"type":"Feature"},{"properties":{"intensity":0.004685282963404431},"geometry":{"coordinates":[-16.330648823727802,28.452169167715205],"type":"Point"},"type":"Feature"},{"properties":{"intensity":0.005409977812439905},"geometry":{"coordinates":[-16.33044338075188,28.449626024360747],"type":"Point"},"type":"Feature"},{"properties":{"intensity":0.004685638823914266},"geometry":{"coordinates":[-16.33061681865993,28.447981711674906],"type":"Point"},"type":"Feature"},{"properties":{"intensity":0.004703189225278717},"geometry":{"coordinates":[-16.332384209093703,28.445599770469016],"type":"Point"},"type":"Feature"},{"properties":{"intensity":0.004543863172530728},"geometry":{"coordinates":[-16.33248246448043,28.44529194586645],"type":"Point"},"type":"Feature"},{"properties":{"intensity":0.004564505156327144},"geometry":{"coordinates":[-16.330523230594704,28.44784724637379],"type":"Point"},"type":"Feature"},{"properties":{"intensity":0.004822397915227987},"geometry":{"coordinates":[-16.330329144366516,28.449473710162824],"type":"Point"},"type":"Feature"},{"properties":{"intensity":0.004504265623503037},"geometry":{"coordinates":[-16.330546828761374,28.452179190612455],"type":"Point"},"type":"Feature"},{"properties":{"intensity":0.004586305840552262},"geometry":{"coordinates":[-16.33046260234323,28.455239611388023],"type":"Point"},"type":"Feature"},{"properties":{"intensity":0.004560559905564358},"geometry":{"coordinates":[-16.329053993522503,28.457744379392473],"type":"Point"},"type":"Feature"},{"properties":{"intensity":0.004734355556319848},"geometry":{"coordinates":[-16.32804977684867,28.460741580506177],"type":"Point"},"type":"Feature"},{"properties":{"intensity":0.004546387772566391},"geometry":{"coordinates":[-16.3274003810462,28.464349035977566],"type":"Point"},"type":"Feature"},{"properties":{"intensity":0.004426938653290961},"geometry":{"coordinates":[-16.327240472662034,28.466263971124793],"type":"Point"},"type":"Feature"},{"properties":{"intensity":0.004358472152593418},"geometry":{"coordinates":[-16.326475258513184,28.468780483955797],"type":"Point"},"type":"Feature"},{"properties":{"intensity":0.00473647264517888},"geometry":{"coordinates":[-16.324100377094105,28.472449868907017],"type":"Point"},"type":"Feature"},{"properties":{"intensity":0.004446921917509576},"geometry":{"coordinates":[-16.322927574522826,28.480791678102346],"type":"Point"},"type":"Feature"},{"properties":{"intensity":0.0003043188785398801},"geometry":{"coordinates":[-16.326024640089404,28.45395621286266],"type":"Point"},"type":"Feature"},{"properties":{"intensity":0.000526703821242341},"geometry":{"coordinates":[-16.32583528984392,28.452694506545356],"type":"Point"},"type":"Feature"},{"properties":{"intensity":0.006181671775851457},"geometry":{"coordinates":[-16.341235660210486,28.42845488072269],"type":"Point"},"type":"Feature"},{"properties":{"intensity":0.0005278218540518018},"geometry":{"coordinates":[-16.3183209369702,28.479166733293173],"type":"Point"},"type":"Feature"},{"properties":{"intensity":0.00007953022903471465},"geometry":{"coordinates":[-16.318289445105187,28.476630914136308],"type":"Point"},"type":"Feature"},{"properties":{"intensity":0.00018773213020343145},"geometry":{"coordinates":[-16.3179044245656,28.474414408380177],"type":"Point"},"type":"Feature"},{"properties":{"intensity":0.00013329770085269315},"geometry":{"coordinates":[-16.31716197487102,28.472201362943526],"type":"Point"},"type":"Feature"},{"properties":{"intensity":0.00015548004462889107},"geometry":{"coordinates":[-16.317179594093062,28.46868129967716],"type":"Point"},"type":"Feature"},{"properties":{"intensity":0.00010860069208977961},"geometry":{"coordinates":[-16.316523856881155,28.466043215386446],"type":"Point"},"type":"Feature"},{"properties":{"intensity":0.0001856374987819706},"geometry":{"coordinates":[-16.31583860314862,28.46184402132977],"type":"Point"},"type":"Feature"},{"properties":{"intensity":0.0004839156048919161},"geometry":{"coordinates":[-16.315042779560294,28.4594329152308],"type":"Point"},"type":"Feature"},{"properties":{"intensity":0.00028336168644633064},"geometry":{"coordinates":[-16.315219751365216,28.45722901035969],"type":"Point"},"type":"Feature"},{"properties":{"intensity":0.0005579311351234517},"geometry":{"coordinates":[-16.317764915755216,28.454939008173593],"type":"Point"},"type":"Feature"},{"properties":{"intensity":0.000155891923636575},"geometry":{"coordinates":[-16.319309400354467,28.453489003060444],"type":"Point"},"type":"Feature"},{"properties":{"intensity":0.000020373319477568826},"geometry":{"coordinates":[-16.319860926967912,28.451850059235138],"type":"Point"},"type":"Feature"},{"properties":{"intensity":0.00012443299948880038},"geometry":{"coordinates":[-16.31832528307272,28.447424456546056],"type":"Point"},"type":"Feature"},{"properties":{"intensity":0.00027788631989386127},"geometry":{"coordinates":[-16.317171610730544,28.44497169639188],"type":"Point"},"type":"Feature"},{"properties":{"intensity":0.000521732787965285},"geometry":{"coordinates":[-16.316770472008116,28.443089270266913],"type":"Point"},"type":"Feature"},{"properties":{"intensity":0.0021307487642928937},"geometry":{"coordinates":[-16.31666770158218,28.443036112287622],"type":"Point"},"type":"Feature"},{"properties":{"intensity":0.0010436338879809622},"geometry":{"coordinates":[-16.317174629917332,28.445215352899865],"type":"Point"},"type":"Feature"},{"properties":{"intensity":0.0007396684031863918},"geometry":{"coordinates":[-16.318306093509708,28.447523921786832],"type":"Point"},"type":"Feature"},{"properties":{"intensity":0.00010366145478816525},"geometry":{"coordinates":[-16.319625854215225,28.451834288757055],"type":"Point"},"type":"Feature"},{"properties":{"intensity":0.0009788436645862056},"geometry":{"coordinates":[-16.318944717736017,28.45372719905766],"type":"Point"},"type":"Feature"},{"properties":{"intensity":0.0031667167006756043},"geometry":{"coordinates":[-16.31739877011918,28.455059884347108],"type":"Point"},"type":"Feature"},{"properties":{"intensity":0.0015969256432213257},"geometry":{"coordinates":[-16.31480025577656,28.4579911979801],"type":"Point"},"type":"Feature"},{"properties":{"intensity":0.00193733381180189},"geometry":{"coordinates":[-16.31511794704135,28.459730026184474],"type":"Point"},"type":"Feature"},{"properties":{"intensity":0.0009302121964920021},"geometry":{"coordinates":[-16.31578910916983,28.461970855425694],"type":"Point"},"type":"Feature"},{"properties":{"intensity":0.0008516257438664653},"geometry":{"coordinates":[-16.31634152559866,28.46534100107657],"type":"Point"},"type":"Feature"},{"properties":{"intensity":0.0005323346157311204},"geometry":{"coordinates":[-16.317069607656165,28.46887189760056],"type":"Point"},"type":"Feature"},{"properties":{"intensity":0.0004829875718998833},"geometry":{"coordinates":[-16.317091604845086,28.47229229815378],"type":"Point"},"type":"Feature"},{"properties":{"intensity":0.0008042723609059312},"geometry":{"coordinates":[-16.31786581296832,28.474595289773774],"type":"Point"},"type":"Feature"},{"properties":{"intensity":0.00027460276858709353},"geometry":{"coordinates":[-16.31818372739618,28.476343127645553],"type":"Point"},"type":"Feature"},{"properties":{"intensity":0.0016620333005274357},"geometry":{"coordinates":[-16.318267053231295,28.47976292897529],"type":"Point"},"type":"Feature"},{"properties":{"intensity":0.00006209136695881111},"geometry":{"coordinates":[-16.30948090303415,28.515227191862028],"type":"Point"},"type":"Feature"},{"properties":{"intensity":0.0001303072249531789},"geometry":{"coordinates":[-16.31243142831835,28.51584854352271],"type":"Point"},"type":"Feature"},{"properties":{"intensity":0.00016698410634551455},"geometry":{"coordinates":[-16.313621035248076,28.517019362293492],"type":"Point"},"type":"Feature"},{"properties":{"intensity":0.0007383682005693826},"geometry":{"coordinates":[-16.315555247299383,28.51972628871251],"type":"Point"},"type":"Feature"},{"properties":{"intensity":0.0007262723002452064},"geometry":{"coordinates":[-16.31716058642161,28.521452615873837],"type":"Point"},"type":"Feature"},{"properties":{"intensity":0.0004108157738297875},"geometry":{"coordinates":[-16.320656047912347,28.519045023911517],"type":"Point"},"type":"Feature"},{"properties":{"intensity":0.0003054083364024198},"geometry":{"coordinates":[-16.323246388105918,28.518631728806163],"type":"Point"},"type":"Feature"},{"properties":{"intensity":0.00862012551991748},"geometry":{"coordinates":[-16.323286242832044,28.518550112946848],"type":"Point"},"type":"Feature"},{"properties":{"intensity":0.008673234068185117},"geometry":{"coordinates":[-16.32059350724712,28.518946353630557],"type":"Point"},"type":"Feature"},{"properties":{"intensity":0.009050516141137024},"geometry":{"coordinates":[-16.31693647393553,28.52150894063076],"type":"Point"},"type":"Feature"},{"properties":{"intensity":0.008984660289863597},"geometry":{"coordinates":[-16.315563111987988,28.519536681100995],"type":"Point"},"type":"Feature"},{"properties":{"intensity":0.008577543748481319},"geometry":{"coordinates":[-16.31373297595774,28.516982178572913],"type":"Point"},"type":"Feature"},{"properties":{"intensity":0.008477026862160444},"geometry":{"coordinates":[-16.312481507543158,28.51576683185923],"type":"Point"},"type":"Feature"},{"properties":{"intensity":0.008386699736031724},"geometry":{"coordinates":[-16.30939805256575,28.51513773715962],"type":"Point"},"type":"Feature"},{"properties":{"intensity":0.008615281256232427},"geometry":{"coordinates":[-16.308438518866225,28.51438885433779],"type":"Point"},"type":"Feature"},{"properties":{"intensity":0.0350023871271273},"geometry":{"coordinates":[-16.34176204456202,28.4895511816273],"type":"Point"},"type":"Feature"},{"properties":{"intensity":0.0445083695625131},"geometry":{"coordinates":[-16.333227030543302,28.48996909644812],"type":"Point"},"type":"Feature"},{"properties":{"intensity":0.00011488477492016096},"geometry":{"coordinates":[-16.316876878806013,28.426120467301075],"type":"Point"},"type":"Feature"},{"properties":{"intensity":0.000045613035530071085},"geometry":{"coordinates":[-16.317542619992622,28.42958881164625],"type":"Point"},"type":"Feature"},{"properties":{"intensity":0.000017075857829338313},"geometry":{"coordinates":[-16.319451306720193,28.429543247291917],"type":"Point"},"type":"Feature"},{"properties":{"intensity":0.000022329224616399207},"geometry":{"coordinates":[-16.31759232198064,28.429480025562082],"type":"Point"},"type":"Feature"},{"properties":{"intensity":0.000008306695780002965},"geometry":{"coordinates":[-16.31743196469687,28.428073612532657],"type":"Point"},"type":"Feature"},{"properties":{"intensity":0.00006230401277980937},"geometry":{"coordinates":[-16.316968418819684,28.426092505480025],"type":"Point"},"type":"Feature"},{"properties":{"intensity":6.918663283162957e-7},"geometry":{"coordinates":[-16.37410712447069,28.382287364847524],"type":"Point"},"type":"Feature"},{"properties":{"intensity":0.0000074148945853118116},"geometry":{"coordinates":[-16.3511839035351,28.399818282710573],"type":"Point"},"type":"Feature"},{"properties":{"intensity":0.000003208243815561628},"geometry":{"coordinates":[-16.350705710052583,28.395915032010805],"type":"Point"},"type":"Feature"},{"properties":{"intensity":0.01673991490250353},"geometry":{"coordinates":[-16.285329372926107,28.526531956484],"type":"Point"},"type":"Feature"},{"properties":{"intensity":0.016748488429526694},"geometry":{"coordinates":[-16.28802733289785,28.524015400482803],"type":"Point"},"type":"Feature"},{"properties":{"intensity":0.016767866631069443},"geometry":{"coordinates":[-16.285829389309626,28.529839528852474],"type":"Point"},"type":"Feature"},{"properties":{"intensity":0.000020252803376608607},"geometry":{"coordinates":[-16.30089130000199,28.53551742361818],"type":"Point"},"type":"Feature"},{"properties":{"intensity":0.00010131068143648175},"geometry":{"coordinates":[-16.298545586301056,28.543418975276957],"type":"Point"},"type":"Feature"},{"properties":{"intensity":0.008344616217539392},"geometry":{"coordinates":[-16.37532914305485,28.36151668403038],"type":"Point"},"type":"Feature"},{"properties":{"intensity":0.004178226626305986},"geometry":{"coordinates":[-16.376965030124698,28.35940628233158],"type":"Point"},"type":"Feature"},{"properties":{"intensity":0.0005227320851651617},"geometry":{"coordinates":[-16.296830751401767,28.547776540176404],"type":"Point"},"type":"Feature"},{"properties":{"intensity":0.004170395296315938},"geometry":{"coordinates":[-16.378860206275665,28.35762717906286],"type":"Point"},"type":"Feature"},{"properties":{"intensity":0.004174804537282587},"geometry":{"coordinates":[-16.379832879304804,28.355523450380026],"type":"Point"},"type":"Feature"},{"properties":{"intensity":0.004173188749236447},"geometry":{"coordinates":[-16.380117721786405,28.353092739581545],"type":"Point"},"type":"Feature"},{"properties":{"intensity":0.00835500711198476},"geometry":{"coordinates":[-16.380019870639902,28.350259758750482],"type":"Point"},"type":"Feature"},{"properties":{"intensity":0.004172830233396088},"geometry":{"coordinates":[-16.382836548950436,28.34796585320759],"type":"Point"},"type":"Feature"},{"properties":{"intensity":0.00003810911167808923},"geometry":{"coordinates":[-16.29842228563889,28.543366002634446],"type":"Point"},"type":"Feature"},{"properties":{"intensity":0.004178443126844348},"geometry":{"coordinates":[-16.38106142082873,28.34560113904702],"type":"Point"},"type":"Feature"},{"properties":{"intensity":0.004172572190399336},"geometry":{"coordinates":[-16.38184968413776,28.342659901983875],"type":"Point"},"type":"Feature"},{"properties":{"intensity":0.000008817659678456348},"geometry":{"coordinates":[-16.301045471078893,28.535588149122557],"type":"Point"},"type":"Feature"},{"properties":{"intensity":0.0167062747164413},"geometry":{"coordinates":[-16.28590201402443,28.529929094768374],"type":"Point"},"type":"Feature"},{"properties":{"intensity":0.016689476756300066},"geometry":{"coordinates":[-16.287895158569377,28.5240708059097],"type":"Point"},"type":"Feature"},{"properties":{"intensity":0.013669745506838105},"geometry":{"coordinates":[-16.279839683723218,28.531448467683973],"type":"Point"},"type":"Feature"},{"properties":{"intensity":0.0002672467518026936},"geometry":{"coordinates":[-16.26405917073162,28.533067403283003],"type":"Point"},"type":"Feature"},{"properties":{"intensity":0.017083891648409153},"geometry":{"coordinates":[-16.279983180824033,28.531483216754246],"type":"Point"},"type":"Feature"},{"properties":{"intensity":0.012689915036627569},"geometry":{"coordinates":[-16.2729736344935,28.534987767503907],"type":"Point"},"type":"Feature"},{"properties":{"intensity":0.004226460434875121},"geometry":{"coordinates":[-16.267582270980512,28.53881080763413],"type":"Point"},"type":"Feature"},{"properties":{"intensity":0.000047721200160997036},"geometry":{"coordinates":[-16.276429432156824,28.540190037893165],"type":"Point"},"type":"Feature"},{"properties":{"intensity":0.000034817405813750716},"geometry":{"coordinates":[-16.280463380484587,28.544150285162843],"type":"Point"},"type":"Feature"},{"properties":{"intensity":0.00012352204528244475},"geometry":{"coordinates":[-16.27909564517399,28.54684370525752],"type":"Point"},"type":"Feature"},{"properties":{"intensity":0.0000103112871139532},"geometry":{"coordinates":[-16.27499846675221,28.544427349603247],"type":"Point"},"type":"Feature"},{"properties":{"intensity":0.0009150853720281491},"geometry":{"coordinates":[-16.276952474456834,28.553894623188867],"type":"Point"},"type":"Feature"},{"properties":{"intensity":0.004167803611337486},"geometry":{"coordinates":[-16.384665174434144,28.341078980038265],"type":"Point"},"type":"Feature"},{"properties":{"intensity":0.0041824402322464685},"geometry":{"coordinates":[-16.390300271146007,28.339036072130444],"type":"Point"},"type":"Feature"},{"properties":{"intensity":0.013392294110858722},"geometry":{"coordinates":[-16.394989664559056,28.334114491112295],"type":"Point"},"type":"Feature"},{"properties":{"intensity":0.004212035569541449},"geometry":{"coordinates":[-16.3986847537385,28.33118853580407],"type":"Point"},"type":"Feature"},{"properties":{"intensity":0.004186967967672396},"geometry":{"coordinates":[-16.401627861843306,28.324605910909227],"type":"Point"},"type":"Feature"},{"properties":{"intensity":0.09770614703651276},"geometry":{"coordinates":[-16.408642006116878,28.318946977256147],"type":"Point"},"type":"Feature"},{"properties":{"intensity":0.004254787056387382},"geometry":{"coordinates":[-16.401725582159,28.32427999356295],"type":"Point"},"type":"Feature"},{"properties":{"intensity":0.004220822119517613},"geometry":{"coordinates":[-16.399125854940955,28.329821181475083],"type":"Point"},"type":"Feature"},{"properties":{"intensity":0.0042548774736068905},"geometry":{"coordinates":[-16.395381302444523,28.333641166038404],"type":"Point"},"type":"Feature"},{"properties":{"intensity":0.00835461931951779},"geometry":{"coordinates":[-16.390268144462393,28.33891906964998],"type":"Point"},"type":"Feature"},{"properties":{"intensity":0.004168252167265357},"geometry":{"coordinates":[-16.384533043533494,28.341116422940956],"type":"Point"},"type":"Feature"},{"properties":{"intensity":0.004178360041927569},"geometry":{"coordinates":[-16.381564198447126,28.34267181957123],"type":"Point"},"type":"Feature"},{"properties":{"intensity":0.004196073324106211},"geometry":{"coordinates":[-16.38066204369504,28.346273061838392],"type":"Point"},"type":"Feature"},{"properties":{"intensity":0.008345726352348128},"geometry":{"coordinates":[-16.382683773904034,28.347985453076266],"type":"Point"},"type":"Feature"},{"properties":{"intensity":0.004188463616749574},"geometry":{"coordinates":[-16.379907311543384,28.350233821656484],"type":"Point"},"type":"Feature"},{"properties":{"intensity":0.004174493696816508},"geometry":{"coordinates":[-16.379965055508297,28.35312136086627],"type":"Point"},"type":"Feature"},{"properties":{"intensity":0.004178307244458241},"geometry":{"coordinates":[-16.379452914523256,28.35454352835158],"type":"Point"},"type":"Feature"},{"properties":{"intensity":0.0083429701420458},"geometry":{"coordinates":[-16.37876757612704,28.35756493816453],"type":"Point"},"type":"Feature"},{"properties":{"intensity":0.008340678042522491},"geometry":{"coordinates":[-16.3767793029934,28.35924570112509],"type":"Point"},"type":"Feature"},{"properties":{"intensity":0.008336160551286659},"geometry":{"coordinates":[-16.37525656616894,28.361427162354197],"type":"Point"},"type":"Feature"},{"properties":{"intensity":2.467879858124329e-7},"geometry":{"coordinates":[-16.374179871367655,28.363387502692355],"type":"Point"},"type":"Feature"},{"properties":{"intensity":2.692980076900826e-7},"geometry":{"coordinates":[-16.374394356794014,28.366571299987864],"type":"Point"},"type":"Feature"},{"properties":{"intensity":2.692980076900826e-7},"geometry":{"coordinates":[-16.37200927194613,28.370737977208698],"type":"Point"},"type":"Feature"},{"properties":{"intensity":9.35176728763025e-8},"geometry":{"coordinates":[-16.366157592434234,28.381518911760587],"type":"Point"},"type":"Feature"},{"properties":{"intensity":0.0000025544423602692243},"geometry":{"coordinates":[-16.350625211798206,28.396006084077154],"type":"Point"},"type":"Feature"},{"properties":{"intensity":0.0000038108923112090384},"geometry":{"coordinates":[-16.350998941919496,28.399720838123546],"type":"Point"},"type":"Feature"},{"properties":{"intensity":0.0000080097656553861},"geometry":{"coordinates":[-16.275236459764976,28.544668798972793],"type":"Point"},"type":"Feature"},{"properties":{"intensity":0.0006182877898605393},"geometry":{"coordinates":[-16.264906228419918,28.55520778514302],"type":"Point"},"type":"Feature"},{"properties":{"intensity":0.00007106293063904646},"geometry":{"coordinates":[-16.279045525971338,28.546925405550034],"type":"Point"},"type":"Feature"},{"properties":{"intensity":0.00002765315393161474},"geometry":{"coordinates":[-16.280798233739564,28.54394856911935],"type":"Point"},"type":"Feature"},{"properties":{"intensity":0.000023133007365260884},"geometry":{"coordinates":[-16.2765012949923,28.54021643839098],"type":"Point"},"type":"Feature"},{"properties":{"intensity":0.008372750047922008},"geometry":{"coordinates":[-16.268519644063492,28.538567394146753],"type":"Point"},"type":"Feature"},{"properties":{"intensity":0.01255381698026794},"geometry":{"coordinates":[-16.272872529121454,28.535078968941445],"type":"Point"},"type":"Feature"},{"properties":{"intensity":0.01668379367745565},"geometry":{"coordinates":[-16.28949661162568,28.526348051236756],"type":"Point"},"type":"Feature"},{"properties":{"intensity":0.004185179876876808},"geometry":{"coordinates":[-16.262648757600722,28.534777297700487],"type":"Point"},"type":"Feature"},{"properties":{"intensity":0.004283110011748279},"geometry":{"coordinates":[-16.252420505039805,28.533229389571208],"type":"Point"},"type":"Feature"},{"properties":{"intensity":0.004221702477135367},"geometry":{"coordinates":[-16.24667564027613,28.533995257232277],"type":"Point"},"type":"Feature"},{"properties":{"intensity":0.004341690260417021},"geometry":{"coordinates":[-16.236068908338662,28.53589730228127],"type":"Point"},"type":"Feature"},{"properties":{"intensity":0.0043384605174004226},"geometry":{"coordinates":[-16.229033564612276,28.541737445522994],"type":"Point"},"type":"Feature"},{"properties":{"intensity":0.004254243081720108},"geometry":{"coordinates":[-16.236029400701756,28.53601499259865],"type":"Point"},"type":"Feature"},{"properties":{"intensity":0.004191437972099946},"geometry":{"coordinates":[-16.246777086716143,28.53393114795119],"type":"Point"},"type":"Feature"},{"properties":{"intensity":0.000027515249903826003},"geometry":{"coordinates":[-16.25179087875484,28.53356913498607],"type":"Point"},"type":"Feature"},{"properties":{"intensity":0.00003495246594501662},"geometry":{"coordinates":[-16.2494180711849,28.538618141698066],"type":"Point"},"type":"Feature"},{"properties":{"intensity":0.00004654536836231127},"geometry":{"coordinates":[-16.246952443681003,28.542747369068877],"type":"Point"},"type":"Feature"},{"properties":{"intensity":0.00004033147092808686},"geometry":{"coordinates":[-16.244163155411446,28.545444479628753],"type":"Point"},"type":"Feature"},{"properties":{"intensity":0.0000033995790015216503},"geometry":{"coordinates":[-16.2409654622555,28.550807765566006],"type":"Point"},"type":"Feature"},{"properties":{"intensity":0.000015120586379350794},"geometry":{"coordinates":[-16.23800801508396,28.551394344750403],"type":"Point"},"type":"Feature"},{"properties":{"intensity":0.000058919166374592254},"geometry":{"coordinates":[-16.24170096604343,28.55512420990557],"type":"Point"},"type":"Feature"},{"properties":{"intensity":0.0008052850027492741},"geometry":{"coordinates":[-16.247604473823863,28.555575499192813],"type":"Point"},"type":"Feature"},{"properties":{"intensity":0.00004562447910700875},"geometry":{"coordinates":[-16.24187366509107,28.555032375932615],"type":"Point"},"type":"Feature"},{"properties":{"intensity":0.000016800615471757383},"geometry":{"coordinates":[-16.238242458199277,28.551338053966997],"type":"Point"},"type":"Feature"},{"properties":{"intensity":0.0000075022793422984215},"geometry":{"coordinates":[-16.2417207318482,28.55071060504682],"type":"Point"},"type":"Feature"},{"properties":{"intensity":0.000016703620213515378},"geometry":{"coordinates":[-16.24422532473736,28.5455161131898],"type":"Point"},"type":"Feature"},{"properties":{"intensity":0.000021579627289704207},"geometry":{"coordinates":[-16.247095096423227,28.542709957234035],"type":"Point"},"type":"Feature"},{"properties":{"intensity":0.000027760581945953857},"geometry":{"coordinates":[-16.249388264697046,28.538690619239],"type":"Point"},"type":"Feature"},{"properties":{"intensity":0.000018367905888776877},"geometry":{"coordinates":[-16.251984185355266,28.533495149702457],"type":"Point"},"type":"Feature"},{"properties":{"intensity":0.004234352271769224},"geometry":{"coordinates":[-16.252533873629382,28.53330957271029],"type":"Point"},"type":"Feature"},{"properties":{"intensity":0.004182117314514608},"geometry":{"coordinates":[-16.262700498311133,28.534830968950374],"type":"Point"},"type":"Feature"},{"properties":{"intensity":0.00006846201229133735},"geometry":{"coordinates":[-16.392205507073943,28.517491249803534],"type":"Point"},"type":"Feature"},{"properties":{"intensity":0.00004977302174638254},"geometry":{"coordinates":[-16.394654094447286,28.51798056714414],"type":"Point"},"type":"Feature"},{"properties":{"intensity":0.00007437531344958034},"geometry":{"coordinates":[-16.395803859587982,28.519936239580133],"type":"Point"},"type":"Feature"},{"properties":{"intensity":0.00009359101131013364},"geometry":{"coordinates":[-16.39660070432118,28.522247510195065],"type":"Point"},"type":"Feature"},{"properties":{"intensity":0.00011100167557111387},"geometry":{"coordinates":[-16.39500502916727,28.522128530167524],"type":"Point"},"type":"Feature"},{"properties":{"intensity":0.0002228382435933819},"geometry":{"coordinates":[-16.392239847088973,28.52166051746835],"type":"Point"},"type":"Feature"},{"properties":{"intensity":0.00007426870769008294},"geometry":{"coordinates":[-16.390202711922196,28.521383551944233],"type":"Point"},"type":"Feature"},{"properties":{"intensity":0.00011451234873833918},"geometry":{"coordinates":[-16.386843669796676,28.522383580591956],"type":"Point"},"type":"Feature"},{"properties":{"intensity":0.0003235722641414596},"geometry":{"coordinates":[-16.383502167797424,28.523166744930464],"type":"Point"},"type":"Feature"},{"properties":{"intensity":0.000022165710113364814},"geometry":{"coordinates":[-16.382240649741874,28.524379935475288],"type":"Point"},"type":"Feature"},{"properties":{"intensity":0.0000013984652529371198},"geometry":{"coordinates":[-16.38010333370681,28.526612835487438],"type":"Point"},"type":"Feature"},{"properties":{"intensity":0.000008061740869872808},"geometry":{"coordinates":[-16.38157567332413,28.528240446259712],"type":"Point"},"type":"Feature"},{"properties":{"intensity":0.000002643660192938109},"geometry":{"coordinates":[-16.387483611792476,28.53379385996606],"type":"Point"},"type":"Feature"},{"properties":{"intensity":0.000001562990576812075},"geometry":{"coordinates":[-16.39431365610179,28.53869674741624],"type":"Point"},"type":"Feature"},{"properties":{"intensity":0.00001538311778230832},"geometry":{"coordinates":[-16.39620066445488,28.536863307968535],"type":"Point"},"type":"Feature"},{"properties":{"intensity":0.0000016452532387495527},"geometry":{"coordinates":[-16.394241054692152,28.538616266822533],"type":"Point"},"type":"Feature"},{"properties":{"intensity":0.0000028306955386907143},"geometry":{"coordinates":[-16.386622132510258,28.53278281785241],"type":"Point"},"type":"Feature"},{"properties":{"intensity":6.58101295499821e-7},"geometry":{"coordinates":[-16.38158365502512,28.528068886984002],"type":"Point"},"type":"Feature"},{"properties":{"intensity":0.0000011629322780635117},"geometry":{"coordinates":[-16.380256129673104,28.526575182123334],"type":"Point"},"type":"Feature"},{"properties":{"intensity":0.000049752156234188314},"geometry":{"coordinates":[-16.38200155014693,28.52485167709488],"type":"Point"},"type":"Feature"},{"properties":{"intensity":0.005435816999501987},"geometry":{"coordinates":[-16.31371566670697,28.48506876473095],"type":"Point"},"type":"Feature"},{"properties":{"intensity":0.0009422830520389291},"geometry":{"coordinates":[-16.308650364348967,28.480216843506998],"type":"Point"},"type":"Feature"},{"properties":{"intensity":0.010561249636846456},"geometry":{"coordinates":[-16.30708967581387,28.479563978473365],"type":"Point"},"type":"Feature"},{"properties":{"intensity":0.0019570927300657224},"geometry":{"coordinates":[-16.302460199136732,28.475222066820645],"type":"Point"},"type":"Feature"},{"properties":{"intensity":0.0010345827695536196},"geometry":{"coordinates":[-16.301863093800893,28.47733972572393],"type":"Point"},"type":"Feature"},{"properties":{"intensity":0.003599463993377101},"geometry":{"coordinates":[-16.297480377937468,28.475612639212635],"type":"Point"},"type":"Feature"},{"properties":{"intensity":0.0015968055568366694},"geometry":{"coordinates":[-16.294093507637402,28.473451740192008],"type":"Point"},"type":"Feature"},{"properties":{"intensity":0.0007353304790118928},"geometry":{"coordinates":[-16.290958876793688,28.474384075798678],"type":"Point"},"type":"Feature"},{"properties":{"intensity":0.001772551236371945},"geometry":{"coordinates":[-16.289342948546164,28.4725311458544],"type":"Point"},"type":"Feature"},{"properties":{"intensity":0.002856874455661284},"geometry":{"coordinates":[-16.28333736586073,28.469176340654553],"type":"Point"},"type":"Feature"},{"properties":{"intensity":0.003848685605349546},"geometry":{"coordinates":[-16.28783369213957,28.471047227146308],"type":"Point"},"type":"Feature"},{"properties":{"intensity":0.0010682456696102629},"geometry":{"coordinates":[-16.291617567833224,28.473953626550564],"type":"Point"},"type":"Feature"},{"properties":{"intensity":0.0019343174008794387},"geometry":{"coordinates":[-16.294084614548808,28.473560129710226],"type":"Point"},"type":"Feature"},{"properties":{"intensity":0.005307481345892365},"geometry":{"coordinates":[-16.29726689348869,28.475695904655723],"type":"Point"},"type":"Feature"},{"properties":{"intensity":0.001380058982076022},"geometry":{"coordinates":[-16.30197577250624,28.477365723006056],"type":"Point"},"type":"Feature"},{"properties":{"intensity":0.005184988192619413},"geometry":{"coordinates":[-16.302582756660797,28.47522089286708],"type":"Point"},"type":"Feature"},{"properties":{"intensity":0.0018166460602186542},"geometry":{"coordinates":[-16.30670567222904,28.479901608355316],"type":"Point"},"type":"Feature"},{"properties":{"intensity":0.012312115418881591},"geometry":{"coordinates":[-16.312918529435517,28.486692003859922],"type":"Point"},"type":"Feature"},{"properties":{"intensity":0.01219999610940424},"geometry":{"coordinates":[-16.312942319893004,28.42828847303837],"type":"Point"},"type":"Feature"},{"properties":{"intensity":0.0005104194957366251},"geometry":{"coordinates":[-16.314061648264417,28.427158519520848],"type":"Point"},"type":"Feature"},{"properties":{"intensity":0.04470381518049105},"geometry":{"coordinates":[-16.30325819156344,28.427027716829357],"type":"Point"},"type":"Feature"},{"properties":{"intensity":0.05154645196581635},"geometry":{"coordinates":[-16.271088912679314,28.46473351273097],"type":"Point"},"type":"Feature"},{"properties":{"intensity":0.03571451786633502},"geometry":{"coordinates":[-16.302641193413017,28.42583323759655],"type":"Point"},"type":"Feature"},{"properties":{"intensity":0.006721851684498395},"geometry":{"coordinates":[-16.30634122835056,28.437810636792772],"type":"Point"},"type":"Feature"},{"properties":{"intensity":0.004897416303642151},"geometry":{"coordinates":[-16.309954923288913,28.425302759040115],"type":"Point"},"type":"Feature"},{"properties":{"intensity":0.006333798173539496},"geometry":{"coordinates":[-16.30828664293433,28.425797150305723],"type":"Point"},"type":"Feature"},{"properties":{"intensity":0.011538243158027262},"geometry":{"coordinates":[-16.30803021350549,28.42570033462386],"type":"Point"},"type":"Feature"},{"properties":{"intensity":0.009276318941013523},"geometry":{"coordinates":[-16.309925409535392,28.42539329740342],"type":"Point"},"type":"Feature"},{"properties":{"intensity":0.014798927017787379},"geometry":{"coordinates":[-16.31268008971534,28.42772240008645],"type":"Point"},"type":"Feature"},{"properties":{"intensity":0.00454158398793458},"geometry":{"coordinates":[-16.353430474273253,28.48972431410985],"type":"Point"},"type":"Feature"},{"properties":{"intensity":0.004575625054550397},"geometry":{"coordinates":[-16.356970855165795,28.49017638198674],"type":"Point"},"type":"Feature"},{"properties":{"intensity":0.004728997447662052},"geometry":{"coordinates":[-16.361523642539776,28.490708472497232],"type":"Point"},"type":"Feature"},{"properties":{"intensity":0.00015099448535019542},"geometry":{"coordinates":[-16.36319937850853,28.490736803615206],"type":"Point"},"type":"Feature"},{"properties":{"intensity":0.00010839488086436023},"geometry":{"coordinates":[-16.36690300483324,28.490374701944596],"type":"Point"},"type":"Feature"},{"properties":{"intensity":0.00024358614687614624},"geometry":{"coordinates":[-16.36937510081533,28.490367870828816],"type":"Point"},"type":"Feature"},{"properties":{"intensity":0.0001417928879221333},"geometry":{"coordinates":[-16.369732251962784,28.49033719669043],"type":"Point"},"type":"Feature"},{"properties":{"intensity":0.00006141872163300562},"geometry":{"coordinates":[-16.36649361854141,28.490315641382708],"type":"Point"},"type":"Feature"},{"properties":{"intensity":0.0054102545479189365},"geometry":{"coordinates":[-16.36145109974229,28.490627971836442],"type":"Point"},"type":"Feature"},{"properties":{"intensity":0.004359849820325007},"geometry":{"coordinates":[-16.35694881069139,28.490050248399708],"type":"Point"},"type":"Feature"},{"properties":{"intensity":0.004876448731376811},"geometry":{"coordinates":[-16.353582998181526,28.48966864379855],"type":"Point"},"type":"Feature"},{"properties":{"intensity":0.008999047724013087},"geometry":{"coordinates":[-16.30178570134598,28.4435222602384],"type":"Point"},"type":"Feature"},{"properties":{"intensity":0.00018107921935174654},"geometry":{"coordinates":[-16.193274815184363,28.504916347102316],"type":"Point"},"type":"Feature"},{"properties":{"intensity":0.014196289857511687},"geometry":{"coordinates":[-16.306663726156703,28.436634235152187],"type":"Point"},"type":"Feature"},{"properties":{"intensity":0.0010769736137489},"geometry":{"coordinates":[-16.274851703479765,28.464237997842574],"type":"Point"},"type":"Feature"},{"properties":{"intensity":0.002253593465506102},"geometry":{"coordinates":[-16.27499662393583,28.46439909764601],"type":"Point"},"type":"Feature"},{"properties":{"intensity":0.05621581046902867},"geometry":{"coordinates":[-16.3040788192763,28.466460949502714],"type":"Point"},"type":"Feature"},{"properties":{"intensity":0.010744840019151158},"geometry":{"coordinates":[-16.331813383691816,28.568502737600415],"type":"Point"},"type":"Feature"},{"properties":{"intensity":0.040027453817681},"geometry":{"coordinates":[-16.309653373603346,28.50851068500198],"type":"Point"},"type":"Feature"},{"properties":{"intensity":0.0431954317658549},"geometry":{"coordinates":[-16.306301923190997,28.511819144037922],"type":"Point"},"type":"Feature"},{"properties":{"intensity":0.04623363063074339},"geometry":{"coordinates":[-16.30663584629845,28.511554198403104],"type":"Point"},"type":"Feature"},{"properties":{"intensity":0.04377163491504868},"geometry":{"coordinates":[-16.31004812952573,28.5082090436122],"type":"Point"},"type":"Feature"},{"properties":{"intensity":0.016710154149638983},"geometry":{"coordinates":[-16.285248175229494,28.526577851643907],"type":"Point"},"type":"Feature"},{"properties":{"intensity":0.006657090141219172},"geometry":{"coordinates":[-16.28002482657415,28.472294258529274],"type":"Point"},"type":"Feature"},{"properties":{"intensity":0.0065509027292555855},"geometry":{"coordinates":[-16.435378294566178,28.479831512618066],"type":"Point"},"type":"Feature"},{"properties":{"intensity":0.008933191400311534},"geometry":{"coordinates":[-16.303918825002,28.463411898681162],"type":"Point"},"type":"Feature"},{"properties":{"intensity":0.004819826792805547},"geometry":{"coordinates":[-16.30144017536063,28.468670371049782],"type":"Point"},"type":"Feature"},{"properties":{"intensity":0.002930876595029733},"geometry":{"coordinates":[-16.300159776877063,28.471706126569682],"type":"Point"},"type":"Feature"},{"properties":{"intensity":0.0055701041765363595},"geometry":{"coordinates":[-16.301645642114757,28.4687676840803],"type":"Point"},"type":"Feature"},{"properties":{"intensity":0.023626767428055067},"geometry":{"coordinates":[-16.30331221005752,28.46724448205719],"type":"Point"},"type":"Feature"},{"properties":{"intensity":0.08916084200161342},"geometry":{"coordinates":[-16.3232763058336,28.48827931315354],"type":"Point"},"type":"Feature"},{"properties":{"intensity":0.00836001420104281},"geometry":{"coordinates":[-16.336456407206718,28.425117369401036],"type":"Point"},"type":"Feature"},{"properties":{"intensity":0.0009203882998494779},"geometry":{"coordinates":[-16.325417458240164,28.485496703011933],"type":"Point"},"type":"Feature"},{"properties":{"intensity":0.18611801254856636},"geometry":{"coordinates":[-16.25128083368555,28.459167937481162],"type":"Point"},"type":"Feature"},{"properties":{"intensity":0.004561274795028243},"geometry":{"coordinates":[-16.320973570551683,28.401657964396534],"type":"Point"},"type":"Feature"},{"properties":{"intensity":0.00005730887755549858},"geometry":{"coordinates":[-16.398803904494134,28.487866074286742],"type":"Point"},"type":"Feature"},{"properties":{"intensity":0.000189676780331323},"geometry":{"coordinates":[-16.400848065410113,28.4894966306625],"type":"Point"},"type":"Feature"},{"properties":{"intensity":0.00006740979704697981},"geometry":{"coordinates":[-16.40230306554608,28.486737977065754],"type":"Point"},"type":"Feature"},{"properties":{"intensity":0.008819281146269588},"geometry":{"coordinates":[-16.334116135329367,28.442839089703757],"type":"Point"},"type":"Feature"},{"properties":{"intensity":0.004839421949231071},"geometry":{"coordinates":[-16.319671890918514,28.48759232492593],"type":"Point"},"type":"Feature"},{"properties":{"intensity":0.03950732268518442},"geometry":{"coordinates":[-16.299512310204875,28.446332848378564],"type":"Point"},"type":"Feature"},{"properties":{"intensity":0.01817170362164115},"geometry":{"coordinates":[-16.282440915781226,28.462605251469938],"type":"Point"},"type":"Feature"},{"properties":{"intensity":0.0069009060063373075},"geometry":{"coordinates":[-16.320808876135466,28.48127256943078],"type":"Point"},"type":"Feature"},{"properties":{"intensity":0.04621524885436809},"geometry":{"coordinates":[-16.315551975573797,28.498877831197376],"type":"Point"},"type":"Feature"},{"properties":{"intensity":0.0392018287165602},"geometry":{"coordinates":[-16.319403608214277,28.495591375547935],"type":"Point"},"type":"Feature"},{"properties":{"intensity":0.04240571415573455},"geometry":{"coordinates":[-16.32212454528139,28.49258657731544],"type":"Point"},"type":"Feature"},{"properties":{"intensity":0.005031257670020968},"geometry":{"coordinates":[-16.30968761540726,28.431785592025328],"type":"Point"},"type":"Feature"},{"properties":{"intensity":0.004502875757930515},"geometry":{"coordinates":[-16.310924539242276,28.431078726779525],"type":"Point"},"type":"Feature"},{"properties":{"intensity":0.005196821487364816},"geometry":{"coordinates":[-16.310550843417484,28.428094907927907],"type":"Point"},"type":"Feature"},{"properties":{"intensity":0.004520158762353804},"geometry":{"coordinates":[-16.309538429789054,28.428790584214013],"type":"Point"},"type":"Feature"},{"properties":{"intensity":0.004514371665089567},"geometry":{"coordinates":[-16.308329487608702,28.430110897264704],"type":"Point"},"type":"Feature"},{"properties":{"intensity":0.009227005247905339},"geometry":{"coordinates":[-16.30569767911841,28.467708972638224],"type":"Point"},"type":"Feature"},{"properties":{"intensity":0.0042684102811890254},"geometry":{"coordinates":[-16.3123561259377,28.492428532269173],"type":"Point"},"type":"Feature"},{"properties":{"intensity":0.000037024142221755785},"geometry":{"coordinates":[-16.311205299357884,28.494371063117462],"type":"Point"},"type":"Feature"},{"properties":{"intensity":0.000028595919519952036},"geometry":{"coordinates":[-16.309105538506167,28.496412981440404],"type":"Point"},"type":"Feature"},{"properties":{"intensity":0.000010339930051720543},"geometry":{"coordinates":[-16.308286707875887,28.497946149909914],"type":"Point"},"type":"Feature"},{"properties":{"intensity":0.000010856016045223058},"geometry":{"coordinates":[-16.30652923250491,28.49792695485922],"type":"Point"},"type":"Feature"},{"properties":{"intensity":0.000017463838862306338},"geometry":{"coordinates":[-16.304384685135915,28.498001706061068],"type":"Point"},"type":"Feature"},{"properties":{"intensity":0.0003092290957717294},"geometry":{"coordinates":[-16.300653113694715,28.500293808907788],"type":"Point"},"type":"Feature"},{"properties":{"intensity":0.00005582448348925944},"geometry":{"coordinates":[-16.30474199899525,28.497980225581205],"type":"Point"},"type":"Feature"},{"properties":{"intensity":0.000038297791533525264},"geometry":{"coordinates":[-16.306478822973965,28.49798159156064],"type":"Point"},"type":"Feature"},{"properties":{"intensity":0.000024696820196914674},"geometry":{"coordinates":[-16.30820000160853,28.49837117591275],"type":"Point"},"type":"Feature"},{"properties":{"intensity":0.00007941319051912014},"geometry":{"coordinates":[-16.305408114224274,28.50063630822462],"type":"Point"},"type":"Feature"},{"properties":{"intensity":0.000052772987571999644},"geometry":{"coordinates":[-16.302687157582298,28.503694936323658],"type":"Point"},"type":"Feature"},{"properties":{"intensity":0.00012435256990254518},"geometry":{"coordinates":[-16.30073464519438,28.505275025891887],"type":"Point"},"type":"Feature"},{"properties":{"intensity":0.00011048723408729478},"geometry":{"coordinates":[-16.30109716095131,28.50650802868897],"type":"Point"},"type":"Feature"},{"properties":{"intensity":0.000018988764566094523},"geometry":{"coordinates":[-16.328780249555855,28.48973285268315],"type":"Point"},"type":"Feature"},{"properties":{"intensity":0.000012802499248796892},"geometry":{"coordinates":[-16.332248728636475,28.489346916274563],"type":"Point"},"type":"Feature"},{"properties":{"intensity":0.000017306268709162787},"geometry":{"coordinates":[-16.334365370973536,28.48869438383453],"type":"Point"},"type":"Feature"},{"properties":{"intensity":0.0000418766284552264},"geometry":{"coordinates":[-16.33653055644795,28.487842785004478],"type":"Point"},"type":"Feature"},{"properties":{"intensity":0.00003374653526487893},"geometry":{"coordinates":[-16.339636843599166,28.483859127173965],"type":"Point"},"type":"Feature"},{"properties":{"intensity":0.000018347040376582654},"geometry":{"coordinates":[-16.33539856430963,28.483936925372998],"type":"Point"},"type":"Feature"},{"properties":{"intensity":0.000022452396047883414},"geometry":{"coordinates":[-16.330185364566688,28.48528767892321],"type":"Point"},"type":"Feature"},{"properties":{"intensity":0.000048982138518143116},"geometry":{"coordinates":[-16.326340329243816,28.485776512854457],"type":"Point"},"type":"Feature"},{"properties":{"intensity":0.00036773030280705426},"geometry":{"coordinates":[-16.32358754345093,28.484566871321952],"type":"Point"},"type":"Feature"},{"properties":{"intensity":0.00007233822446049937},"geometry":{"coordinates":[-16.333546847259832,28.491030945632183],"type":"Point"},"type":"Feature"},{"properties":{"intensity":0.00001303556545914536},"geometry":{"coordinates":[-16.336077474078245,28.493235344484955],"type":"Point"},"type":"Feature"},{"properties":{"intensity":0.00008512225697078085},"geometry":{"coordinates":[-16.333113266149716,28.493923296554723],"type":"Point"},"type":"Feature"},{"properties":{"intensity":0.000027664220376554717},"geometry":{"coordinates":[-16.330454586744903,28.49372371412159],"type":"Point"},"type":"Feature"},{"properties":{"intensity":0.00007690402475945139},"geometry":{"coordinates":[-16.316114791685404,28.496480668686264],"type":"Point"},"type":"Feature"},{"properties":{"intensity":0.00015856037204991705},"geometry":{"coordinates":[-16.317635235601376,28.492224029738384],"type":"Point"},"type":"Feature"},{"properties":{"intensity":0.000774970204186816},"geometry":{"coordinates":[-16.319840373387212,28.491282051866072],"type":"Point"},"type":"Feature"},{"properties":{"intensity":0.000017651696462900654},"geometry":{"coordinates":[-16.32034112619053,28.43049131256704],"type":"Point"},"type":"Feature"},{"properties":{"intensity":0.00487434102727527},"geometry":{"coordinates":[-16.31760507127202,28.432981762824348],"type":"Point"},"type":"Feature"},{"properties":{"intensity":0.005267576474018613},"geometry":{"coordinates":[-16.316263334376686,28.43676736718306],"type":"Point"},"type":"Feature"},{"properties":{"intensity":0.004626084941105199},"geometry":{"coordinates":[-16.313284066939392,28.438601231365237],"type":"Point"},"type":"Feature"},{"properties":{"intensity":0.005876605238229177},"geometry":{"coordinates":[-16.311035123630646,28.44004893089407],"type":"Point"},"type":"Feature"},{"properties":{"intensity":0.00004645962811500809},"geometry":{"coordinates":[-16.30941258756793,28.44178840720749],"type":"Point"},"type":"Feature"},{"properties":{"intensity":0.00003204829599080211},"geometry":{"coordinates":[-16.30612784695628,28.44537599001571],"type":"Point"},"type":"Feature"},{"properties":{"intensity":0.013429524252871897},"geometry":{"coordinates":[-16.304388516794777,28.44676453853982],"type":"Point"},"type":"Feature"},{"properties":{"intensity":0.01330626282251934},"geometry":{"coordinates":[-16.3045412295252,28.44672697281381],"type":"Point"},"type":"Feature"},{"properties":{"intensity":0.000053388912720267},"geometry":{"coordinates":[-16.305808435851354,28.445974733293927],"type":"Point"},"type":"Feature"},{"properties":{"intensity":0.0000836736495790393},"geometry":{"coordinates":[-16.309456205906972,28.442013622918093],"type":"Point"},"type":"Feature"},{"properties":{"intensity":0.00019389867681106807},"geometry":{"coordinates":[-16.31134041324849,28.43996476072723],"type":"Point"},"type":"Feature"},{"properties":{"intensity":0.00008016892076170483},"geometry":{"coordinates":[-16.313174102234065,28.438791826160923],"type":"Point"},"type":"Feature"},{"properties":{"intensity":0.00011779103450690291},"geometry":{"coordinates":[-16.316346908505082,28.43691999083568],"type":"Point"},"type":"Feature"},{"properties":{"intensity":0.00005154252522830319},"geometry":{"coordinates":[-16.31806145684476,28.43273365791984],"type":"Point"},"type":"Feature"},{"properties":{"intensity":0.022827643622228076},"geometry":{"coordinates":[-16.320886785068424,28.430856060289873],"type":"Point"},"type":"Feature"},{"properties":{"intensity":0.000011106281616401194},"geometry":{"coordinates":[-16.329140344510662,28.49482863480145],"type":"Point"},"type":"Feature"},{"properties":{"intensity":0.00018715920345723825},"geometry":{"coordinates":[-16.331739859242408,28.497637134905858],"type":"Point"},"type":"Feature"},{"properties":{"intensity":0.00024405550032536373},"geometry":{"coordinates":[-16.33202295296163,28.49658742557328],"type":"Point"},"type":"Feature"},{"properties":{"intensity":0.00046591937092096557},"geometry":{"coordinates":[-16.270744801132878,28.45816618759813],"type":"Point"},"type":"Feature"},{"properties":{"intensity":0.00018640062931813073},"geometry":{"coordinates":[-16.270935323299394,28.45701817273677],"type":"Point"},"type":"Feature"},{"properties":{"intensity":0.0005128278115206884},"geometry":{"coordinates":[-16.272012560358736,28.45486906736088],"type":"Point"},"type":"Feature"},{"properties":{"intensity":0.000015899203775810832},"geometry":{"coordinates":[-16.275640876360878,28.450006467726556],"type":"Point"},"type":"Feature"},{"properties":{"intensity":0.000058776705949750935},"geometry":{"coordinates":[-16.27678147130708,28.448894661575977],"type":"Point"},"type":"Feature"},{"properties":{"intensity":0.00034263786013329105},"geometry":{"coordinates":[-16.27474889155245,28.448859566951548],"type":"Point"},"type":"Feature"},{"properties":{"intensity":0.00014020915240827952},"geometry":{"coordinates":[-16.274944125007753,28.450662832578658],"type":"Point"},"type":"Feature"},{"properties":{"intensity":0.07602294342594096},"geometry":{"coordinates":[-16.27499828559289,28.451772458162296],"type":"Point"},"type":"Feature"},{"properties":{"intensity":0.0002373598476284498},"geometry":{"coordinates":[-16.27187711303109,28.454644696881537],"type":"Point"},"type":"Feature"},{"properties":{"intensity":0.00012016286193677946},"geometry":{"coordinates":[-16.27064359913494,28.454827707470077],"type":"Point"},"type":"Feature"},{"properties":{"intensity":0.0000931891199357028},"geometry":{"coordinates":[-16.2694258981993,28.455479884271387],"type":"Point"},"type":"Feature"},{"properties":{"intensity":0.00035471207269043123},"geometry":{"coordinates":[-16.269190155512643,28.457973115394097],"type":"Point"},"type":"Feature"},{"properties":{"intensity":0.012677477819823863},"geometry":{"coordinates":[-16.305081341586774,28.471577755596154],"type":"Point"},"type":"Feature"},{"properties":{"intensity":0.05233356769805063},"geometry":{"coordinates":[-16.304209899838924,28.467154648078363],"type":"Point"},"type":"Feature"},{"properties":{"intensity":0.022696534143814902},"geometry":{"coordinates":[-16.31362473212077,28.483499231604835],"type":"Point"},"type":"Feature"},{"properties":{"intensity":0.010001508398612689},"geometry":{"coordinates":[-16.329007760164384,28.569775725562558],"type":"Point"},"type":"Feature"},{"properties":{"intensity":0.005541123172643984},"geometry":{"coordinates":[-16.314403769329214,28.49278781147162],"type":"Point"},"type":"Feature"},{"properties":{"intensity":0.11861488251036871},"geometry":{"coordinates":[-16.32071303872999,28.483421532213924],"type":"Point"},"type":"Feature"},{"properties":{"intensity":0.03225032807915443},"geometry":{"coordinates":[-16.32312158537116,28.42747690419962],"type":"Point"},"type":"Feature"},{"properties":{"intensity":0.000023586685388179582},"geometry":{"coordinates":[-16.291119578803034,28.486756379275317],"type":"Point"},"type":"Feature"},{"properties":{"intensity":0.00011919499898688685},"geometry":{"coordinates":[-16.291186903887397,28.487252136625347],"type":"Point"},"type":"Feature"},{"properties":{"intensity":0.00002007803386263539},"geometry":{"coordinates":[-16.291817898514836,28.490414054729992],"type":"Point"},"type":"Feature"},{"properties":{"intensity":0.00003236444711792977},"geometry":{"coordinates":[-16.29409080915652,28.494174071293845],"type":"Point"},"type":"Feature"},{"properties":{"intensity":0.00009872221748655088},"geometry":{"coordinates":[-16.29611878681508,28.497106045873608],"type":"Point"},"type":"Feature"},{"properties":{"intensity":0.0016503260829159169},"geometry":{"coordinates":[-16.29876906175646,28.474914406654513],"type":"Point"},"type":"Feature"},{"properties":{"intensity":0.000033400918945142215},"geometry":{"coordinates":[-16.36710965447966,28.5349210680102],"type":"Point"},"type":"Feature"},{"properties":{"intensity":0.0000732960997771389},"geometry":{"coordinates":[-16.363664012162968,28.535596501839017],"type":"Point"},"type":"Feature"},{"properties":{"intensity":0.000040450342519363655},"geometry":{"coordinates":[-16.375217407862184,28.52888258837677],"type":"Point"},"type":"Feature"},{"properties":{"intensity":0.000022622865721649216},"geometry":{"coordinates":[-16.373573523139804,28.530568881886577],"type":"Point"},"type":"Feature"},{"properties":{"intensity":0.00002412180381819405},"geometry":{"coordinates":[-16.380101851983827,28.50138746413416],"type":"Point"},"type":"Feature"},{"properties":{"intensity":0.000021192468511577898},"geometry":{"coordinates":[-16.38013895517232,28.50109828096234],"type":"Point"},"type":"Feature"},{"properties":{"intensity":0.00004809874843786795},"geometry":{"coordinates":[-16.39506480415518,28.511144310671654],"type":"Point"},"type":"Feature"},{"properties":{"intensity":0.00003521335283829071},"geometry":{"coordinates":[-16.394971433386335,28.51103696750003],"type":"Point"},"type":"Feature"},{"properties":{"intensity":0.00004930442256116046},"geometry":{"coordinates":[-16.377895587754754,28.527366290056435],"type":"Point"},"type":"Feature"},{"properties":{"intensity":0.000035706928809915576},"geometry":{"coordinates":[-16.37795771642909,28.527428835926273],"type":"Point"},"type":"Feature"},{"properties":{"intensity":0.000005474355731628823},"geometry":{"coordinates":[-16.349456972641956,28.39644185548772],"type":"Point"},"type":"Feature"},{"properties":{"intensity":0.00000881335983824893},"geometry":{"coordinates":[-16.347982300889242,28.3952470529359],"type":"Point"},"type":"Feature"},{"properties":{"intensity":0.0000029242132115670166},"geometry":{"coordinates":[-16.347146316014452,28.394515239865054],"type":"Point"},"type":"Feature"},{"properties":{"intensity":0.000010211825091186052},"geometry":{"coordinates":[-16.346337878586585,28.39353946317691],"type":"Point"},"type":"Feature"},{"properties":{"intensity":0.000024345259527287114},"geometry":{"coordinates":[-16.344305669689444,28.39506677485546],"type":"Point"},"type":"Feature"},{"properties":{"intensity":0.001593718033094607},"geometry":{"coordinates":[-16.29424393303264,28.45226764679772],"type":"Point"},"type":"Feature"},{"properties":{"intensity":0.12791529986802164},"geometry":{"coordinates":[-16.32453157744459,28.486543250130815],"type":"Point"},"type":"Feature"},{"properties":{"intensity":0.005761235969318415},"geometry":{"coordinates":[-16.312212848919604,28.42543444556385],"type":"Point"},"type":"Feature"},{"properties":{"intensity":0.009625055854866584},"geometry":{"coordinates":[-16.312606888379396,28.42592704546985],"type":"Point"},"type":"Feature"},{"properties":{"intensity":0.037795836025293066},"geometry":{"coordinates":[-16.35113144848947,28.489684008199998],"type":"Point"},"type":"Feature"},{"properties":{"intensity":0.033598493917413284},"geometry":{"coordinates":[-16.350291807096113,28.48952989640511],"type":"Point"},"type":"Feature"},{"properties":{"intensity":0.011658224851935479},"geometry":{"coordinates":[-16.299688233982476,28.42396611624502],"type":"Point"},"type":"Feature"},{"properties":{"intensity":0.10590548136496386},"geometry":{"coordinates":[-16.295481302730025,28.446542769779693],"type":"Point"},"type":"Feature"},{"properties":{"intensity":0.0050882409591075425},"geometry":{"coordinates":[-16.323390818491426,28.401508143473173],"type":"Point"},"type":"Feature"},{"properties":{"intensity":0.00566212469198721},"geometry":{"coordinates":[-16.32679929626914,28.402269221878285],"type":"Point"},"type":"Feature"},{"properties":{"intensity":0.004977252145879284},"geometry":{"coordinates":[-16.32055284777029,28.436030857770383],"type":"Point"},"type":"Feature"},{"properties":{"intensity":0.004828625036730525},"geometry":{"coordinates":[-16.32035483753753,28.435707864386025],"type":"Point"},"type":"Feature"},{"properties":{"intensity":0.005021387371746536},"geometry":{"coordinates":[-16.322848582705607,28.435078947262845],"type":"Point"},"type":"Feature"},{"properties":{"intensity":0.005633428639577882},"geometry":{"coordinates":[-16.322892113709436,28.435295133722086],"type":"Point"},"type":"Feature"},{"properties":{"intensity":0.004254241882333269},"geometry":{"coordinates":[-16.323585406615525,28.432752256225204],"type":"Point"},"type":"Feature"},{"properties":{"intensity":0.004581066090372053},"geometry":{"coordinates":[-16.321631349249003,28.431615992408243],"type":"Point"},"type":"Feature"},{"properties":{"intensity":0.00470525519835587},"geometry":{"coordinates":[-16.32158198695111,28.431751852780465],"type":"Point"},"type":"Feature"},{"properties":{"intensity":0.017895944639791318},"geometry":{"coordinates":[-16.366504751979065,28.451497864263857],"type":"Point"},"type":"Feature"},{"properties":{"intensity":0.002384500374483253},"geometry":{"coordinates":[-16.29625964546822,28.458448924114258],"type":"Point"},"type":"Feature"},{"properties":{"intensity":0.021852139724223712},"geometry":{"coordinates":[-16.314323575710215,28.41034160296842],"type":"Point"},"type":"Feature"},{"properties":{"intensity":0.000175903438254418},"geometry":{"coordinates":[-16.304830781811855,28.45783447980574],"type":"Point"},"type":"Feature"},{"properties":{"intensity":0.009343196086395012},"geometry":{"coordinates":[-16.304075275502793,28.46118112451682],"type":"Point"},"type":"Feature"},{"properties":{"intensity":0.026819788743025954},"geometry":{"coordinates":[-16.319686048044385,28.408132662350678],"type":"Point"},"type":"Feature"},{"properties":{"intensity":0.00516286604042115},"geometry":{"coordinates":[-16.295865062764054,28.456241454630838],"type":"Point"},"type":"Feature"},{"properties":{"intensity":0.025711486999561505},"geometry":{"coordinates":[-16.311514647824747,28.478898617428452],"type":"Point"},"type":"Feature"},{"properties":{"intensity":0.010643589470163903},"geometry":{"coordinates":[-16.307797227845285,28.44660546293134],"type":"Point"},"type":"Feature"},{"properties":{"intensity":0.013447351395900347},"geometry":{"coordinates":[-16.30779090364222,28.44692141320789],"type":"Point"},"type":"Feature"},{"properties":{"intensity":0.0001968033444724328},"geometry":{"coordinates":[-16.421576106907864,28.459814340187176],"type":"Point"},"type":"Feature"},{"properties":{"intensity":0.009116126836855863},"geometry":{"coordinates":[-16.297650590742172,28.479509985723666],"type":"Point"},"type":"Feature"},{"properties":{"intensity":0.002055226086145768},"geometry":{"coordinates":[-16.298130098235493,28.476120885760363],"type":"Point"},"type":"Feature"},{"properties":{"intensity":0.9916666666666667},"geometry":{"coordinates":[-16.31688630187835,28.48044418541573],"type":"Point"},"type":"Feature"},{"properties":{"intensity":0.033779028713938314},"geometry":{"coordinates":[-16.316653024917436,28.48551869187249],"type":"Point"},"type":"Feature"},{"properties":{"intensity":0.005187658384526082},"geometry":{"coordinates":[-16.30569708272362,28.480118881415443],"type":"Point"},"type":"Feature"},{"properties":{"intensity":0.000765837487599459},"geometry":{"coordinates":[-16.304171887869945,28.475702057081037],"type":"Point"},"type":"Feature"},{"properties":{"intensity":0.001107542192645668},"geometry":{"coordinates":[-16.304101393384073,28.475783961642254],"type":"Point"},"type":"Feature"},{"properties":{"intensity":0.000013792306522570614},"geometry":{"coordinates":[-16.416577665181645,28.51533499174559],"type":"Point"},"type":"Feature"},{"properties":{"intensity":0.0003571363204576385},"geometry":{"coordinates":[-16.416511903780552,28.51500174856898],"type":"Point"},"type":"Feature"},{"properties":{"intensity":0.027508046852625326},"geometry":{"coordinates":[-16.317277131824437,28.483951260840964],"type":"Point"},"type":"Feature"},{"properties":{"intensity":0.00015936561074246332},"geometry":{"coordinates":[-16.32801652743625,28.480949649232322],"type":"Point"},"type":"Feature"},{"properties":{"intensity":0.000009831621483791148},"geometry":{"coordinates":[-16.360869397537154,28.537628130516385],"type":"Point"},"type":"Feature"},{"properties":{"intensity":0.000006543770336816032},"geometry":{"coordinates":[-16.361102659470767,28.53987306513178],"type":"Point"},"type":"Feature"},{"properties":{"intensity":0.00031357642647494486},"geometry":{"coordinates":[-16.30804199590309,28.452388398048594],"type":"Point"},"type":"Feature"},{"properties":{"intensity":0.0001484578080487524},"geometry":{"coordinates":[-16.306454542293036,28.450354882987313],"type":"Point"},"type":"Feature"},{"properties":{"intensity":0.000006735105522776055},"geometry":{"coordinates":[-16.361327338549668,28.542244437074046],"type":"Point"},"type":"Feature"},{"properties":{"intensity":0.000005672646088320254},"geometry":{"coordinates":[-16.361847584788134,28.54454966685199],"type":"Point"},"type":"Feature"},{"properties":{"intensity":0.000009830799228949436},"geometry":{"coordinates":[-16.36172320060643,28.546003968737573],"type":"Point"},"type":"Feature"},{"properties":{"intensity":0.000010247234633685953},"geometry":{"coordinates":[-16.36191006312941,28.54463929194435],"type":"Point"},"type":"Feature"},{"properties":{"intensity":0.0000033320489358887017},"geometry":{"coordinates":[-16.361427559169503,28.542090004002876],"type":"Point"},"type":"Feature"},{"properties":{"intensity":0.000006368812256843966},"geometry":{"coordinates":[-16.361150612639584,28.540423120971234],"type":"Point"},"type":"Feature"},{"properties":{"intensity":0.00006590775849706697},"geometry":{"coordinates":[-16.361053929355148,28.536877189954154],"type":"Point"},"type":"Feature"},{"properties":{"intensity":0.00011876383098584581},"geometry":{"coordinates":[-16.380161936202832,28.52640466115004],"type":"Point"},"type":"Feature"},{"properties":{"intensity":0.00014578247245552526},"geometry":{"coordinates":[-16.380356543406887,28.52643878413497],"type":"Point"},"type":"Feature"},{"properties":{"intensity":0.00250995530176896},"geometry":{"coordinates":[-16.30739100829175,28.46338759361819],"type":"Point"},"type":"Feature"},{"properties":{"intensity":0.013459315281285151},"geometry":{"coordinates":[-16.302030758709687,28.42267114318705],"type":"Point"},"type":"Feature"},{"properties":{"intensity":0.000011743517399706794},"geometry":{"coordinates":[-16.2058937795669,28.557920023317806],"type":"Point"},"type":"Feature"},{"properties":{"intensity":0.0000050370548146980824},"geometry":{"coordinates":[-16.205945298398486,28.55795566745405],"type":"Point"},"type":"Feature"},{"properties":{"intensity":0.00044967461881626435},"geometry":{"coordinates":[-16.304656300678936,28.45776395006769],"type":"Point"},"type":"Feature"},{"properties":{"intensity":0.011167983698787493},"geometry":{"coordinates":[-16.269566377241716,28.4552709873794],"type":"Point"},"type":"Feature"},{"properties":{"intensity":0.0035217613849965372},"geometry":{"coordinates":[-16.28283262155611,28.46966847613269],"type":"Point"},"type":"Feature"},{"properties":{"intensity":0.00003093853831406471},"geometry":{"coordinates":[-16.37089995116223,28.546660701145388],"type":"Point"},"type":"Feature"},{"properties":{"intensity":0.028997129153701316},"geometry":{"coordinates":[-16.32116130142763,28.43076314199077],"type":"Point"},"type":"Feature"},{"properties":{"intensity":0.010277444093215687},"geometry":{"coordinates":[-16.320025596362566,28.43386085007209],"type":"Point"},"type":"Feature"},{"properties":{"intensity":0.0007930288615348904},"geometry":{"coordinates":[-16.29594840446904,28.45637604209477],"type":"Point"},"type":"Feature"},{"properties":{"intensity":0.000019144501643555795},"geometry":{"coordinates":[-16.445699838177852,28.464442666320117],"type":"Point"},"type":"Feature"},{"properties":{"intensity":0.000022110445879511254},"geometry":{"coordinates":[-16.4455454378677,28.464354056388643],"type":"Point"},"type":"Feature"},{"properties":{"intensity":0.020930707672828598},"geometry":{"coordinates":[-16.313520650537896,28.4122807956784],"type":"Point"},"type":"Feature"},{"properties":{"intensity":0.020966187977485208},"geometry":{"coordinates":[-16.313388070387862,28.412291099920484],"type":"Point"},"type":"Feature"},{"properties":{"intensity":0.13540390649443332},"geometry":{"coordinates":[-16.320096391162945,28.48229935316356],"type":"Point"},"type":"Feature"},{"properties":{"intensity":0.0263524578559432},"geometry":{"coordinates":[-16.317858128377704,28.408899474904402],"type":"Point"},"type":"Feature"},{"properties":{"intensity":0.00024287644749815745},"geometry":{"coordinates":[-16.297440259087082,28.46146118377187],"type":"Point"},"type":"Feature"},{"properties":{"intensity":0.00039521204423490896},"geometry":{"coordinates":[-16.29372951669854,28.461180638050486],"type":"Point"},"type":"Feature"},{"properties":{"intensity":0.00004876728248946488},"geometry":{"coordinates":[-16.328454609179772,28.492281174961],"type":"Point"},"type":"Feature"},{"properties":{"intensity":0.000053760139515249377},"geometry":{"coordinates":[-16.32807992505821,28.49091298813292],"type":"Point"},"type":"Feature"},{"properties":{"intensity":0.00006683806968762604},"geometry":{"coordinates":[-16.304878794244768,28.504946483207473],"type":"Point"},"type":"Feature"},{"properties":{"intensity":0.00008834650076033275},"geometry":{"coordinates":[-16.30874383529857,28.506840736143978],"type":"Point"},"type":"Feature"},{"properties":{"intensity":0.00008410462901408151},"geometry":{"coordinates":[-16.311426156278667,28.507275166914784],"type":"Point"},"type":"Feature"},{"properties":{"intensity":0.0000363200100616601},"geometry":{"coordinates":[-16.313486865341506,28.503717333860923],"type":"Point"},"type":"Feature"},{"properties":{"intensity":0.000012506391379021741},"geometry":{"coordinates":[-16.316891418568662,28.49896413765149],"type":"Point"},"type":"Feature"},{"properties":{"intensity":0.00002962480248759021},"geometry":{"coordinates":[-16.324079445352385,28.50188167669288],"type":"Point"},"type":"Feature"},{"properties":{"intensity":0.000039758664757046204},"geometry":{"coordinates":[-16.319248917882817,28.50040337633836],"type":"Point"},"type":"Feature"},{"properties":{"intensity":0.000010639515506861395},"geometry":{"coordinates":[-16.31989371945208,28.49885378515039],"type":"Point"},"type":"Feature"},{"properties":{"intensity":0.00011998341545060115},"geometry":{"coordinates":[-16.295334641373326,28.46131879423109],"type":"Point"},"type":"Feature"},{"properties":{"intensity":0.00016003148946353626},"geometry":{"coordinates":[-16.311059015518143,28.45026546440828],"type":"Point"},"type":"Feature"},{"properties":{"intensity":0.0014486479679319008},"geometry":{"coordinates":[-16.31237416092348,28.45174197604561],"type":"Point"},"type":"Feature"},{"properties":{"intensity":0.0007704878133523347},"geometry":{"coordinates":[-16.312998647005077,28.451040995084337],"type":"Point"},"type":"Feature"},{"properties":{"intensity":0.000021183868831163065},"geometry":{"coordinates":[-16.322073879637532,28.49999686063423],"type":"Point"},"type":"Feature"},{"properties":{"intensity":0.000018136672754110687},"geometry":{"coordinates":[-16.322075026311044,28.50090840661401],"type":"Point"},"type":"Feature"},{"properties":{"intensity":0.000030397920657003427},"geometry":{"coordinates":[-16.303549505797932,28.504029630284116],"type":"Point"},"type":"Feature"},{"properties":{"intensity":0.0054465412534771655},"geometry":{"coordinates":[-16.320644447415976,28.481192938593647],"type":"Point"},"type":"Feature"},{"properties":{"intensity":0.00435464216603982},"geometry":{"coordinates":[-16.30019322445738,28.47110110511654],"type":"Point"},"type":"Feature"},{"properties":{"intensity":0.005277349533027611},"geometry":{"coordinates":[-16.297657733692223,28.44581804704887],"type":"Point"},"type":"Feature"},{"properties":{"intensity":0.00046209551109828797},"geometry":{"coordinates":[-16.300377339519464,28.47612648966016],"type":"Point"},"type":"Feature"},{"properties":{"intensity":0.000012625074404299684},"geometry":{"coordinates":[-16.346994229443716,28.52427376225851],"type":"Point"},"type":"Feature"},{"properties":{"intensity":0.008748249445907987},"geometry":{"coordinates":[-16.33011642453083,28.56769808772155],"type":"Point"},"type":"Feature"},{"properties":{"intensity":0.00003672272369093265},"geometry":{"coordinates":[-16.42527219617491,28.502347193349497],"type":"Point"},"type":"Feature"},{"properties":{"intensity":0.000010863793470796179},"geometry":{"coordinates":[-16.423028281571614,28.50186530366299],"type":"Point"},"type":"Feature"},{"properties":{"intensity":0.004216936364838042},"geometry":{"coordinates":[-16.33876912027247,28.437712114294023],"type":"Point"},"type":"Feature"},{"properties":{"intensity":0.004313356940290873},"geometry":{"coordinates":[-16.34163749926501,28.432792122028864],"type":"Point"},"type":"Feature"},{"properties":{"intensity":0.004211210099025552},"geometry":{"coordinates":[-16.342727595960252,28.430985325310903],"type":"Point"},"type":"Feature"},{"properties":{"intensity":0.004224518628643752},"geometry":{"coordinates":[-16.342535794692605,28.4311586991542],"type":"Point"},"type":"Feature"},{"properties":{"intensity":0.004248649597840357},"geometry":{"coordinates":[-16.341625810472273,28.432674907515455],"type":"Point"},"type":"Feature"},{"properties":{"intensity":0.004215149473429293},"geometry":{"coordinates":[-16.338747565347045,28.43762207269506],"type":"Point"},"type":"Feature"},{"properties":{"intensity":0.007450594556930298},"geometry":{"coordinates":[-16.318051769206274,28.480523145663177],"type":"Point"},"type":"Feature"},{"properties":{"intensity":0.0018550101362113528},"geometry":{"coordinates":[-16.298929600901182,28.474678212928115],"type":"Point"},"type":"Feature"},{"properties":{"intensity":0.0064623366864525154},"geometry":{"coordinates":[-16.3004159472867,28.456757603798984],"type":"Point"},"type":"Feature"},{"properties":{"intensity":0.005774975802919349},"geometry":{"coordinates":[-16.57118275832663,28.37722439962531],"type":"Point"},"type":"Feature"},{"properties":{"intensity":0.0006796656027239983},"geometry":{"coordinates":[-16.300561066966786,28.476115707118936],"type":"Point"},"type":"Feature"},{"properties":{"intensity":2.692980076900826e-7},"geometry":{"coordinates":[-16.375097639916678,28.361762704681045],"type":"Point"},"type":"Feature"},{"properties":{"intensity":0.0037151275615303486},"geometry":{"coordinates":[-16.297788805597943,28.476611514955984],"type":"Point"},"type":"Feature"},{"properties":{"intensity":0.00036985749987449213},"geometry":{"coordinates":[-16.304669925301845,28.46552566469317],"type":"Point"},"type":"Feature"},{"properties":{"intensity":0.004998894663440182},"geometry":{"coordinates":[-16.304155326992994,28.460214638827754],"type":"Point"},"type":"Feature"},{"properties":{"intensity":0.005328165613861512},"geometry":{"coordinates":[-16.303737247622145,28.458603098844126],"type":"Point"},"type":"Feature"},{"properties":{"intensity":0.0003237458342685934},"geometry":{"coordinates":[-16.52777737030102,28.385317010114107],"type":"Point"},"type":"Feature"},{"properties":{"intensity":0.000025338544386426536},"geometry":{"coordinates":[-16.416813307993447,28.488618177412807],"type":"Point"},"type":"Feature"},{"properties":{"intensity":0.00011442331947166914},"geometry":{"coordinates":[-16.416905233365117,28.48861721926274],"type":"Point"},"type":"Feature"},{"properties":{"intensity":0.008339758420644872},"geometry":{"coordinates":[-16.847378822659707,28.33469406887761],"type":"Point"},"type":"Feature"},{"properties":{"intensity":0.00834178469974586},"geometry":{"coordinates":[-16.847277633298646,28.334740560725386],"type":"Point"},"type":"Feature"},{"properties":{"intensity":0.004234720466101685},"geometry":{"coordinates":[-16.845798984052017,28.313508407716792],"type":"Point"},"type":"Feature"},{"properties":{"intensity":0.004210764386994205},"geometry":{"coordinates":[-16.845703645447436,28.313302138625982],"type":"Point"},"type":"Feature"},{"properties":{"intensity":0.008356854133165566},"geometry":{"coordinates":[-16.84635425892233,28.33147725575963],"type":"Point"},"type":"Feature"},{"properties":{"intensity":0.008363153770847093},"geometry":{"coordinates":[-16.846302339586657,28.331423812942095],"type":"Point"},"type":"Feature"},{"properties":{"intensity":0.00834951637914714},"geometry":{"coordinates":[-16.849282688047822,28.334496807364545],"type":"Point"},"type":"Feature"},{"properties":{"intensity":0.008337760784481655},"geometry":{"coordinates":[-16.849518155605946,28.334547760060808],"type":"Point"},"type":"Feature"},{"properties":{"intensity":0.00834260467103471},"geometry":{"coordinates":[-16.844081485480377,28.348103621337838],"type":"Point"},"type":"Feature"},{"properties":{"intensity":0.008342264365376021},"geometry":{"coordinates":[-16.84403205312545,28.348194532419456],"type":"Point"},"type":"Feature"},{"properties":{"intensity":0.0002791340495892337},"geometry":{"coordinates":[-16.226724834490014,28.495935971649963],"type":"Point"},"type":"Feature"},{"properties":{"intensity":0.0001225036476552099},"geometry":{"coordinates":[-16.226615539541488,28.4997366956222],"type":"Point"},"type":"Feature"},{"properties":{"intensity":0.000009756313992585077},"geometry":{"coordinates":[-16.37807798184954,28.50524371279595],"type":"Point"},"type":"Feature"},{"properties":{"intensity":0.000012288246330976652},"geometry":{"coordinates":[-16.388431867083934,28.5094523472517],"type":"Point"},"type":"Feature"},{"properties":{"intensity":0.000005773941186769677},"geometry":{"coordinates":[-16.391020995393482,28.510544985477125],"type":"Point"},"type":"Feature"},{"properties":{"intensity":0.0000819915988449516},"geometry":{"coordinates":[-16.292825994527217,28.492660817507016],"type":"Point"},"type":"Feature"},{"properties":{"intensity":0.000019476207621829693},"geometry":{"coordinates":[-16.29191103893367,28.490512448847557],"type":"Point"},"type":"Feature"},{"properties":{"intensity":4.22568320626213e-7},"geometry":{"coordinates":[-16.293195267341886,28.54302780088787],"type":"Point"},"type":"Feature"},{"properties":{"intensity":0.008354701582179727},"geometry":{"coordinates":[-16.39330558670908,28.335602839219746],"type":"Point"},"type":"Feature"},{"properties":{"intensity":0.004177365934813587},"geometry":{"coordinates":[-16.393667864368858,28.33600528032272],"type":"Point"},"type":"Feature"},{"properties":{"intensity":0.0002650094713903926},"geometry":{"coordinates":[-16.527267084802908,28.392434442776985],"type":"Point"},"type":"Feature"},{"properties":{"intensity":0.00024313897890111495},"geometry":{"coordinates":[-16.30851742877823,28.449531797473448],"type":"Point"},"type":"Feature"},{"properties":{"intensity":0.00008854946808922929},"geometry":{"coordinates":[-16.310714339155528,28.46619860547701],"type":"Point"},"type":"Feature"},{"properties":{"intensity":0.0004793054182380516},"geometry":{"coordinates":[-16.31053961774472,28.46611003533033],"type":"Point"},"type":"Feature"},{"properties":{"intensity":0.00013314158664323416},"geometry":{"coordinates":[-16.308318171279684,28.46237685992923],"type":"Point"},"type":"Feature"},{"properties":{"intensity":0.013409586258889198},"geometry":{"coordinates":[-16.30287778603485,28.469297409447883],"type":"Point"},"type":"Feature"},{"properties":{"intensity":0.00037013388903460627},"geometry":{"coordinates":[-16.313395617004876,28.44680425079526],"type":"Point"},"type":"Feature"},{"properties":{"intensity":0.0003335663739009044},"geometry":{"coordinates":[-16.31323336633163,28.446896070868128],"type":"Point"},"type":"Feature"},{"properties":{"intensity":0.0012481138515933626},"geometry":{"coordinates":[-16.305097307035084,28.449600748526493],"type":"Point"},"type":"Feature"},{"properties":{"intensity":0.0000825618702606208},"geometry":{"coordinates":[-16.30655520351491,28.45106692388049],"type":"Point"},"type":"Feature"},{"properties":{"intensity":0.00007834010976256838},"geometry":{"coordinates":[-16.345862720019266,28.523689312770983],"type":"Point"},"type":"Feature"},{"properties":{"intensity":9.35176728763025e-8},"geometry":{"coordinates":[-16.366827562297505,28.377261239786858],"type":"Point"},"type":"Feature"},{"properties":{"intensity":0.004350041667099628},"geometry":{"coordinates":[-16.710970026466192,28.37543268341941],"type":"Point"},"type":"Feature"},{"properties":{"intensity":0.00855179363422836},"geometry":{"coordinates":[-16.415177244204806,28.340323563935588],"type":"Point"},"type":"Feature"},{"properties":{"intensity":0.000010729555594371994},"geometry":{"coordinates":[-16.370139152850584,28.533681160832185],"type":"Point"},"type":"Feature"},{"properties":{"intensity":0.00002048239200159137},"geometry":{"coordinates":[-16.365742478142405,28.535891494886794],"type":"Point"},"type":"Feature"},{"properties":{"intensity":0.00004225765431746302},"geometry":{"coordinates":[-16.37574639931574,28.528696727382],"type":"Point"},"type":"Feature"},{"properties":{"intensity":0.00004476195453892781},"geometry":{"coordinates":[-16.38329078333171,28.523412577285573],"type":"Point"},"type":"Feature"},{"properties":{"intensity":0.0002260680546008269},"geometry":{"coordinates":[-16.377947696127293,28.496003224932366],"type":"Point"},"type":"Feature"},{"properties":{"intensity":0.00023804260116266093},"geometry":{"coordinates":[-16.37789556705839,28.495922526539278],"type":"Point"},"type":"Feature"},{"properties":{"intensity":0.00011555109876407792},"geometry":{"coordinates":[-16.425311657194765,28.453556914084047],"type":"Point"},"type":"Feature"},{"properties":{"intensity":0.00015229962149625507},"geometry":{"coordinates":[-16.40498407938032,28.46625021682526],"type":"Point"},"type":"Feature"},{"properties":{"intensity":0.00011291799190238945},"geometry":{"coordinates":[-16.404942157668433,28.466169423176808],"type":"Point"},"type":"Feature"},{"properties":{"intensity":0.00014889706261651795},"geometry":{"coordinates":[-16.374972276693565,28.47136740066411],"type":"Point"},"type":"Feature"},{"properties":{"intensity":0.00014720312318264854},"geometry":{"coordinates":[-16.41726712163155,28.459868330452544],"type":"Point"},"type":"Feature"},{"properties":{"intensity":0.000025779322888722987},"geometry":{"coordinates":[-16.423780934311196,28.460495241900468],"type":"Point"},"type":"Feature"},{"properties":{"intensity":0.00001410068022412515},"geometry":{"coordinates":[-16.423504385561,28.4604349602627],"type":"Point"},"type":"Feature"},{"properties":{"intensity":0.00006164584349346324},"geometry":{"coordinates":[-16.422659273636057,28.460624305234592],"type":"Point"},"type":"Feature"},{"properties":{"intensity":0.00000739668440364158},"geometry":{"coordinates":[-16.42538458343531,28.453664451964496],"type":"Point"},"type":"Feature"},{"properties":{"intensity":0.000008802104827310108},"geometry":{"coordinates":[-16.302574227581346,28.498659870281504],"type":"Point"},"type":"Feature"},{"properties":{"intensity":0.000004288913431687663},"geometry":{"coordinates":[-16.302848712661966,28.498548934965747],"type":"Point"},"type":"Feature"},{"properties":{"intensity":0.000003657621998272908},"geometry":{"coordinates":[-16.154955727529984,28.52802806424034],"type":"Point"},"type":"Feature"},{"properties":{"intensity":0.00003076623556461663},"geometry":{"coordinates":[-16.154708017565536,28.52780453049858],"type":"Point"},"type":"Feature"},{"properties":{"intensity":0.000015286122524066314},"geometry":{"coordinates":[-16.338946644892285,28.554569819038676],"type":"Point"},"type":"Feature"},{"properties":{"intensity":0.000002393394621759973},"geometry":{"coordinates":[-16.339439976326965,28.554781556889417],"type":"Point"},"type":"Feature"},{"properties":{"intensity":0.004172911673803183},"geometry":{"coordinates":[-16.19861837755999,28.53291163988445],"type":"Point"},"type":"Feature"},{"properties":{"intensity":0.004170024703209798},"geometry":{"coordinates":[-16.194250984538975,28.52989046424431],"type":"Point"},"type":"Feature"},{"properties":{"intensity":0.008469762514566699},"geometry":{"coordinates":[-16.391119241083846,28.513359830307742],"type":"Point"},"type":"Feature"},{"properties":{"intensity":0.00001095218904862335},"geometry":{"coordinates":[-16.353769814765172,28.49710360018472],"type":"Point"},"type":"Feature"},{"properties":{"intensity":0.000020999488815934443},"geometry":{"coordinates":[-16.353505145459387,28.497178438300804],"type":"Point"},"type":"Feature"},{"properties":{"intensity":0.00419893266258267},"geometry":{"coordinates":[-16.412577849164848,28.33892450736494],"type":"Point"},"type":"Feature"},{"properties":{"intensity":0.004206138011800351},"geometry":{"coordinates":[-16.4120958423662,28.338730940992825],"type":"Point"},"type":"Feature"},{"properties":{"intensity":0.000028167595415433825},"geometry":{"coordinates":[-16.34964212516747,28.525971296662984],"type":"Point"},"type":"Feature"},{"properties":{"intensity":0.000060277665687976875},"geometry":{"coordinates":[-16.309065660154808,28.45341647368028],"type":"Point"},"type":"Feature"},{"properties":{"intensity":2.467879858124329e-7},"geometry":{"coordinates":[-16.305430428596054,28.46258511342318],"type":"Point"},"type":"Feature"},{"properties":{"intensity":0.013765723371909032},"geometry":{"coordinates":[-16.439483729497674,28.46470715144469],"type":"Point"},"type":"Feature"},{"properties":{"intensity":0.022162276986397375},"geometry":{"coordinates":[-16.44911805378703,28.459722262070546],"type":"Point"},"type":"Feature"},{"properties":{"intensity":0.015374701026806771},"geometry":{"coordinates":[-16.471681624340047,28.43938118507688],"type":"Point"},"type":"Feature"},{"properties":{"intensity":0.020321540871936633},"geometry":{"coordinates":[-16.493022114318443,28.42706419713139],"type":"Point"},"type":"Feature"},{"properties":{"intensity":0.028529961991638535},"geometry":{"coordinates":[-16.493028269118444,28.426775328142337],"type":"Point"},"type":"Feature"},{"properties":{"intensity":0.02615400764804322},"geometry":{"coordinates":[-16.44838113868579,28.459603759387075],"type":"Point"},"type":"Feature"},{"properties":{"intensity":0.02190581118079121},"geometry":{"coordinates":[-16.43817738642692,28.464775122117953],"type":"Point"},"type":"Feature"},{"properties":{"intensity":0.32100097734314786},"geometry":{"coordinates":[-16.519559359402272,28.393702916490316],"type":"Point"},"type":"Feature"},{"properties":{"intensity":0.00465694388749439},"geometry":{"coordinates":[-16.510321169066557,28.39861600374659],"type":"Point"},"type":"Feature"},{"properties":{"intensity":0.005180041941377792},"geometry":{"coordinates":[-16.50752446719071,28.402211879026524],"type":"Point"},"type":"Feature"},{"properties":{"intensity":0.004443504505458381},"geometry":{"coordinates":[-16.50728540369212,28.40839667773308],"type":"Point"},"type":"Feature"},{"properties":{"intensity":0.005253759598654717},"geometry":{"coordinates":[-16.506822285947656,28.413898048929816],"type":"Point"},"type":"Feature"},{"properties":{"intensity":0.010294901257912503},"geometry":{"coordinates":[-16.503222197962245,28.417746407226822],"type":"Point"},"type":"Feature"},{"properties":{"intensity":0.009348276498480357},"geometry":{"coordinates":[-16.49954811266396,28.421433039624414],"type":"Point"},"type":"Feature"},{"properties":{"intensity":0.006425526179101373},"geometry":{"coordinates":[-16.496426045877346,28.424463707603007],"type":"Point"},"type":"Feature"},{"properties":{"intensity":0.013276237853527786},"geometry":{"coordinates":[-16.491078913013602,28.42536171217456],"type":"Point"},"type":"Feature"},{"properties":{"intensity":0.005688861905599112},"geometry":{"coordinates":[-16.4848736260251,28.424030655943124],"type":"Point"},"type":"Feature"},{"properties":{"intensity":0.0063795413510783225},"geometry":{"coordinates":[-16.483252516421096,28.424914735767153],"type":"Point"},"type":"Feature"},{"properties":{"intensity":0.005538417135293543},"geometry":{"coordinates":[-16.477736513157296,28.425425980721865],"type":"Point"},"type":"Feature"},{"properties":{"intensity":0.006992342367987221},"geometry":{"coordinates":[-16.478168965422856,28.427894157420436],"type":"Point"},"type":"Feature"},{"properties":{"intensity":0.0057313552660509075},"geometry":{"coordinates":[-16.474920887706922,28.431467223614383],"type":"Point"},"type":"Feature"},{"properties":{"intensity":0.008314836355025917},"geometry":{"coordinates":[-16.47090732798179,28.435075566804972],"type":"Point"},"type":"Feature"},{"properties":{"intensity":0.007218556382369481},"geometry":{"coordinates":[-16.465888940400507,28.436176623170866],"type":"Point"},"type":"Feature"},{"properties":{"intensity":0.005828490013881394},"geometry":{"coordinates":[-16.46226510059959,28.439202916617425],"type":"Point"},"type":"Feature"},{"properties":{"intensity":0.005514231263588542},"geometry":{"coordinates":[-16.459074267293225,28.444778579104522],"type":"Point"},"type":"Feature"},{"properties":{"intensity":0.006369096994661704},"geometry":{"coordinates":[-16.45802158134333,28.44768692043074],"type":"Point"},"type":"Feature"},{"properties":{"intensity":0.005246138998012599},"geometry":{"coordinates":[-16.45693722113333,28.450523392357784],"type":"Point"},"type":"Feature"},{"properties":{"intensity":0.007359834293922878},"geometry":{"coordinates":[-16.45296552281937,28.45430225976179],"type":"Point"},"type":"Feature"},{"properties":{"intensity":0.005438997280288244},"geometry":{"coordinates":[-16.449233063814415,28.457672338065965],"type":"Point"},"type":"Feature"},{"properties":{"intensity":0.00016278997796438893},"geometry":{"coordinates":[-16.458336457638676,28.444587936528393],"type":"Point"},"type":"Feature"},{"properties":{"intensity":0.00018538262422943368},"geometry":{"coordinates":[-16.455986192897665,28.446697905092222],"type":"Point"},"type":"Feature"},{"properties":{"intensity":0.0001571232762259595},"geometry":{"coordinates":[-16.453260503477384,28.44824326360251],"type":"Point"},"type":"Feature"},{"properties":{"intensity":0.00022320909325636656},"geometry":{"coordinates":[-16.45140519399393,28.450717898209238],"type":"Point"},"type":"Feature"},{"properties":{"intensity":0.0001086471680772195},"geometry":{"coordinates":[-16.447544999593593,28.452952128182986],"type":"Point"},"type":"Feature"},{"properties":{"intensity":0.000018810328900756752},"geometry":{"coordinates":[-16.445804475716894,28.456373105932823],"type":"Point"},"type":"Feature"},{"properties":{"intensity":0.02287589492924699},"geometry":{"coordinates":[-16.413941176064025,28.47546233622979],"type":"Point"},"type":"Feature"},{"properties":{"intensity":0.0509811316352228},"geometry":{"coordinates":[-16.54614178699176,28.413809214887937],"type":"Point"},"type":"Feature"},{"properties":{"intensity":0.04599867967714666},"geometry":{"coordinates":[-16.542030544346865,28.4132782407432],"type":"Point"},"type":"Feature"},{"properties":{"intensity":0.049936621538076056},"geometry":{"coordinates":[-16.539510781384845,28.41409192499453],"type":"Point"},"type":"Feature"},{"properties":{"intensity":0.03990134947854228},"geometry":{"coordinates":[-16.53401617372507,28.40823355872984],"type":"Point"},"type":"Feature"},{"properties":{"intensity":0.033661538294150535},"geometry":{"coordinates":[-16.528054808149957,28.40608043451534],"type":"Point"},"type":"Feature"},{"properties":{"intensity":0.03505287773084585},"geometry":{"coordinates":[-16.521061367511184,28.404543248320152],"type":"Point"},"type":"Feature"},{"properties":{"intensity":0.04758777250362117},"geometry":{"coordinates":[-16.52152815384458,28.39792269964735],"type":"Point"},"type":"Feature"},{"properties":{"intensity":0.022104961805443697},"geometry":{"coordinates":[-16.520143033357968,28.391692848473173],"type":"Point"},"type":"Feature"},{"properties":{"intensity":0.01774823616418943},"geometry":{"coordinates":[-16.519042993644295,28.3904145396272],"type":"Point"},"type":"Feature"},{"properties":{"intensity":0.008904954021080335},"geometry":{"coordinates":[-16.52709889552936,28.384972640507645],"type":"Point"},"type":"Feature"},{"properties":{"intensity":0.013451227614434196},"geometry":{"coordinates":[-16.53204674494347,28.382020066303138],"type":"Point"},"type":"Feature"},{"properties":{"intensity":0.007755787125466843},"geometry":{"coordinates":[-16.533859028999167,28.380312000815973],"type":"Point"},"type":"Feature"},{"properties":{"intensity":0.009691212144663074},"geometry":{"coordinates":[-16.537479446734025,28.379449924103714],"type":"Point"},"type":"Feature"},{"properties":{"intensity":0.0006791123421031599},"geometry":{"coordinates":[-16.53964432018795,28.378847880958535],"type":"Point"},"type":"Feature"},{"properties":{"intensity":0.0005031539487560397},"geometry":{"coordinates":[-16.54413865111482,28.37985295047563],"type":"Point"},"type":"Feature"},{"properties":{"intensity":0.0013136129521112664},"geometry":{"coordinates":[-16.54647942550912,28.379420280766173],"type":"Point"},"type":"Feature"},{"properties":{"intensity":0.00745849730269614},"geometry":{"coordinates":[-16.550213990840984,28.377997025080127],"type":"Point"},"type":"Feature"},{"properties":{"intensity":0.008046689873214725},"geometry":{"coordinates":[-16.552785199796528,28.377976775630756],"type":"Point"},"type":"Feature"},{"properties":{"intensity":0.001031341085252933},"geometry":{"coordinates":[-16.555821969757538,28.37699451706541],"type":"Point"},"type":"Feature"},{"properties":{"intensity":0.001938216259052171},"geometry":{"coordinates":[-16.559770660838574,28.376272506322973],"type":"Point"},"type":"Feature"},{"properties":{"intensity":0.005157517474273764},"geometry":{"coordinates":[-16.562201058961218,28.377787932950245],"type":"Point"},"type":"Feature"},{"properties":{"intensity":0.005868464084958575},"geometry":{"coordinates":[-16.563197593912317,28.378245802126713],"type":"Point"},"type":"Feature"},{"properties":{"intensity":0.006997277803155778},"geometry":{"coordinates":[-16.566230969540797,28.379122489752948],"type":"Point"},"type":"Feature"},{"properties":{"intensity":0.0029615687533030635},"geometry":{"coordinates":[-16.571555636555313,28.377599146751237],"type":"Point"},"type":"Feature"},{"properties":{"intensity":0.0006039893849777193},"geometry":{"coordinates":[-16.574363602299204,28.377720158218118],"type":"Point"},"type":"Feature"},{"properties":{"intensity":0.0005131106273313035},"geometry":{"coordinates":[-16.577067599653788,28.377021047914834],"type":"Point"},"type":"Feature"},{"properties":{"intensity":0.00043994232337354774},"geometry":{"coordinates":[-16.579495786170465,28.376992925028972],"type":"Point"},"type":"Feature"},{"properties":{"intensity":0.001960518469833946},"geometry":{"coordinates":[-16.58297508843404,28.37697060265452],"type":"Point"},"type":"Feature"},{"properties":{"intensity":0.00197628501225217},"geometry":{"coordinates":[-16.58292815770927,28.379994488055136],"type":"Point"},"type":"Feature"},{"properties":{"intensity":0.000013162025909996424},"geometry":{"coordinates":[-16.58309580791339,28.380976253782606],"type":"Point"},"type":"Feature"},{"properties":{"intensity":0.000560226041365519},"geometry":{"coordinates":[-16.580893171586396,28.381768943038555],"type":"Point"},"type":"Feature"},{"properties":{"intensity":0.00022347914552805202},"geometry":{"coordinates":[-16.58029584920684,28.38277763570127],"type":"Point"},"type":"Feature"},{"properties":{"intensity":0.0008831046586872864},"geometry":{"coordinates":[-16.579052469769014,28.38426310954087],"type":"Point"},"type":"Feature"},{"properties":{"intensity":0.0007659767115892396},"geometry":{"coordinates":[-16.57559933367313,28.384691156607015],"type":"Point"},"type":"Feature"},{"properties":{"intensity":0.0005450124876047483},"geometry":{"coordinates":[-16.570830874133204,28.38519746233033],"type":"Point"},"type":"Feature"},{"properties":{"intensity":0.0022115574555932756},"geometry":{"coordinates":[-16.566495810102417,28.38603254221496],"type":"Point"},"type":"Feature"},{"properties":{"intensity":0.004382658964271528},"geometry":{"coordinates":[-16.561233166325046,28.388340158147386],"type":"Point"},"type":"Feature"},{"properties":{"intensity":0.0017270149796833048},"geometry":{"coordinates":[-16.558353464699067,28.391008410839373],"type":"Point"},"type":"Feature"},{"properties":{"intensity":0.0007528335975406028},"geometry":{"coordinates":[-16.557693112866744,28.39330829778724],"type":"Point"},"type":"Feature"},{"properties":{"intensity":0.0008215817300684621},"geometry":{"coordinates":[-16.558167437392516,28.395035660812244],"type":"Point"},"type":"Feature"},{"properties":{"intensity":0.021793774335091443},"geometry":{"coordinates":[-16.555479959984464,28.395508598096978],"type":"Point"},"type":"Feature"},{"properties":{"intensity":0.029438814381031922},"geometry":{"coordinates":[-16.552368420362935,28.395598243685534],"type":"Point"},"type":"Feature"},{"properties":{"intensity":0.0312190497232714},"geometry":{"coordinates":[-16.547314185882954,28.398254938025588],"type":"Point"},"type":"Feature"},{"properties":{"intensity":0.029803938201309978},"geometry":{"coordinates":[-16.550067942104686,28.39952322027516],"type":"Point"},"type":"Feature"},{"properties":{"intensity":0.02925829257378959},"geometry":{"coordinates":[-16.550156228938487,28.401381354618454],"type":"Point"},"type":"Feature"},{"properties":{"intensity":0.0377742956965841},"geometry":{"coordinates":[-16.548830111069186,28.404239300025917],"type":"Point"},"type":"Feature"},{"properties":{"intensity":0.032523272700875634},"geometry":{"coordinates":[-16.548025061433087,28.407136435849786],"type":"Point"},"type":"Feature"},{"properties":{"intensity":0.0342784389760808},"geometry":{"coordinates":[-16.552535286031635,28.407743911299484],"type":"Point"},"type":"Feature"},{"properties":{"intensity":0.046336355548267},"geometry":{"coordinates":[-16.551717743085234,28.410478759213145],"type":"Point"},"type":"Feature"},{"properties":{"intensity":0.045803370479588094},"geometry":{"coordinates":[-16.552122027840184,28.410203403675858],"type":"Point"},"type":"Feature"},{"properties":{"intensity":0.037971380302119544},"geometry":{"coordinates":[-16.552104548654253,28.40760442242516],"type":"Point"},"type":"Feature"},{"properties":{"intensity":0.033977987104476734},"geometry":{"coordinates":[-16.549244898981794,28.407492586463007],"type":"Point"},"type":"Feature"},{"properties":{"intensity":0.03351415053790361},"geometry":{"coordinates":[-16.548981745295492,28.404138301057436],"type":"Point"},"type":"Feature"},{"properties":{"intensity":0.03319120867494988},"geometry":{"coordinates":[-16.550279476366565,28.401434101476088],"type":"Point"},"type":"Feature"},{"properties":{"intensity":0.03771985748687153},"geometry":{"coordinates":[-16.549882549245932,28.3994080056814],"type":"Point"},"type":"Feature"},{"properties":{"intensity":0.000004955614407602318},"geometry":{"coordinates":[-16.547666627963416,28.397926035420152],"type":"Point"},"type":"Feature"},{"properties":{"intensity":0.02620585175038589},"geometry":{"coordinates":[-16.552400611664858,28.39570617619004],"type":"Point"},"type":"Feature"},{"properties":{"intensity":0.022224328962156488},"geometry":{"coordinates":[-16.55542044692509,28.395626601908816],"type":"Point"},"type":"Feature"},{"properties":{"intensity":0.000917807356768275},"geometry":{"coordinates":[-16.558661468570797,28.395318806637093],"type":"Point"},"type":"Feature"},{"properties":{"intensity":0.0002826550875217098},"geometry":{"coordinates":[-16.558183834778013,28.393365860091336],"type":"Point"},"type":"Feature"},{"properties":{"intensity":0.0007958564720267532},"geometry":{"coordinates":[-16.559240182082647,28.390231144913344],"type":"Point"},"type":"Feature"},{"properties":{"intensity":0.0017477204874397575},"geometry":{"coordinates":[-16.560852566635198,28.38883186572214],"type":"Point"},"type":"Feature"},{"properties":{"intensity":0.0009882759140443973},"geometry":{"coordinates":[-16.56636502311858,28.38616039487012],"type":"Point"},"type":"Feature"},{"properties":{"intensity":0.00016216456289001868},"geometry":{"coordinates":[-16.571668608006725,28.385260000593952],"type":"Point"},"type":"Feature"},{"properties":{"intensity":0.00041525833470640897},"geometry":{"coordinates":[-16.575977920127595,28.38475897728231],"type":"Point"},"type":"Feature"},{"properties":{"intensity":0.00166527981318856},"geometry":{"coordinates":[-16.579225522222544,28.3842340291588],"type":"Point"},"type":"Feature"},{"properties":{"intensity":0.0001131343718655986},"geometry":{"coordinates":[-16.580458695844875,28.38274867219173],"type":"Point"},"type":"Feature"},{"properties":{"intensity":0.0001947662554833518},"geometry":{"coordinates":[-16.581026344826746,28.381803497447443],"type":"Point"},"type":"Feature"},{"properties":{"intensity":0.01255435782081188},"geometry":{"coordinates":[-16.583308324461576,28.380856460947058],"type":"Point"},"type":"Feature"},{"properties":{"intensity":0.05385460283384591},"geometry":{"coordinates":[-16.583985041808692,28.382446001468338],"type":"Point"},"type":"Feature"},{"properties":{"intensity":0.015017446026831655},"geometry":{"coordinates":[-16.585498302378188,28.38058732434358],"type":"Point"},"type":"Feature"},{"properties":{"intensity":0.006445608738547981},"geometry":{"coordinates":[-16.585273050880527,28.37710633752651],"type":"Point"},"type":"Feature"},{"properties":{"intensity":0.001737798155001847},"geometry":{"coordinates":[-16.581624081759347,28.376697492806755],"type":"Point"},"type":"Feature"},{"properties":{"intensity":0.0005956223028688137},"geometry":{"coordinates":[-16.57751397111168,28.376844408042995],"type":"Point"},"type":"Feature"},{"properties":{"intensity":0.0005129521823390121},"geometry":{"coordinates":[-16.57907614867011,28.376907539225577],"type":"Point"},"type":"Feature"},{"properties":{"intensity":0.0005381308783737688},"geometry":{"coordinates":[-16.574607263854844,28.37763611865818],"type":"Point"},"type":"Feature"},{"properties":{"intensity":0.0026173065362562974},"geometry":{"coordinates":[-16.571605584987537,28.37752637130982],"type":"Point"},"type":"Feature"},{"properties":{"intensity":0.002647715439960854},"geometry":{"coordinates":[-16.566035129051468,28.378989366549238],"type":"Point"},"type":"Feature"},{"properties":{"intensity":0.0024176003263851015},"geometry":{"coordinates":[-16.562598961012903,28.37778337082493],"type":"Point"},"type":"Feature"},{"properties":{"intensity":0.0016169061533054885},"geometry":{"coordinates":[-16.559820352887268,28.37618168800979],"type":"Point"},"type":"Feature"},{"properties":{"intensity":0.001220187461539308},"geometry":{"coordinates":[-16.55724360644001,28.376518005960214],"type":"Point"},"type":"Feature"},{"properties":{"intensity":0.002795323011044531},"geometry":{"coordinates":[-16.553105506126318,28.377548951892038],"type":"Point"},"type":"Feature"},{"properties":{"intensity":0.002564728556386308},"geometry":{"coordinates":[-16.548914208118024,28.378435979190932],"type":"Point"},"type":"Feature"},{"properties":{"intensity":0.0012730815989011107},"geometry":{"coordinates":[-16.54727379227971,28.378608039948578],"type":"Point"},"type":"Feature"},{"properties":{"intensity":0.00044285805747985244},"geometry":{"coordinates":[-16.53987442252571,28.378529405986896],"type":"Point"},"type":"Feature"},{"properties":{"intensity":0.00044793823127177717},"geometry":{"coordinates":[-16.543515630736362,28.379110935011393],"type":"Point"},"type":"Feature"},{"properties":{"intensity":0.0007595138005549828},"geometry":{"coordinates":[-16.53743772402387,28.379387219831074],"type":"Point"},"type":"Feature"},{"properties":{"intensity":0.0019150144388370512},"geometry":{"coordinates":[-16.535057393750687,28.379910430769257],"type":"Point"},"type":"Feature"},{"properties":{"intensity":0.00007421243263538882},"geometry":{"coordinates":[-16.527283837793473,28.384347841149793],"type":"Point"},"type":"Feature"},{"properties":{"intensity":0.004468084664271699},"geometry":{"coordinates":[-16.5250755058485,28.38549168018743],"type":"Point"},"type":"Feature"},{"properties":{"intensity":0.0115205365218782},"geometry":{"coordinates":[-16.522817138743992,28.3867082439971],"type":"Point"},"type":"Feature"},{"properties":{"intensity":0.03112989886151455},"geometry":{"coordinates":[-16.518850660742135,28.390524984455084],"type":"Point"},"type":"Feature"},{"properties":{"intensity":0.037284466487757476},"geometry":{"coordinates":[-16.521388767811345,28.39816793204935],"type":"Point"},"type":"Feature"},{"properties":{"intensity":0.010429390382592794},"geometry":{"coordinates":[-16.51447099464272,28.40334416640245],"type":"Point"},"type":"Feature"},{"properties":{"intensity":0.031644107682370505},"geometry":{"coordinates":[-16.521359902145786,28.404720413918067],"type":"Point"},"type":"Feature"},{"properties":{"intensity":0.0296693714783903},"geometry":{"coordinates":[-16.528179734949468,28.406250507552965],"type":"Point"},"type":"Feature"},{"properties":{"intensity":0.030477060889621963},"geometry":{"coordinates":[-16.5325994037372,28.408375860771994],"type":"Point"},"type":"Feature"},{"properties":{"intensity":0.03869979530169903},"geometry":{"coordinates":[-16.53652445057519,28.411580618082123],"type":"Point"},"type":"Feature"},{"properties":{"intensity":0.04539671573342883},"geometry":{"coordinates":[-16.53942010018862,28.41417417487195],"type":"Point"},"type":"Feature"},{"properties":{"intensity":0.04382897902595062},"geometry":{"coordinates":[-16.54210355602928,28.413385713266422],"type":"Point"},"type":"Feature"},{"properties":{"intensity":0.056679957210375886},"geometry":{"coordinates":[-16.54585509745609,28.41374929546933],"type":"Point"},"type":"Feature"},{"properties":{"intensity":0.03717359559424865},"geometry":{"coordinates":[-16.547394905337068,28.39819084633527],"type":"Point"},"type":"Feature"},{"properties":{"intensity":0.02506955425593204},"geometry":{"coordinates":[-16.539179595086853,28.396126959581512],"type":"Point"},"type":"Feature"},{"properties":{"intensity":0.026082024437389315},"geometry":{"coordinates":[-16.528990883727104,28.39734275783012],"type":"Point"},"type":"Feature"},{"properties":{"intensity":0.025027136196606767},"geometry":{"coordinates":[-16.58405871503427,28.38465624238414],"type":"Point"},"type":"Feature"},{"properties":{"intensity":0.05404914388079351},"geometry":{"coordinates":[-16.584298184322805,28.388407809412698],"type":"Point"},"type":"Feature"},{"properties":{"intensity":0.026786210878680043},"geometry":{"coordinates":[-16.581955751394204,28.390104633316604],"type":"Point"},"type":"Feature"},{"properties":{"intensity":0.11621355429313172},"geometry":{"coordinates":[-16.579132094278105,28.3910128075486],"type":"Point"},"type":"Feature"},{"properties":{"intensity":0.013528649131403414},"geometry":{"coordinates":[-16.576714138461895,28.391753781250678],"type":"Point"},"type":"Feature"},{"properties":{"intensity":0.014998554303743424},"geometry":{"coordinates":[-16.57737053905605,28.397486012274474],"type":"Point"},"type":"Feature"},{"properties":{"intensity":0.013645354890820633},"geometry":{"coordinates":[-16.574370701393555,28.40030038568019],"type":"Point"},"type":"Feature"},{"properties":{"intensity":0.01139029242834652},"geometry":{"coordinates":[-16.56993620656536,28.401353336856022],"type":"Point"},"type":"Feature"},{"properties":{"intensity":0.005244424894746224},"geometry":{"coordinates":[-16.568179699783066,28.402673158698736],"type":"Point"},"type":"Feature"},{"properties":{"intensity":0.006655816461094322},"geometry":{"coordinates":[-16.56410062349776,28.403613531922407],"type":"Point"},"type":"Feature"},{"properties":{"intensity":0.004630750150842612},"geometry":{"coordinates":[-16.56244647260099,28.403569344874864],"type":"Point"},"type":"Feature"},{"properties":{"intensity":0.004260459068786859},"geometry":{"coordinates":[-16.56126638698731,28.403835575993345],"type":"Point"},"type":"Feature"},{"properties":{"intensity":0.004377286027070387},"geometry":{"coordinates":[-16.559602131263837,28.404495414063973],"type":"Point"},"type":"Feature"},{"properties":{"intensity":0.0044026289392878675},"geometry":{"coordinates":[-16.556753292074788,28.406513492384708],"type":"Point"},"type":"Feature"},{"properties":{"intensity":0.004327938674097999},"geometry":{"coordinates":[-16.553689367629456,28.40848884304203],"type":"Point"},"type":"Feature"},{"properties":{"intensity":0.004333215373161779},"geometry":{"coordinates":[-16.556896695428918,28.406547952694794],"type":"Point"},"type":"Feature"},{"properties":{"intensity":0.005088528399306056},"geometry":{"coordinates":[-16.55570400934273,28.408050695627615],"type":"Point"},"type":"Feature"},{"properties":{"intensity":0.004375037559637994},"geometry":{"coordinates":[-16.559534263516966,28.404739864098868],"type":"Point"},"type":"Feature"},{"properties":{"intensity":0.00424497383365126},"geometry":{"coordinates":[-16.561246902926406,28.40389897377363],"type":"Point"},"type":"Feature"},{"properties":{"intensity":0.0048250859245980715},"geometry":{"coordinates":[-16.562661706383413,28.403630049827747],"type":"Point"},"type":"Feature"},{"properties":{"intensity":0.0069051259029465975},"geometry":{"coordinates":[-16.56412235918921,28.40370353139611],"type":"Point"},"type":"Feature"},{"properties":{"intensity":0.005375511763323243},"geometry":{"coordinates":[-16.5682315220143,28.402726711397104],"type":"Point"},"type":"Feature"},{"properties":{"intensity":0.012337009005500665},"geometry":{"coordinates":[-16.570283170971116,28.401349336968718],"type":"Point"},"type":"Feature"},{"properties":{"intensity":0.018664084197002783},"geometry":{"coordinates":[-16.574764281826205,28.399998014266288],"type":"Point"},"type":"Feature"},{"properties":{"intensity":0.01993606039065167},"geometry":{"coordinates":[-16.57731131702164,28.397622071381285],"type":"Point"},"type":"Feature"},{"properties":{"intensity":0.01889443132260531},"geometry":{"coordinates":[-16.57660429953854,28.391917500618007],"type":"Point"},"type":"Feature"},{"properties":{"intensity":0.000031506599522053935},"geometry":{"coordinates":[-16.57835086045742,28.392700490904897],"type":"Point"},"type":"Feature"},{"properties":{"intensity":0.02655421856164465},"geometry":{"coordinates":[-16.581888344983135,28.390376162573414],"type":"Point"},"type":"Feature"},{"properties":{"intensity":0.034862775588496},"geometry":{"coordinates":[-16.584038929644915,28.388816943702686],"type":"Point"},"type":"Feature"},{"properties":{"intensity":0.024745004923427624},"geometry":{"coordinates":[-16.5856398119053,28.388040230729967],"type":"Point"},"type":"Feature"},{"properties":{"intensity":0.023328297418204278},"geometry":{"coordinates":[-16.58453234874311,28.385625422459096],"type":"Point"},"type":"Feature"},{"properties":{"intensity":0.019677068723996837},"geometry":{"coordinates":[-16.528909275281787,28.39805664888751],"type":"Point"},"type":"Feature"},{"properties":{"intensity":0.02231398191902487},"geometry":{"coordinates":[-16.538755924514152,28.39717864377886],"type":"Point"},"type":"Feature"},{"properties":{"intensity":0.014884902167053758},"geometry":{"coordinates":[-16.562953216155677,28.3970655899434],"type":"Point"},"type":"Feature"},{"properties":{"intensity":0.01325259193164984},"geometry":{"coordinates":[-16.56586704596959,28.39671625189536],"type":"Point"},"type":"Feature"},{"properties":{"intensity":0.014069398006910568},"geometry":{"coordinates":[-16.572106838492076,28.394902571310023],"type":"Point"},"type":"Feature"},{"properties":{"intensity":0.013746302292539363},"geometry":{"coordinates":[-16.570341016776165,28.395581757714123],"type":"Point"},"type":"Feature"},{"properties":{"intensity":0.013137375246778866},"geometry":{"coordinates":[-16.56633379483721,28.39653038714385],"type":"Point"},"type":"Feature"},{"properties":{"intensity":0.0148591383682031},"geometry":{"coordinates":[-16.56255325642377,28.39693480487941],"type":"Point"},"type":"Feature"},{"properties":{"intensity":0.005685788895074276},"geometry":{"coordinates":[-16.44936211819647,28.458149293635767],"type":"Point"},"type":"Feature"},{"properties":{"intensity":0.012337300111850543},"geometry":{"coordinates":[-16.453028636636507,28.45443696217688],"type":"Point"},"type":"Feature"},{"properties":{"intensity":0.009895609128527307},"geometry":{"coordinates":[-16.456771937522078,28.45112984379272],"type":"Point"},"type":"Feature"},{"properties":{"intensity":0.006779540734848208},"geometry":{"coordinates":[-16.458131165674963,28.44748719389634],"type":"Point"},"type":"Feature"},{"properties":{"intensity":0.009812255605367911},"geometry":{"coordinates":[-16.45907674459252,28.444959054537527],"type":"Point"},"type":"Feature"},{"properties":{"intensity":0.005963211873859657},"geometry":{"coordinates":[-16.462111808658143,28.439935596774948],"type":"Point"},"type":"Feature"},{"properties":{"intensity":0.007159050471346473},"geometry":{"coordinates":[-16.464478013029783,28.43677844460054],"type":"Point"},"type":"Feature"},{"properties":{"intensity":0.00881057147744658},"geometry":{"coordinates":[-16.470959369265785,28.435147205028308],"type":"Point"},"type":"Feature"},{"properties":{"intensity":0.005760816176903466},"geometry":{"coordinates":[-16.47520508947215,28.431346817538746],"type":"Point"},"type":"Feature"},{"properties":{"intensity":0.007097322816678602},"geometry":{"coordinates":[-16.478723245075976,28.427373707719273],"type":"Point"},"type":"Feature"},{"properties":{"intensity":0.005438860507656448},"geometry":{"coordinates":[-16.477806838059205,28.42534399154129],"type":"Point"},"type":"Feature"},{"properties":{"intensity":0.007225577224632095},"geometry":{"coordinates":[-16.483638010651667,28.42473905853102],"type":"Point"},"type":"Feature"},{"properties":{"intensity":0.005347311141732448},"geometry":{"coordinates":[-16.48567761747317,28.42385040758025],"type":"Point"},"type":"Feature"},{"properties":{"intensity":0.016629061761975067},"geometry":{"coordinates":[-16.492129780481015,28.425314097063115],"type":"Point"},"type":"Feature"},{"properties":{"intensity":0.01074838025899209},"geometry":{"coordinates":[-16.496678565045336,28.42427140562589],"type":"Point"},"type":"Feature"},{"properties":{"intensity":0.01042003130459394},"geometry":{"coordinates":[-16.498714777970157,28.42242594550894],"type":"Point"},"type":"Feature"},{"properties":{"intensity":0.01530813300939083},"geometry":{"coordinates":[-16.50334722826811,28.417925527390725],"type":"Point"},"type":"Feature"},{"properties":{"intensity":0.0052389707028471},"geometry":{"coordinates":[-16.507024879540754,28.413787506410785],"type":"Point"},"type":"Feature"},{"properties":{"intensity":0.004437588926101611},"geometry":{"coordinates":[-16.507239470126216,28.40803618465823],"type":"Point"},"type":"Feature"},{"properties":{"intensity":0.005196406319337765},"geometry":{"coordinates":[-16.50833206511862,28.40158020963765],"type":"Point"},"type":"Feature"},{"properties":{"intensity":0.004373200971213284},"geometry":{"coordinates":[-16.510342858484805,28.398706013662768],"type":"Point"},"type":"Feature"},{"properties":{"intensity":0.02405446245104495},"geometry":{"coordinates":[-16.515946396210648,28.39656800643355],"type":"Point"},"type":"Feature"},{"properties":{"intensity":0.018434879428572658},"geometry":{"coordinates":[-16.5195265544785,28.388540965281347],"type":"Point"},"type":"Feature"},{"properties":{"intensity":0.017609922598581927},"geometry":{"coordinates":[-16.514615287669375,28.38837002799726],"type":"Point"},"type":"Feature"},{"properties":{"intensity":0.013231688683828152},"geometry":{"coordinates":[-16.511813538216277,28.387985994709695],"type":"Point"},"type":"Feature"},{"properties":{"intensity":0.01301223862824366},"geometry":{"coordinates":[-16.509769931749993,28.387088100726494],"type":"Point"},"type":"Feature"},{"properties":{"intensity":0.012682805226724443},"geometry":{"coordinates":[-16.512991230581704,28.384678777623396],"type":"Point"},"type":"Feature"},{"properties":{"intensity":0.01351313317910406},"geometry":{"coordinates":[-16.517083480366182,28.379660473319145],"type":"Point"},"type":"Feature"},{"properties":{"intensity":0.01317816059970241},"geometry":{"coordinates":[-16.517836525966867,28.376646745820814],"type":"Point"},"type":"Feature"},{"properties":{"intensity":0.012948103405691037},"geometry":{"coordinates":[-16.513819517354428,28.377611984121472],"type":"Point"},"type":"Feature"},{"properties":{"intensity":0.013988336598681024},"geometry":{"coordinates":[-16.50953779300164,28.378625163754343],"type":"Point"},"type":"Feature"},{"properties":{"intensity":0.013842949575542888},"geometry":{"coordinates":[-16.507465706201977,28.379306931953465],"type":"Point"},"type":"Feature"},{"properties":{"intensity":0.014365452140073913},"geometry":{"coordinates":[-16.508802653964214,28.377875199393735],"type":"Point"},"type":"Feature"},{"properties":{"intensity":0.013268545901952354},"geometry":{"coordinates":[-16.511245907578953,28.376025062434636],"type":"Point"},"type":"Feature"},{"properties":{"intensity":0.008925445031025771},"geometry":{"coordinates":[-16.511922633831123,28.374095216915382],"type":"Point"},"type":"Feature"},{"properties":{"intensity":0.013499168313275195},"geometry":{"coordinates":[-16.516453177036023,28.37122003640594],"type":"Point"},"type":"Feature"},{"properties":{"intensity":0.008540759061942646},"geometry":{"coordinates":[-16.521942681939564,28.369065035496185],"type":"Point"},"type":"Feature"},{"properties":{"intensity":0.009031075992153076},"geometry":{"coordinates":[-16.525848746495214,28.36750515633345],"type":"Point"},"type":"Feature"},{"properties":{"intensity":0.01438238502436472},"geometry":{"coordinates":[-16.528074536658558,28.366893594042],"type":"Point"},"type":"Feature"},{"properties":{"intensity":0.008753928444291275},"geometry":{"coordinates":[-16.528435720755354,28.366465367600526],"type":"Point"},"type":"Feature"},{"properties":{"intensity":0.004233883106886005},"geometry":{"coordinates":[-16.525369529788257,28.366102612827575],"type":"Point"},"type":"Feature"},{"properties":{"intensity":0.008486650839343135},"geometry":{"coordinates":[-16.521485518624015,28.366344573109632],"type":"Point"},"type":"Feature"},{"properties":{"intensity":0.009074817286272784},"geometry":{"coordinates":[-16.51424180234769,28.364954149068133],"type":"Point"},"type":"Feature"},{"properties":{"intensity":0.004396765403136431},"geometry":{"coordinates":[-16.51114587708833,28.3653675587982],"type":"Point"},"type":"Feature"},{"properties":{"intensity":0.008624416402406543},"geometry":{"coordinates":[-16.506539048194792,28.365725405394585],"type":"Point"},"type":"Feature"},{"properties":{"intensity":0.009001199724707469},"geometry":{"coordinates":[-16.505020263141724,28.365832433925807],"type":"Point"},"type":"Feature"},{"properties":{"intensity":0.008900166495836248},"geometry":{"coordinates":[-16.503945516206482,28.365591593431407],"type":"Point"},"type":"Feature"},{"properties":{"intensity":0.008792010625532127},"geometry":{"coordinates":[-16.501525113049432,28.363984733007463],"type":"Point"},"type":"Feature"},{"properties":{"intensity":0.011778391376336106},"geometry":{"coordinates":[-16.499077673305816,28.36335283662673],"type":"Point"},"type":"Feature"},{"properties":{"intensity":0.008506964029048646},"geometry":{"coordinates":[-16.496724694993308,28.360725307154883],"type":"Point"},"type":"Feature"},{"properties":{"intensity":0.009067092636218046},"geometry":{"coordinates":[-16.502203179677668,28.357795064106455],"type":"Point"},"type":"Feature"},{"properties":{"intensity":0.008401632019687638},"geometry":{"coordinates":[-16.496743324951222,28.36059875093963],"type":"Point"},"type":"Feature"},{"properties":{"intensity":0.008873856564694943},"geometry":{"coordinates":[-16.499253636330955,28.36353140367131],"type":"Point"},"type":"Feature"},{"properties":{"intensity":0.008574366478386357},"geometry":{"coordinates":[-16.50216676217465,28.36462747110513],"type":"Point"},"type":"Feature"},{"properties":{"intensity":0.004451570530761922},"geometry":{"coordinates":[-16.50388557829998,28.36568250569893],"type":"Point"},"type":"Feature"},{"properties":{"intensity":0.004521913517832881},"geometry":{"coordinates":[-16.505092948883185,28.365921882313227],"type":"Point"},"type":"Feature"},{"properties":{"intensity":0.004374697563120456},"geometry":{"coordinates":[-16.50673377348618,28.36578642873],"type":"Point"},"type":"Feature"},{"properties":{"intensity":0.004260818338891214},"geometry":{"coordinates":[-16.511136954009718,28.3654579085287],"type":"Point"},"type":"Feature"},{"properties":{"intensity":0.004465469443043989},"geometry":{"coordinates":[-16.514130609404283,28.365027584820428],"type":"Point"},"type":"Feature"},{"properties":{"intensity":0.004232530415940819},"geometry":{"coordinates":[-16.521374329557027,28.366418014622386],"type":"Point"},"type":"Feature"},{"properties":{"intensity":0.0042033410812944766},"geometry":{"coordinates":[-16.525412014422788,28.366219463005063],"type":"Point"},"type":"Feature"},{"properties":{"intensity":0.004361843654355169},"geometry":{"coordinates":[-16.528762563115674,28.366488777379537],"type":"Point"},"type":"Feature"},{"properties":{"intensity":0.01749929280526586},"geometry":{"coordinates":[-16.528113662673775,28.366775829888187],"type":"Point"},"type":"Feature"},{"properties":{"intensity":0.01708623337695758},"geometry":{"coordinates":[-16.525826922629424,28.367406125148232],"type":"Point"},"type":"Feature"},{"properties":{"intensity":0.012616580170297716},"geometry":{"coordinates":[-16.521972901483107,28.369037622900997],"type":"Point"},"type":"Feature"},{"properties":{"intensity":0.012979455761257079},"geometry":{"coordinates":[-16.51640126763745,28.37115743853116],"type":"Point"},"type":"Feature"},{"properties":{"intensity":0.012852454922180238},"geometry":{"coordinates":[-16.511881055994742,28.374041527758695],"type":"Point"},"type":"Feature"},{"properties":{"intensity":0.016989379936409716},"geometry":{"coordinates":[-16.511094018383204,28.37610797232685],"type":"Point"},"type":"Feature"},{"properties":{"intensity":0.01344875963862903},"geometry":{"coordinates":[-16.508913736024606,28.377792743814975],"type":"Point"},"type":"Feature"},{"properties":{"intensity":0.017354514050425575},"geometry":{"coordinates":[-16.50756773645384,28.37930580320436],"type":"Point"},"type":"Feature"},{"properties":{"intensity":0.01783400783937791},"geometry":{"coordinates":[-16.50964084493244,28.378696222696508],"type":"Point"},"type":"Feature"},{"properties":{"intensity":0.01709449619949636},"geometry":{"coordinates":[-16.513851151090652,28.37768383318416],"type":"Point"},"type":"Feature"},{"properties":{"intensity":0.017046377271819447},"geometry":{"coordinates":[-16.517766263238812,28.376728753853772],"type":"Point"},"type":"Feature"},{"properties":{"intensity":0.01304083831908359},"geometry":{"coordinates":[-16.51703092408442,28.379552757830524],"type":"Point"},"type":"Feature"},{"properties":{"intensity":0.012601213806753392},"geometry":{"coordinates":[-16.512908577573068,28.384607494988188],"type":"Point"},"type":"Feature"},{"properties":{"intensity":0.01778801768528727},"geometry":{"coordinates":[-16.50897840315891,28.388125726338632],"type":"Point"},"type":"Feature"},{"properties":{"intensity":0.02133755503677834},"geometry":{"coordinates":[-16.512005874445276,28.38787555967623],"type":"Point"},"type":"Feature"},{"properties":{"intensity":0.017061857075718848},"geometry":{"coordinates":[-16.51464718204199,28.38845992385962],"type":"Point"},"type":"Feature"},{"properties":{"intensity":0.02156897668985953},"geometry":{"coordinates":[-16.51959952584138,28.388648451777453],"type":"Point"},"type":"Feature"},{"properties":{"intensity":0.000028648716989280455},"geometry":{"coordinates":[-16.534616323879945,28.365574645818118],"type":"Point"},"type":"Feature"},{"properties":{"intensity":0.000023390039541171584},"geometry":{"coordinates":[-16.534559936790178,28.364492277362867],"type":"Point"},"type":"Feature"},{"properties":{"intensity":0.0001993365441885101},"geometry":{"coordinates":[-16.538921568867174,28.362710302291855],"type":"Point"},"type":"Feature"},{"properties":{"intensity":0.00017949202165906718},"geometry":{"coordinates":[-16.54094376936601,28.362849908557454],"type":"Point"},"type":"Feature"},{"properties":{"intensity":0.0004850962496444996},"geometry":{"coordinates":[-16.546240453388858,28.362239406387726],"type":"Point"},"type":"Feature"},{"properties":{"intensity":0.0002945035135869244},"geometry":{"coordinates":[-16.548757772938487,28.3613444299236],"type":"Point"},"type":"Feature"},{"properties":{"intensity":0.00026249751431850726},"geometry":{"coordinates":[-16.554917989715992,28.360489130673653],"type":"Point"},"type":"Feature"},{"properties":{"intensity":0.0002787707887858233},"geometry":{"coordinates":[-16.55928999159987,28.360150394237543],"type":"Point"},"type":"Feature"},{"properties":{"intensity":0.00012244706345936437},"geometry":{"coordinates":[-16.561285413496154,28.359856806850296],"type":"Point"},"type":"Feature"},{"properties":{"intensity":0.000035843633450864905},"geometry":{"coordinates":[-16.56676594703819,28.360669351268736],"type":"Point"},"type":"Feature"},{"properties":{"intensity":0.0000856684418457353},"geometry":{"coordinates":[-16.569166090857347,28.360840294163467],"type":"Point"},"type":"Feature"},{"properties":{"intensity":0.00005083813651136233},"geometry":{"coordinates":[-16.570134810241317,28.361496986263717],"type":"Point"},"type":"Feature"},{"properties":{"intensity":0.00016092063532770342},"geometry":{"coordinates":[-16.568488231439805,28.362616985558013],"type":"Point"},"type":"Feature"},{"properties":{"intensity":0.00007130826268117431},"geometry":{"coordinates":[-16.571854470001544,28.36256918653943],"type":"Point"},"type":"Feature"},{"properties":{"intensity":0.00018106070002892494},"geometry":{"coordinates":[-16.57453073555733,28.364162788899073],"type":"Point"},"type":"Feature"},{"properties":{"intensity":0.000013781873766473502},"geometry":{"coordinates":[-16.575601194083568,28.365486109631206],"type":"Point"},"type":"Feature"},{"properties":{"intensity":0.00009029519417158655},"geometry":{"coordinates":[-16.57892367045012,28.366611879018244],"type":"Point"},"type":"Feature"},{"properties":{"intensity":0.004285859387455027},"geometry":{"coordinates":[-16.583744367667784,28.367620890866164],"type":"Point"},"type":"Feature"},{"properties":{"intensity":0.005398278944316642},"geometry":{"coordinates":[-16.58117846298281,28.369356389656495],"type":"Point"},"type":"Feature"},{"properties":{"intensity":0.00449394556354921},"geometry":{"coordinates":[-16.57868504168303,28.371858120260107],"type":"Point"},"type":"Feature"},{"properties":{"intensity":0.004348089925819313},"geometry":{"coordinates":[-16.57550128940078,28.37253573134715],"type":"Point"},"type":"Feature"},{"properties":{"intensity":0.009180177447229097},"geometry":{"coordinates":[-16.571294320974438,28.37717798865798],"type":"Point"},"type":"Feature"},{"properties":{"intensity":0.008466396580022842},"geometry":{"coordinates":[-16.575808017729866,28.37257730974696],"type":"Point"},"type":"Feature"},{"properties":{"intensity":0.008436647150160083},"geometry":{"coordinates":[-16.57875739078004,28.371920456589166],"type":"Point"},"type":"Feature"},{"properties":{"intensity":0.008807110278408437},"geometry":{"coordinates":[-16.581228802519323,28.369310681095868],"type":"Point"},"type":"Feature"},{"properties":{"intensity":0.00842593087121833},"geometry":{"coordinates":[-16.584419143921018,28.36771232261928],"type":"Point"},"type":"Feature"},{"properties":{"intensity":0.008522012906097309},"geometry":{"coordinates":[-16.578951602801308,28.366431057043265],"type":"Point"},"type":"Feature"},{"properties":{"intensity":0.00837320948172882},"geometry":{"coordinates":[-16.57586576314739,28.365437926540203],"type":"Point"},"type":"Feature"},{"properties":{"intensity":0.00857829081105264},"geometry":{"coordinates":[-16.57476389880465,28.364060821180676],"type":"Point"},"type":"Feature"},{"properties":{"intensity":0.008478972523109177},"geometry":{"coordinates":[-16.571659718062964,28.36250825745884],"type":"Point"},"type":"Feature"},{"properties":{"intensity":0.008568345251506624},"geometry":{"coordinates":[-16.568960005610997,28.362783030459582],"type":"Point"},"type":"Feature"},{"properties":{"intensity":0.008445079484136095},"geometry":{"coordinates":[-16.569637615887626,28.36168321099651],"type":"Point"},"type":"Feature"},{"properties":{"intensity":0.008504526557213125},"geometry":{"coordinates":[-16.569051623800625,28.360688187538997],"type":"Point"},"type":"Feature"},{"properties":{"intensity":0.004212820764976643},"geometry":{"coordinates":[-16.566612004976495,28.36060794574071],"type":"Point"},"type":"Feature"},{"properties":{"intensity":0.009059901055175167},"geometry":{"coordinates":[-16.561170694351706,28.359686646181213],"type":"Point"},"type":"Feature"},{"properties":{"intensity":0.004341868439525514},"geometry":{"coordinates":[-16.558615278780376,28.36005883519841],"type":"Point"},"type":"Feature"},{"properties":{"intensity":0.0043638573584832245},"geometry":{"coordinates":[-16.554998413818527,28.36040698846717],"type":"Point"},"type":"Feature"},{"properties":{"intensity":0.004376023821335556},"geometry":{"coordinates":[-16.54908106331595,28.361124156679836],"type":"Point"},"type":"Feature"},{"properties":{"intensity":0.004429041386685687},"geometry":{"coordinates":[-16.545787676989434,28.361973791244026],"type":"Point"},"type":"Feature"},{"properties":{"intensity":0.004309250437817039},"geometry":{"coordinates":[-16.540676059217727,28.362681459209277],"type":"Point"},"type":"Feature"},{"properties":{"intensity":0.004267009349171563},"geometry":{"coordinates":[-16.538817473001917,28.362567077086304],"type":"Point"},"type":"Feature"},{"properties":{"intensity":0.00418884976470686},"geometry":{"coordinates":[-16.53479534994131,28.364543777127892],"type":"Point"},"type":"Feature"},{"properties":{"intensity":0.004175514613792574},"geometry":{"coordinates":[-16.53451171129932,28.36539532300492],"type":"Point"},"type":"Feature"},{"properties":{"intensity":0.004632515543050324},"geometry":{"coordinates":[-16.58556504586944,28.39193082238551],"type":"Point"},"type":"Feature"},{"properties":{"intensity":0.004980578371040435},"geometry":{"coordinates":[-16.590395743725207,28.394211949757874],"type":"Point"},"type":"Feature"},{"properties":{"intensity":0.013482609227712508},"geometry":{"coordinates":[-16.59190054857069,28.39383337807714],"type":"Point"},"type":"Feature"},{"properties":{"intensity":0.00497175166655872},"geometry":{"coordinates":[-16.598050981890857,28.393589891333125],"type":"Point"},"type":"Feature"},{"properties":{"intensity":0.004191937492421462},"geometry":{"coordinates":[-16.614299647420637,28.392992186055753],"type":"Point"},"type":"Feature"},{"properties":{"intensity":0.00428042619704979},"geometry":{"coordinates":[-16.620538056024998,28.39250297402501],"type":"Point"},"type":"Feature"},{"properties":{"intensity":0.004175889506738921},"geometry":{"coordinates":[-16.623491911342704,28.392124860385312],"type":"Point"},"type":"Feature"},{"properties":{"intensity":0.0046251546453211796},"geometry":{"coordinates":[-16.627321459335455,28.39228673615697],"type":"Point"},"type":"Feature"},{"properties":{"intensity":0.004322569913305027},"geometry":{"coordinates":[-16.630834184567448,28.393751862836726],"type":"Point"},"type":"Feature"},{"properties":{"intensity":0.004182654077454306},"geometry":{"coordinates":[-16.634363866301282,28.393655410310704],"type":"Point"},"type":"Feature"},{"properties":{"intensity":0.01751827762535252},"geometry":{"coordinates":[-16.64204668620906,28.394185720471775],"type":"Point"},"type":"Feature"},{"properties":{"intensity":0.0011847746343640266},"geometry":{"coordinates":[-16.646347240137928,28.393781846356315],"type":"Point"},"type":"Feature"},{"properties":{"intensity":0.005527299703834815},"geometry":{"coordinates":[-16.649333711646772,28.39419695419473],"type":"Point"},"type":"Feature"},{"properties":{"intensity":0.022604544484546105},"geometry":{"coordinates":[-16.659879314483156,28.392435388234574],"type":"Point"},"type":"Feature"},{"properties":{"intensity":0.021730240783883595},"geometry":{"coordinates":[-16.664036031449506,28.3900202077844],"type":"Point"},"type":"Feature"},{"properties":{"intensity":0.004294234058423507},"geometry":{"coordinates":[-16.669623337951297,28.389040352101787],"type":"Point"},"type":"Feature"},{"properties":{"intensity":0.0053200734123847295},"geometry":{"coordinates":[-16.6718491649795,28.390411877240325],"type":"Point"},"type":"Feature"},{"properties":{"intensity":0.008702604252677016},"geometry":{"coordinates":[-16.675967382662904,28.38751850789731],"type":"Point"},"type":"Feature"},{"properties":{"intensity":0.008674270472021484},"geometry":{"coordinates":[-16.677476185806814,28.38482864089442],"type":"Point"},"type":"Feature"},{"properties":{"intensity":0.00866677951568097},"geometry":{"coordinates":[-16.678093581351487,28.38126532373569],"type":"Point"},"type":"Feature"},{"properties":{"intensity":0.03035895278007228},"geometry":{"coordinates":[-16.684291758543154,28.38088200879248],"type":"Point"},"type":"Feature"},{"properties":{"intensity":0.01365157363487872},"geometry":{"coordinates":[-16.689957929250905,28.38041476605903],"type":"Point"},"type":"Feature"},{"properties":{"intensity":0.013520475526697301},"geometry":{"coordinates":[-16.693408306476613,28.379857524762578],"type":"Point"},"type":"Feature"},{"properties":{"intensity":0.024416788453899527},"geometry":{"coordinates":[-16.69820012640367,28.377036357473063],"type":"Point"},"type":"Feature"},{"properties":{"intensity":0.021679675302390136},"geometry":{"coordinates":[-16.702922903174265,28.37501908050311],"type":"Point"},"type":"Feature"},{"properties":{"intensity":0.01869952069022405},"geometry":{"coordinates":[-16.705720747710476,28.375146531325342],"type":"Point"},"type":"Feature"},{"properties":{"intensity":0.024830427705175743},"geometry":{"coordinates":[-16.708163065268828,28.37473690617131],"type":"Point"},"type":"Feature"},{"properties":{"intensity":0.020869920502693647},"geometry":{"coordinates":[-16.710011208257548,28.3729088105713],"type":"Point"},"type":"Feature"},{"properties":{"intensity":0.03459964930144199},"geometry":{"coordinates":[-16.713502218601842,28.36982367813783],"type":"Point"},"type":"Feature"},{"properties":{"intensity":0.029417075882070223},"geometry":{"coordinates":[-16.71642818351952,28.369678564726843],"type":"Point"},"type":"Feature"},{"properties":{"intensity":0.18512245001042837},"geometry":{"coordinates":[-16.719830965350475,28.36936493038765],"type":"Point"},"type":"Feature"},{"properties":{"intensity":0.022171765705840948},"geometry":{"coordinates":[-16.71394787526134,28.369619533585904],"type":"Point"},"type":"Feature"},{"properties":{"intensity":0.03299587026221115},"geometry":{"coordinates":[-16.71634541314546,28.369607410536094],"type":"Point"},"type":"Feature"},{"properties":{"intensity":0.020806205721651358},"geometry":{"coordinates":[-16.709918672091476,28.372864848746055],"type":"Point"},"type":"Feature"},{"properties":{"intensity":0.019844245145536073},"geometry":{"coordinates":[-16.708211759801625,28.374591902376316],"type":"Point"},"type":"Feature"},{"properties":{"intensity":0.018379242153588608},"geometry":{"coordinates":[-16.705359937492613,28.37491640765474],"type":"Point"},"type":"Feature"},{"properties":{"intensity":0.013053385136931547},"geometry":{"coordinates":[-16.702869156423407,28.374848284708467],"type":"Point"},"type":"Feature"},{"properties":{"intensity":0.01963981139498958},"geometry":{"coordinates":[-16.698198688880133,28.37694612927753],"type":"Point"},"type":"Feature"},{"properties":{"intensity":0.013774570549364403},"geometry":{"coordinates":[-16.694174777125973,28.379288470602138],"type":"Point"},"type":"Feature"},{"properties":{"intensity":0.013334274213963243},"geometry":{"coordinates":[-16.68955846913246,28.380320448970647],"type":"Point"},"type":"Feature"},{"properties":{"intensity":0.03295034230260618},"geometry":{"coordinates":[-16.68471768747756,28.380714299549048],"type":"Point"},"type":"Feature"},{"properties":{"intensity":0.017176945655629286},"geometry":{"coordinates":[-16.677801406102326,28.38150356293093],"type":"Point"},"type":"Feature"},{"properties":{"intensity":0.01312779426799825},"geometry":{"coordinates":[-16.676629825855986,28.386165683386267],"type":"Point"},"type":"Feature"},{"properties":{"intensity":0.005326181971437143},"geometry":{"coordinates":[-16.671817139173488,28.39032202365343],"type":"Point"},"type":"Feature"},{"properties":{"intensity":0.004397591062218328},"geometry":{"coordinates":[-16.665310219159082,28.389273638437583],"type":"Point"},"type":"Feature"},{"properties":{"intensity":0.025658011919914233},"geometry":{"coordinates":[-16.663251083359615,28.390074917166938],"type":"Point"},"type":"Feature"},{"properties":{"intensity":0.026350277280301895},"geometry":{"coordinates":[-16.65957256418365,28.393052804660016],"type":"Point"},"type":"Feature"},{"properties":{"intensity":0.0003347173803014202},"geometry":{"coordinates":[-16.649130055693306,28.394226494107954],"type":"Point"},"type":"Feature"},{"properties":{"intensity":0.018217081671159718},"geometry":{"coordinates":[-16.64544889369957,28.393765626831662],"type":"Point"},"type":"Feature"},{"properties":{"intensity":0.008416099815432536},"geometry":{"coordinates":[-16.642033144059926,28.3939692901348],"type":"Point"},"type":"Feature"},{"properties":{"intensity":0.004182388257031982},"geometry":{"coordinates":[-16.634920365182403,28.39334189067484],"type":"Point"},"type":"Feature"},{"properties":{"intensity":0.004265334630740205},"geometry":{"coordinates":[-16.628666970347975,28.39284824108093],"type":"Point"},"type":"Feature"},{"properties":{"intensity":0.0044224797153083525},"geometry":{"coordinates":[-16.626411825217446,28.391530493876694],"type":"Point"},"type":"Feature"},{"properties":{"intensity":0.000021672956396581663},"geometry":{"coordinates":[-16.623521009689746,28.392025241001136],"type":"Point"},"type":"Feature"},{"properties":{"intensity":0.004253181255974495},"geometry":{"coordinates":[-16.620472852984093,28.392242030830587],"type":"Point"},"type":"Feature"},{"properties":{"intensity":0.004193666019142989},"geometry":{"coordinates":[-16.614604120619557,28.392880279901256],"type":"Point"},"type":"Feature"},{"properties":{"intensity":0.004724692827990986},"geometry":{"coordinates":[-16.597135872842827,28.39381722003227],"type":"Point"},"type":"Feature"},{"properties":{"intensity":0.013390970613142759},"geometry":{"coordinates":[-16.5917993175462,28.39388871019361],"type":"Point"},"type":"Feature"},{"properties":{"intensity":0.009191680566115724},"geometry":{"coordinates":[-16.590476837204676,28.394174903502492],"type":"Point"},"type":"Feature"},{"properties":{"intensity":0.012983209247117601},"geometry":{"coordinates":[-16.585522753139106,28.39183204102584],"type":"Point"},"type":"Feature"},{"properties":{"intensity":0.0006706868953070327},"geometry":{"coordinates":[-16.58556583156165,28.378267142159775],"type":"Point"},"type":"Feature"},{"properties":{"intensity":0.0008206379536592843},"geometry":{"coordinates":[-16.588236611567076,28.37808261666479],"type":"Point"},"type":"Feature"},{"properties":{"intensity":0.00008878810151747091},"geometry":{"coordinates":[-16.590392349694273,28.376207373616484],"type":"Point"},"type":"Feature"},{"properties":{"intensity":0.0002795580738535445},"geometry":{"coordinates":[-16.589724708494618,28.374545560239472],"type":"Point"},"type":"Feature"},{"properties":{"intensity":0.00007832537716626384},"geometry":{"coordinates":[-16.589532009890902,28.372571357854937],"type":"Point"},"type":"Feature"},{"properties":{"intensity":0.00011345280119125253},"geometry":{"coordinates":[-16.593975584552016,28.37358439419913],"type":"Point"},"type":"Feature"},{"properties":{"intensity":0.00019807168312315428},"geometry":{"coordinates":[-16.595256827531614,28.376015142602256],"type":"Point"},"type":"Feature"},{"properties":{"intensity":0.000034478110975902544},"geometry":{"coordinates":[-16.600116058318278,28.380912818040283],"type":"Point"},"type":"Feature"},{"properties":{"intensity":0.00026573421250583736},"geometry":{"coordinates":[-16.60376320757311,28.385256012389885],"type":"Point"},"type":"Feature"},{"properties":{"intensity":0.000926415229928796},"geometry":{"coordinates":[-16.60681244149189,28.384443949844112],"type":"Point"},"type":"Feature"},{"properties":{"intensity":0.0005248156501416826},"geometry":{"coordinates":[-16.608909633152486,28.3841123567536],"type":"Point"},"type":"Feature"},{"properties":{"intensity":0.0027429029285525454},"geometry":{"coordinates":[-16.610564153558055,28.384201106951235],"type":"Point"},"type":"Feature"},{"properties":{"intensity":0.0012390028073665015},"geometry":{"coordinates":[-16.613273597003396,28.38319437203942],"type":"Point"},"type":"Feature"},{"properties":{"intensity":0.001089582122481213},"geometry":{"coordinates":[-16.6169846445796,28.380948327642496],"type":"Point"},"type":"Feature"},{"properties":{"intensity":0.0001716786452938439},"geometry":{"coordinates":[-16.620386323303467,28.376485762775076],"type":"Point"},"type":"Feature"},{"properties":{"intensity":0.00029426159113931586},"geometry":{"coordinates":[-16.61942659428045,28.378464579699546],"type":"Point"},"type":"Feature"},{"properties":{"intensity":0.00019504149784093272},"geometry":{"coordinates":[-16.62196331307214,28.37551037264501],"type":"Point"},"type":"Feature"},{"properties":{"intensity":0.00044872912990655674},"geometry":{"coordinates":[-16.622992698664326,28.37409024753302],"type":"Point"},"type":"Feature"},{"properties":{"intensity":0.0001947662554833518},"geometry":{"coordinates":[-16.628125226582135,28.376763537226473],"type":"Point"},"type":"Feature"},{"properties":{"intensity":3.5156066962756025e-7},"geometry":{"coordinates":[-16.629072935313385,28.378683514879178],"type":"Point"},"type":"Feature"},{"properties":{"intensity":0.00003957757376118444},"geometry":{"coordinates":[-16.631336202770814,28.378548140876006],"type":"Point"},"type":"Feature"},{"properties":{"intensity":0.0001535307175287944},"geometry":{"coordinates":[-16.633421490162437,28.37878487867513],"type":"Point"},"type":"Feature"},{"properties":{"intensity":0.0009210369112188748},"geometry":{"coordinates":[-16.636221318533508,28.378372247686034],"type":"Point"},"type":"Feature"},{"properties":{"intensity":0.0009657464608270119},"geometry":{"coordinates":[-16.639039102801085,28.37713809057024],"type":"Point"},"type":"Feature"},{"properties":{"intensity":0.0003598468770273667},"geometry":{"coordinates":[-16.64031811582307,28.376039729642237],"type":"Point"},"type":"Feature"},{"properties":{"intensity":0.00470361779053354},"geometry":{"coordinates":[-16.643671064129425,28.374447071462953],"type":"Point"},"type":"Feature"},{"properties":{"intensity":0.004267154087794931},"geometry":{"coordinates":[-16.644760856266394,28.374316601102663],"type":"Point"},"type":"Feature"},{"properties":{"intensity":0.004845034276981335},"geometry":{"coordinates":[-16.649761729422252,28.373723693194812],"type":"Point"},"type":"Feature"},{"properties":{"intensity":0.007772575271134282},"geometry":{"coordinates":[-16.652964540120426,28.37430758942163],"type":"Point"},"type":"Feature"},{"properties":{"intensity":0.0045326969651148085},"geometry":{"coordinates":[-16.655899691588417,28.373423632133882],"type":"Point"},"type":"Feature"},{"properties":{"intensity":0.004565852672592975},"geometry":{"coordinates":[-16.657516272943234,28.3750194043949],"type":"Point"},"type":"Feature"},{"properties":{"intensity":0.004365613962444523},"geometry":{"coordinates":[-16.65899896339319,28.37587675941485],"type":"Point"},"type":"Feature"},{"properties":{"intensity":0.004355324363097606},"geometry":{"coordinates":[-16.662585401103794,28.37553523504268],"type":"Point"},"type":"Feature"},{"properties":{"intensity":0.004256008096795822},"geometry":{"coordinates":[-16.667112878668274,28.37599433012116],"type":"Point"},"type":"Feature"},{"properties":{"intensity":0.0044396957027796995},"geometry":{"coordinates":[-16.669403927898333,28.37568651736714],"type":"Point"},"type":"Feature"},{"properties":{"intensity":0.0044270142853298595},"geometry":{"coordinates":[-16.670889792083024,28.37804179775289],"type":"Point"},"type":"Feature"},{"properties":{"intensity":0.004760677481329548},"geometry":{"coordinates":[-16.673903232331725,28.375649373565185],"type":"Point"},"type":"Feature"},{"properties":{"intensity":0.004238036137931585},"geometry":{"coordinates":[-16.677984060061423,28.3743086582399],"type":"Point"},"type":"Feature"},{"properties":{"intensity":0.004250987984785109},"geometry":{"coordinates":[-16.680128623590786,28.37571715595062],"type":"Point"},"type":"Feature"},{"properties":{"intensity":0.0041954989414163335},"geometry":{"coordinates":[-16.682248567020558,28.376855182286906],"type":"Point"},"type":"Feature"},{"properties":{"intensity":0.004464859922774997},"geometry":{"coordinates":[-16.68607193074828,28.377304283879315],"type":"Point"},"type":"Feature"},{"properties":{"intensity":0.004255638703076522},"geometry":{"coordinates":[-16.689822717337524,28.378322728904987],"type":"Point"},"type":"Feature"},{"properties":{"intensity":0.00426539565075795},"geometry":{"coordinates":[-16.692797378222277,28.378655816613072],"type":"Point"},"type":"Feature"},{"properties":{"intensity":0.004482332361317718},"geometry":{"coordinates":[-16.69643045975218,28.377401335571772],"type":"Point"},"type":"Feature"},{"properties":{"intensity":0.025598258083975367},"geometry":{"coordinates":[-16.72176478032251,28.37033321532715],"type":"Point"},"type":"Feature"},{"properties":{"intensity":0.00026469059694189467},"geometry":{"coordinates":[-16.727745934890002,28.36983336790074],"type":"Point"},"type":"Feature"},{"properties":{"intensity":0.000028865217527642118},"geometry":{"coordinates":[-16.732456086726653,28.373374361656822],"type":"Point"},"type":"Feature"},{"properties":{"intensity":0.00020229142197952555},"geometry":{"coordinates":[-16.73731293678123,28.37337570236078],"type":"Point"},"type":"Feature"},{"properties":{"intensity":0.00030779301076861245},"geometry":{"coordinates":[-16.74048745097421,28.373452513662517],"type":"Point"},"type":"Feature"},{"properties":{"intensity":0.0007301546453302582},"geometry":{"coordinates":[-16.742745644428844,28.37302657572397],"type":"Point"},"type":"Feature"},{"properties":{"intensity":0.0001165830821850841},"geometry":{"coordinates":[-16.754966380492306,28.370992656027493],"type":"Point"},"type":"Feature"},{"properties":{"intensity":0.00017980589458766857},"geometry":{"coordinates":[-16.757227011070654,28.3725789049749],"type":"Point"},"type":"Feature"},{"properties":{"intensity":0.0024263527804160717},"geometry":{"coordinates":[-16.76136965641616,28.374438607994623],"type":"Point"},"type":"Feature"},{"properties":{"intensity":0.005300004135775711},"geometry":{"coordinates":[-16.764640928058068,28.374811410270937],"type":"Point"},"type":"Feature"},{"properties":{"intensity":0.003634470208663295},"geometry":{"coordinates":[-16.766721821678853,28.3723117524906],"type":"Point"},"type":"Feature"},{"properties":{"intensity":0.000655752778575438},"geometry":{"coordinates":[-16.771666160057894,28.37267171165261],"type":"Point"},"type":"Feature"},{"properties":{"intensity":0.0017124733477974245},"geometry":{"coordinates":[-16.781655507077197,28.37269489335993],"type":"Point"},"type":"Feature"},{"properties":{"intensity":0.00013871913853984101},"geometry":{"coordinates":[-16.78711006681425,28.371838350663356],"type":"Point"},"type":"Feature"},{"properties":{"intensity":0.0018544510608576304},"geometry":{"coordinates":[-16.790612997851078,28.37081773699099],"type":"Point"},"type":"Feature"},{"properties":{"intensity":0.001596439603524969},"geometry":{"coordinates":[-16.795290427696834,28.370476444277646],"type":"Point"},"type":"Feature"},{"properties":{"intensity":0.00030685884486068995},"geometry":{"coordinates":[-16.79830359156223,28.370066719021683],"type":"Point"},"type":"Feature"},{"properties":{"intensity":0.0000801564663639266},"geometry":{"coordinates":[-16.80184944595694,28.369785251159318],"type":"Point"},"type":"Feature"},{"properties":{"intensity":0.00003519678716630391},"geometry":{"coordinates":[-16.80693638758852,28.368328153218133],"type":"Point"},"type":"Feature"},{"properties":{"intensity":0.00019656066776082892},"geometry":{"coordinates":[-16.809773856102094,28.365989300858423],"type":"Point"},"type":"Feature"},{"properties":{"intensity":0.004117300136054503},"geometry":{"coordinates":[-16.817270310065947,28.364653224148746],"type":"Point"},"type":"Feature"},{"properties":{"intensity":0.0011494121070804685},"geometry":{"coordinates":[-16.820694210139713,28.36560922748],"type":"Point"},"type":"Feature"},{"properties":{"intensity":0.0009308036887806374},"geometry":{"coordinates":[-16.8241517273286,28.365544948162075],"type":"Point"},"type":"Feature"},{"properties":{"intensity":0.0015731482717425691},"geometry":{"coordinates":[-16.831378520707517,28.366937038952518],"type":"Point"},"type":"Feature"},{"properties":{"intensity":0.0018578998391679622},"geometry":{"coordinates":[-16.833754574498656,28.36746459469816],"type":"Point"},"type":"Feature"},{"properties":{"intensity":0.0008028044119365264},"geometry":{"coordinates":[-16.836529956258456,28.367481369586528],"type":"Point"},"type":"Feature"},{"properties":{"intensity":0.0013779079858377947},"geometry":{"coordinates":[-16.845118948754642,28.369161181241008],"type":"Point"},"type":"Feature"},{"properties":{"intensity":0.05764993962869347},"geometry":{"coordinates":[-16.84823137243001,28.370373373155793],"type":"Point"},"type":"Feature"},{"properties":{"intensity":0.0010994578891696115},"geometry":{"coordinates":[-16.844901152037625,28.36895657257929],"type":"Point"},"type":"Feature"},{"properties":{"intensity":0.0005509868613650431},"geometry":{"coordinates":[-16.836508157353563,28.367400445067666],"type":"Point"},"type":"Feature"},{"properties":{"intensity":0.001194342614820093},"geometry":{"coordinates":[-16.833742822702433,28.36737451022512],"type":"Point"},"type":"Feature"},{"properties":{"intensity":0.0010914872889701622},"geometry":{"coordinates":[-16.830022964057022,28.36642281520952],"type":"Point"},"type":"Feature"},{"properties":{"intensity":0.00019853010610912443},"geometry":{"coordinates":[-16.824028400614008,28.36549245295135],"type":"Point"},"type":"Feature"},{"properties":{"intensity":0.0013166244449112077},"geometry":{"coordinates":[-16.822520179012958,28.36559384752537],"type":"Point"},"type":"Feature"},{"properties":{"intensity":0.0025490130835303425},"geometry":{"coordinates":[-16.81678906471799,28.36455134801359],"type":"Point"},"type":"Feature"},{"properties":{"intensity":0.00040239147383619347},"geometry":{"coordinates":[-16.809761205956715,28.365845079594607],"type":"Point"},"type":"Feature"},{"properties":{"intensity":0.0000305833114930726},"geometry":{"coordinates":[-16.80696484825485,28.36820143522783],"type":"Point"},"type":"Feature"},{"properties":{"intensity":0.000023023934841238342},"geometry":{"coordinates":[-16.80144096480264,28.369763578161663],"type":"Point"},"type":"Feature"},{"properties":{"intensity":0.0001643646006841375},"geometry":{"coordinates":[-16.79754965662776,28.37013081150327],"type":"Point"},"type":"Feature"},{"properties":{"intensity":0.001196711613759987},"geometry":{"coordinates":[-16.79500313721953,28.370380960566727],"type":"Point"},"type":"Feature"},{"properties":{"intensity":0.0012347958012359798},"geometry":{"coordinates":[-16.789902125718445,28.37101658724597],"type":"Point"},"type":"Feature"},{"properties":{"intensity":0.00019280567337231632},"geometry":{"coordinates":[-16.787271011919742,28.371700874259112],"type":"Point"},"type":"Feature"},{"properties":{"intensity":0.0009743017994397358},"geometry":{"coordinates":[-16.78232424665876,28.372415416865213],"type":"Point"},"type":"Feature"},{"properties":{"intensity":0.00047134534959862595},"geometry":{"coordinates":[-16.77234287845837,28.372870473949785],"type":"Point"},"type":"Feature"},{"properties":{"intensity":0.0027889143842363675},"geometry":{"coordinates":[-16.766710125441275,28.372221659755997],"type":"Point"},"type":"Feature"},{"properties":{"intensity":0.0028524986987222122},"geometry":{"coordinates":[-16.76480056357953,28.374592756433923],"type":"Point"},"type":"Feature"},{"properties":{"intensity":0.001683616940287422},"geometry":{"coordinates":[-16.760852439312334,28.37401211868282],"type":"Point"},"type":"Feature"},{"properties":{"intensity":0.00017013019874733752},"geometry":{"coordinates":[-16.757297377752153,28.37251482638478],"type":"Point"},"type":"Feature"},{"properties":{"intensity":0.0000629252485891247},"geometry":{"coordinates":[-16.7549239429445,28.370893933340877],"type":"Point"},"type":"Feature"},{"properties":{"intensity":0.0005057129321068214},"geometry":{"coordinates":[-16.74269301584929,28.372927979246604],"type":"Point"},"type":"Feature"},{"properties":{"intensity":0.00030183904199112773},"geometry":{"coordinates":[-16.740634577397532,28.373089654318736],"type":"Point"},"type":"Feature"},{"properties":{"intensity":0.00018165430372131349},"geometry":{"coordinates":[-16.73823963596073,28.37326461556646],"type":"Point"},"type":"Feature"},{"properties":{"intensity":0.000050034353762500646},"geometry":{"coordinates":[-16.733281659950407,28.37331874115956],"type":"Point"},"type":"Feature"},{"properties":{"intensity":0.00008129808800695187},"geometry":{"coordinates":[-16.727282796767014,28.369586551183126],"type":"Point"},"type":"Feature"},{"properties":{"intensity":0.021190944806386815},"geometry":{"coordinates":[-16.72172164473999,28.37018936734224],"type":"Point"},"type":"Feature"},{"properties":{"intensity":0.00030103911395962945},"geometry":{"coordinates":[-16.696571706536773,28.377300306289346],"type":"Point"},"type":"Feature"},{"properties":{"intensity":0.00013842568600058985},"geometry":{"coordinates":[-16.69276533908703,28.378565968405255],"type":"Point"},"type":"Feature"},{"properties":{"intensity":0.0001244307892811204},"geometry":{"coordinates":[-16.690258828613516,28.378154876564025],"type":"Point"},"type":"Feature"},{"properties":{"intensity":0.0002604288705042898},"geometry":{"coordinates":[-16.68591490559186,28.377053536733335],"type":"Point"},"type":"Feature"},{"properties":{"intensity":0.00004477118790818551},"geometry":{"coordinates":[-16.682328615894384,28.376754922874486],"type":"Point"},"type":"Feature"},{"properties":{"intensity":0.00010529406506313771},"geometry":{"coordinates":[-16.680157380229446,28.375599480832893],"type":"Point"},"type":"Feature"},{"properties":{"intensity":0.000036638627953312894},"geometry":{"coordinates":[-16.67798263980741,28.374218429066225],"type":"Point"},"type":"Feature"},{"properties":{"intensity":0.00023229175110230557},"geometry":{"coordinates":[-16.672768985975846,28.375545980612113],"type":"Point"},"type":"Feature"},{"properties":{"intensity":0.00007916785847699229},"geometry":{"coordinates":[-16.67041370820194,28.37761445001779],"type":"Point"},"type":"Feature"},{"properties":{"intensity":0.0001801939961957891},"geometry":{"coordinates":[-16.66940152567479,28.37553312712825],"type":"Point"},"type":"Feature"},{"properties":{"intensity":0.00009830110510960926},"geometry":{"coordinates":[-16.667152698505117,28.375930670126557],"type":"Point"},"type":"Feature"},{"properties":{"intensity":0.00019979830877815327},"geometry":{"coordinates":[-16.66250280086481,28.375473069848336],"type":"Point"},"type":"Feature"},{"properties":{"intensity":0.00040693488468842036},"geometry":{"coordinates":[-16.657392868438087,28.374957732293865],"type":"Point"},"type":"Feature"},{"properties":{"intensity":0.00022684173846823668},"geometry":{"coordinates":[-16.65898651461173,28.375732515569823],"type":"Point"},"type":"Feature"},{"properties":{"intensity":0.00027709202707110246},"geometry":{"coordinates":[-16.655662109029148,28.373236999534228],"type":"Point"},"type":"Feature"},{"properties":{"intensity":0.003178401272283553},"geometry":{"coordinates":[-16.65280019168384,28.374237384939406],"type":"Point"},"type":"Feature"},{"properties":{"intensity":0.004562958437687708},"geometry":{"coordinates":[-16.65098077256036,28.374033820742813],"type":"Point"},"type":"Feature"},{"properties":{"intensity":0.004409664829652624},"geometry":{"coordinates":[-16.648594817949945,28.37348512180627],"type":"Point"},"type":"Feature"},{"properties":{"intensity":0.004665472756199261},"geometry":{"coordinates":[-16.643781615336692,28.37433744100574],"type":"Point"},"type":"Feature"},{"properties":{"intensity":0.0042242395315688075},"geometry":{"coordinates":[-16.645444799401186,28.374335418973885],"type":"Point"},"type":"Feature"},{"properties":{"intensity":0.0005244355671094401},"geometry":{"coordinates":[-16.64025537618749,28.375941212479365],"type":"Point"},"type":"Feature"},{"properties":{"intensity":0.0005278431121025337},"geometry":{"coordinates":[-16.638642050329857,28.377197014300418],"type":"Point"},"type":"Feature"},{"properties":{"intensity":0.0007948629831950749},"geometry":{"coordinates":[-16.636141362202412,28.378481504944382],"type":"Point"},"type":"Feature"},{"properties":{"intensity":0.00015577450798898282},"geometry":{"coordinates":[-16.63337943623638,28.378704159821496],"type":"Point"},"type":"Feature"},{"properties":{"intensity":0.00006114904649331784},"geometry":{"coordinates":[-16.631050537055476,28.37855156051089],"type":"Point"},"type":"Feature"},{"properties":{"intensity":0.00012354138686010806},"geometry":{"coordinates":[-16.627960062214665,28.37663916342591],"type":"Point"},"type":"Feature"},{"properties":{"intensity":0.000282028661626499},"geometry":{"coordinates":[-16.62273806164601,28.374120354266207],"type":"Point"},"type":"Feature"},{"properties":{"intensity":0.0001715701384678179},"geometry":{"coordinates":[-16.621846010516684,28.375177850947225],"type":"Point"},"type":"Feature"},{"properties":{"intensity":0.00009136359795593321},"geometry":{"coordinates":[-16.62031353629162,28.376396380176075],"type":"Point"},"type":"Feature"},{"properties":{"intensity":0.0002115969018457148},"geometry":{"coordinates":[-16.61918310743877,28.378557721242416],"type":"Point"},"type":"Feature"},{"properties":{"intensity":0.000717486745683343},"geometry":{"coordinates":[-16.616922470411268,28.38088589177871],"type":"Point"},"type":"Feature"},{"properties":{"intensity":0.0008424381773550185},"geometry":{"coordinates":[-16.613161092112982,28.383177654465076],"type":"Point"},"type":"Feature"},{"properties":{"intensity":0.0017395351146090165},"geometry":{"coordinates":[-16.61057231088929,28.384065638189206],"type":"Point"},"type":"Feature"},{"properties":{"intensity":0.000420848974689637},"geometry":{"coordinates":[-16.60887738937442,28.38400443958551],"type":"Point"},"type":"Feature"},{"properties":{"intensity":0.00070913749662411},"geometry":{"coordinates":[-16.606541856932743,28.38477203460458],"type":"Point"},"type":"Feature"},{"properties":{"intensity":0.00025916299861809345},"geometry":{"coordinates":[-16.604194048213756,28.38540436243998],"type":"Point"},"type":"Feature"},{"properties":{"intensity":0.000027903230936794028},"geometry":{"coordinates":[-16.600034030076742,28.38088670673388],"type":"Point"},"type":"Feature"},{"properties":{"intensity":0.00013138213878541294},"geometry":{"coordinates":[-16.59538006522539,28.376067849114765],"type":"Point"},"type":"Feature"},{"properties":{"intensity":0.00007948868657632507},"geometry":{"coordinates":[-16.593838775852472,28.373306223107516],"type":"Point"},"type":"Feature"},{"properties":{"intensity":0.000052556675599636825},"geometry":{"coordinates":[-16.589192250825093,28.37236774769653],"type":"Point"},"type":"Feature"},{"properties":{"intensity":0.00013615539481946776},"geometry":{"coordinates":[-16.5895904656849,28.37443882752251],"type":"Point"},"type":"Feature"},{"properties":{"intensity":0.00008465713537092448},"geometry":{"coordinates":[-16.590005603330642,28.376275060784913],"type":"Point"},"type":"Feature"},{"properties":{"intensity":0.00047796012758644064},"geometry":{"coordinates":[-16.58846871450206,28.37790843846876],"type":"Point"},"type":"Feature"},{"properties":{"intensity":0.00019397903840647694},"geometry":{"coordinates":[-16.585417493086958,28.377898847574073],"type":"Point"},"type":"Feature"},{"properties":{"intensity":0.004981359643767419},"geometry":{"coordinates":[-16.584841858943182,28.377616746997955],"type":"Point"},"type":"Feature"},{"properties":{"intensity":0.00525767817553711},"geometry":{"coordinates":[-16.58452461920958,28.37961493737111],"type":"Point"},"type":"Feature"},{"properties":{"intensity":0.06220435714872616},"geometry":{"coordinates":[-16.345491022539566,28.48796197379616],"type":"Point"},"type":"Feature"},{"properties":{"intensity":0.008646788436859018},"geometry":{"coordinates":[-16.84749702009463,28.36685486076902],"type":"Point"},"type":"Feature"},{"properties":{"intensity":0.008399408717607644},"geometry":{"coordinates":[-16.845697841445695,28.36370270943712],"type":"Point"},"type":"Feature"},{"properties":{"intensity":0.008345693409570152},"geometry":{"coordinates":[-16.847114728392764,28.360687471774742],"type":"Point"},"type":"Feature"},{"properties":{"intensity":0.008376905990854958},"geometry":{"coordinates":[-16.84512844588727,28.357916859677104],"type":"Point"},"type":"Feature"},{"properties":{"intensity":0.008386289878665722},"geometry":{"coordinates":[-16.845168951923966,28.354360760608966],"type":"Point"},"type":"Feature"},{"properties":{"intensity":0.008502146952357674},"geometry":{"coordinates":[-16.84476646151199,28.34996237530393],"type":"Point"},"type":"Feature"},{"properties":{"intensity":0.00853228986248045},"geometry":{"coordinates":[-16.846337647150197,28.34467094691435],"type":"Point"},"type":"Feature"},{"properties":{"intensity":0.008419726207153365},"geometry":{"coordinates":[-16.84875030122243,28.342625851029123],"type":"Point"},"type":"Feature"},{"properties":{"intensity":0.008433039670300613},"geometry":{"coordinates":[-16.850931008063483,28.340150699591916],"type":"Point"},"type":"Feature"},{"properties":{"intensity":0.008455621438686717},"geometry":{"coordinates":[-16.85123280736953,28.334614740402895],"type":"Point"},"type":"Feature"},{"properties":{"intensity":0.008359797378813644},"geometry":{"coordinates":[-16.844228243546937,28.33357257555647],"type":"Point"},"type":"Feature"},{"properties":{"intensity":0.008473222170755973},"geometry":{"coordinates":[-16.845669611095147,28.329040944457898],"type":"Point"},"type":"Feature"},{"properties":{"intensity":0.008692738934151255},"geometry":{"coordinates":[-16.84505147394593,28.32691055372166],"type":"Point"},"type":"Feature"},{"properties":{"intensity":0.004202984843652644},"geometry":{"coordinates":[-16.854901644426715,28.319765127890086],"type":"Point"},"type":"Feature"},{"properties":{"intensity":0.004242722454331497},"geometry":{"coordinates":[-16.842509553788595,28.30961826768651],"type":"Point"},"type":"Feature"},{"properties":{"intensity":0.004826560912135594},"geometry":{"coordinates":[-16.84031948324677,28.305604927198484],"type":"Point"},"type":"Feature"},{"properties":{"intensity":0.00436107320692282},"geometry":{"coordinates":[-16.836554595363275,28.30368833791072],"type":"Point"},"type":"Feature"},{"properties":{"intensity":0.000016099960897027406},"geometry":{"coordinates":[-16.823813111953136,28.29974407944237],"type":"Point"},"type":"Feature"},{"properties":{"intensity":0.00005283109570237605},"geometry":{"coordinates":[-16.823794109341968,28.299825552642684],"type":"Point"},"type":"Feature"},{"properties":{"intensity":0.004274488929925985},"geometry":{"coordinates":[-16.83651676369042,28.303860309172766],"type":"Point"},"type":"Feature"},{"properties":{"intensity":0.005042293351931448},"geometry":{"coordinates":[-16.840183653257,28.30659943319299],"type":"Point"},"type":"Feature"},{"properties":{"intensity":0.004215888004311048},"geometry":{"coordinates":[-16.84258169377185,28.30966241520054],"type":"Point"},"type":"Feature"},{"properties":{"intensity":0.004188468738844623},"geometry":{"coordinates":[-16.854841881045466,28.319847158686503],"type":"Point"},"type":"Feature"},{"properties":{"intensity":0.008451109755819086},"geometry":{"coordinates":[-16.844961421978546,28.32701103870282],"type":"Point"},"type":"Feature"},{"properties":{"intensity":0.008422697839182364},"geometry":{"coordinates":[-16.845761691015213,28.329057747084992],"type":"Point"},"type":"Feature"},{"properties":{"intensity":0.008361712940880926},"geometry":{"coordinates":[-16.844227308585218,28.333518442578068],"type":"Point"},"type":"Feature"},{"properties":{"intensity":0.008388032692860708},"geometry":{"coordinates":[-16.851411005225607,28.33489207330725],"type":"Point"},"type":"Feature"},{"properties":{"intensity":0.008391596608620109},"geometry":{"coordinates":[-16.85087751774886,28.340007037681342],"type":"Point"},"type":"Feature"},{"properties":{"intensity":0.00837492776426025},"geometry":{"coordinates":[-16.84863828243235,28.342636393899223],"type":"Point"},"type":"Feature"},{"properties":{"intensity":0.00847076749955962},"geometry":{"coordinates":[-16.846436036588344,28.34446205689837],"type":"Point"},"type":"Feature"},{"properties":{"intensity":0.008347268477412744},"geometry":{"coordinates":[-16.84504671415354,28.349651758664802],"type":"Point"},"type":"Feature"},{"properties":{"intensity":0.008374889699387225},"geometry":{"coordinates":[-16.845201108991283,28.35445056779723],"type":"Point"},"type":"Feature"},{"properties":{"intensity":0.008358817182041126},"geometry":{"coordinates":[-16.844702419260567,28.35805798905553],"type":"Point"},"type":"Feature"},{"properties":{"intensity":0.008338853531363561},"geometry":{"coordinates":[-16.847107185131456,28.36084098589663],"type":"Point"},"type":"Feature"},{"properties":{"intensity":0.008359344523045566},"geometry":{"coordinates":[-16.84552080330458,28.364084124340945],"type":"Point"},"type":"Feature"},{"properties":{"intensity":0.008406530604776549},"geometry":{"coordinates":[-16.847601365570913,28.36698880958148],"type":"Point"},"type":"Feature"},{"properties":{"intensity":0.00029296214278630195},"geometry":{"coordinates":[-16.710046577186468,28.366843842963117],"type":"Point"},"type":"Feature"},{"properties":{"intensity":0.0001911536535288342},"geometry":{"coordinates":[-16.71116242788323,28.365169313757153],"type":"Point"},"type":"Feature"},{"properties":{"intensity":0.0005009276142135261},"geometry":{"coordinates":[-16.714425951302378,28.362547272684935],"type":"Point"},"type":"Feature"},{"properties":{"intensity":0.00007260322262798204},"geometry":{"coordinates":[-16.712788151043462,28.361575156980408],"type":"Point"},"type":"Feature"},{"properties":{"intensity":0.00016295678148679017},"geometry":{"coordinates":[-16.710617943010014,28.3604833582867],"type":"Point"},"type":"Feature"},{"properties":{"intensity":0.000023061811148263387},"geometry":{"coordinates":[-16.711199055766166,28.359185547251048],"type":"Point"},"type":"Feature"},{"properties":{"intensity":0.000349026149949491},"geometry":{"coordinates":[-16.711342280929404,28.357938354615314],"type":"Point"},"type":"Feature"},{"properties":{"intensity":0.00022722283232131963},"geometry":{"coordinates":[-16.71265564766172,28.355864252774186],"type":"Point"},"type":"Feature"},{"properties":{"intensity":0.0006332976746127243},"geometry":{"coordinates":[-16.71547836494699,28.355666320699665],"type":"Point"},"type":"Feature"},{"properties":{"intensity":0.000019108081280215327},"geometry":{"coordinates":[-16.721011093244933,28.357139792201465],"type":"Point"},"type":"Feature"},{"properties":{"intensity":0.0001257961231900839},"geometry":{"coordinates":[-16.729971681620217,28.357973956041782],"type":"Point"},"type":"Feature"},{"properties":{"intensity":0.00005679936960072978},"geometry":{"coordinates":[-16.728105137874607,28.358629348858504],"type":"Point"},"type":"Feature"},{"properties":{"intensity":0.0001201044446652517},"geometry":{"coordinates":[-16.728905741147887,28.35703990056674],"type":"Point"},"type":"Feature"},{"properties":{"intensity":0.00044077229770219176},"geometry":{"coordinates":[-16.732295760561424,28.355968067694153],"type":"Point"},"type":"Feature"},{"properties":{"intensity":0.0011290223887256855},"geometry":{"coordinates":[-16.735812512879164,28.356419685915125],"type":"Point"},"type":"Feature"},{"properties":{"intensity":0.000026202524898192064},"geometry":{"coordinates":[-16.73649354147832,28.35626662040247],"type":"Point"},"type":"Feature"},{"properties":{"intensity":0.0006527423954002638},"geometry":{"coordinates":[-16.738300847354637,28.355738214069724],"type":"Point"},"type":"Feature"},{"properties":{"intensity":0.00008679375437361893},"geometry":{"coordinates":[-16.740409159487225,28.354276415629926],"type":"Point"},"type":"Feature"},{"properties":{"intensity":0.000007465036724116244},"geometry":{"coordinates":[-16.741707618578957,28.353826656544303],"type":"Point"},"type":"Feature"},{"properties":{"intensity":0.00004982891966907897},"geometry":{"coordinates":[-16.74799915995813,28.349297052372766],"type":"Point"},"type":"Feature"},{"properties":{"intensity":0.0002311305313247718},"geometry":{"coordinates":[-16.75525759324085,28.340946389310734],"type":"Point"},"type":"Feature"},{"properties":{"intensity":0.000028950135520103588},"geometry":{"coordinates":[-16.7557592948086,28.339820892614238],"type":"Point"},"type":"Feature"},{"properties":{"intensity":0.00006806138829459225},"geometry":{"coordinates":[-16.756015898348537,28.33805781033589],"type":"Point"},"type":"Feature"},{"properties":{"intensity":0.0000600067911614497},"geometry":{"coordinates":[-16.7588452145843,28.335819374280792],"type":"Point"},"type":"Feature"},{"properties":{"intensity":0.0000611142706396608},"geometry":{"coordinates":[-16.75829338296703,28.332658888189645],"type":"Point"},"type":"Feature"},{"properties":{"intensity":0.00019161637635501175},"geometry":{"coordinates":[-16.78468545492944,28.328146835405917],"type":"Point"},"type":"Feature"},{"properties":{"intensity":0.00019602561732166076},"geometry":{"coordinates":[-16.78637041203627,28.327664534730143],"type":"Point"},"type":"Feature"},{"properties":{"intensity":0.0003792546797444155},"geometry":{"coordinates":[-16.78824387659111,28.327477548991183],"type":"Point"},"type":"Feature"},{"properties":{"intensity":0.00036628765517174365},"geometry":{"coordinates":[-16.79018559848484,28.32649549237105],"type":"Point"},"type":"Feature"},{"properties":{"intensity":0.0000518820086321502},"geometry":{"coordinates":[-16.796864221078273,28.318520349237943],"type":"Point"},"type":"Feature"},{"properties":{"intensity":0.00003121112534112165},"geometry":{"coordinates":[-16.796799557045254,28.318313639153168],"type":"Point"},"type":"Feature"},{"properties":{"intensity":0.00005451580176698774},"geometry":{"coordinates":[-16.790121999949424,28.32635193608948],"type":"Point"},"type":"Feature"},{"properties":{"intensity":0.00014017785413998816},"geometry":{"coordinates":[-16.788231716200986,28.32736039078095],"type":"Point"},"type":"Feature"},{"properties":{"intensity":0.00010061811342847628},"geometry":{"coordinates":[-16.78636920481548,28.32759235504363],"type":"Point"},"type":"Feature"},{"properties":{"intensity":0.0000875782481291235},"geometry":{"coordinates":[-16.784898379616102,28.328071854060234],"type":"Point"},"type":"Feature"},{"properties":{"intensity":0.000022246328265618864},"geometry":{"coordinates":[-16.75839387013914,28.332567347752665],"type":"Point"},"type":"Feature"},{"properties":{"intensity":0.0000363130548909287},"geometry":{"coordinates":[-16.758853925876416,28.33572901693021],"type":"Point"},"type":"Feature"},{"properties":{"intensity":0.000021031420773068646},"geometry":{"coordinates":[-16.755875651580393,28.338213032613393],"type":"Point"},"type":"Feature"},{"properties":{"intensity":0.000017251638164152095},"geometry":{"coordinates":[-16.755615929469705,28.33978664021518],"type":"Point"},"type":"Feature"},{"properties":{"intensity":0.00010487180588366288},"geometry":{"coordinates":[-16.755084373932434,28.340957643165027],"type":"Point"},"type":"Feature"},{"properties":{"intensity":0.000022484516571016462},"geometry":{"coordinates":[-16.747935601711408,28.349153474940415],"type":"Point"},"type":"Feature"},{"properties":{"intensity":0.000007677237422270488},"geometry":{"coordinates":[-16.7416249923755,28.3537645403957],"type":"Point"},"type":"Feature"},{"properties":{"intensity":0.00004129832305713891},"geometry":{"coordinates":[-16.740417003975544,28.354131923037272],"type":"Point"},"type":"Feature"},{"properties":{"intensity":0.00010264110351009559},"geometry":{"coordinates":[-16.7383299759828,28.355647597338574],"type":"Point"},"type":"Feature"},{"properties":{"intensity":0.00004623636097191387},"geometry":{"coordinates":[-16.73628763918626,28.356151923951437],"type":"Point"},"type":"Feature"},{"properties":{"intensity":0.00031318400962007675},"geometry":{"coordinates":[-16.735373779768576,28.356416246863795],"type":"Point"},"type":"Feature"},{"properties":{"intensity":0.00032952273992703843},"geometry":{"coordinates":[-16.73216140704692,28.355861480230082],"type":"Point"},"type":"Feature"},{"properties":{"intensity":0.00007867851435472852},"geometry":{"coordinates":[-16.728711799151405,28.35703333545342],"type":"Point"},"type":"Feature"},{"properties":{"intensity":0.00014530546215588721},"geometry":{"coordinates":[-16.7297366458846,28.35794986481872],"type":"Point"},"type":"Feature"},{"properties":{"intensity":0.000029112194079453404},"geometry":{"coordinates":[-16.727889185420118,28.35852379156341],"type":"Point"},"type":"Feature"},{"properties":{"intensity":0.000010956488888830769},"geometry":{"coordinates":[-16.721050582473847,28.357058072497342],"type":"Point"},"type":"Feature"},{"properties":{"intensity":0.000006820845770079236},"geometry":{"coordinates":[-16.71613263812607,28.35511661091204],"type":"Point"},"type":"Feature"},{"properties":{"intensity":0.0002645976975513211},"geometry":{"coordinates":[-16.715436695581968,28.355612697470004],"type":"Point"},"type":"Feature"},{"properties":{"intensity":0.0002224422965688419},"geometry":{"coordinates":[-16.712552636260597,28.35580237461318],"type":"Point"},"type":"Feature"},{"properties":{"intensity":0.00022687087911315424},"geometry":{"coordinates":[-16.711361522836633,28.357865916262746],"type":"Point"},"type":"Feature"},{"properties":{"intensity":0.00007382160770589796},"geometry":{"coordinates":[-16.711138868479445,28.35924947494333],"type":"Point"},"type":"Feature"},{"properties":{"intensity":0.00010570979878818507},"geometry":{"coordinates":[-16.70996585301162,28.360536662675813],"type":"Point"},"type":"Feature"},{"properties":{"intensity":0.00006599065484784732},"geometry":{"coordinates":[-16.71261720892986,28.361730722835837],"type":"Point"},"type":"Feature"},{"properties":{"intensity":0.00015440992834401466},"geometry":{"coordinates":[-16.714069807949624,28.36260589908075],"type":"Point"},"type":"Feature"},{"properties":{"intensity":0.00011412829041358088},"geometry":{"coordinates":[-16.710675546618464,28.36534689252736],"type":"Point"},"type":"Feature"},{"properties":{"intensity":0.00025027174394896075},"geometry":{"coordinates":[-16.709756395624304,28.367199442529486],"type":"Point"},"type":"Feature"},{"properties":{"intensity":0.004230386532626242},"geometry":{"coordinates":[-16.605356870765156,28.39214123841586],"type":"Point"},"type":"Feature"},{"properties":{"intensity":0.004203928808627821},"geometry":{"coordinates":[-16.60482613825883,28.39213846707718],"type":"Point"},"type":"Feature"},{"properties":{"intensity":0.012603432499852026},"geometry":{"coordinates":[-16.72386744511777,28.365965824199307],"type":"Point"},"type":"Feature"},{"properties":{"intensity":0.012718142761815059},"geometry":{"coordinates":[-16.72876284523614,28.36773580342968],"type":"Point"},"type":"Feature"},{"properties":{"intensity":0.012566127993177639},"geometry":{"coordinates":[-16.730994329008507,28.367554063698677],"type":"Point"},"type":"Feature"},{"properties":{"intensity":0.008482213144004717},"geometry":{"coordinates":[-16.734665502057467,28.368066909504925],"type":"Point"},"type":"Feature"},{"properties":{"intensity":0.00852534375564636},"geometry":{"coordinates":[-16.73924084433452,28.367088099385693],"type":"Point"},"type":"Feature"},{"properties":{"intensity":0.008560422938599072},"geometry":{"coordinates":[-16.74339015613552,28.366890695501414],"type":"Point"},"type":"Feature"},{"properties":{"intensity":0.008868924690509138},"geometry":{"coordinates":[-16.747055289090625,28.365165208312934],"type":"Point"},"type":"Feature"},{"properties":{"intensity":0.008430925817876642},"geometry":{"coordinates":[-16.75406201695887,28.36377569344944],"type":"Point"},"type":"Feature"},{"properties":{"intensity":0.009044709272578819},"geometry":{"coordinates":[-16.75766889849221,28.363485569257552],"type":"Point"},"type":"Feature"},{"properties":{"intensity":0.008512816310189143},"geometry":{"coordinates":[-16.761477441332687,28.362434689413302],"type":"Point"},"type":"Feature"},{"properties":{"intensity":0.00842371041303486},"geometry":{"coordinates":[-16.76305279079268,28.36207139311323],"type":"Point"},"type":"Feature"},{"properties":{"intensity":0.008352578307820498},"geometry":{"coordinates":[-16.770802499126216,28.358758236217778],"type":"Point"},"type":"Feature"},{"properties":{"intensity":0.008725938205729493},"geometry":{"coordinates":[-16.77525299914702,28.357680590607007],"type":"Point"},"type":"Feature"},{"properties":{"intensity":0.009055420361434675},"geometry":{"coordinates":[-16.779338745463654,28.3561473180295],"type":"Point"},"type":"Feature"},{"properties":{"intensity":0.008687967254636038},"geometry":{"coordinates":[-16.78127020015063,28.356347705501392],"type":"Point"},"type":"Feature"},{"properties":{"intensity":0.008816703832161984},"geometry":{"coordinates":[-16.783031327040266,28.35551248581289],"type":"Point"},"type":"Feature"},{"properties":{"intensity":0.008403628267898018},"geometry":{"coordinates":[-16.780716172540775,28.35249249156437],"type":"Point"},"type":"Feature"},{"properties":{"intensity":0.008447878692840496},"geometry":{"coordinates":[-16.78762604202536,28.350272307196736],"type":"Point"},"type":"Feature"},{"properties":{"intensity":0.008401540591647287},"geometry":{"coordinates":[-16.790924198916127,28.348640730956582],"type":"Point"},"type":"Feature"},{"properties":{"intensity":0.008409397086989737},"geometry":{"coordinates":[-16.789791274070783,28.34373730598076],"type":"Point"},"type":"Feature"},{"properties":{"intensity":0.008396262693196668},"geometry":{"coordinates":[-16.79023369697927,28.342747838038854],"type":"Point"},"type":"Feature"},{"properties":{"intensity":0.00838674456750948},"geometry":{"coordinates":[-16.7880185180051,28.342036898698762],"type":"Point"},"type":"Feature"},{"properties":{"intensity":0.008777085794754096},"geometry":{"coordinates":[-16.790771243148665,28.34013272609019],"type":"Point"},"type":"Feature"},{"properties":{"intensity":0.008503956919486298},"geometry":{"coordinates":[-16.792178034887655,28.338868878003655],"type":"Point"},"type":"Feature"},{"properties":{"intensity":0.008434077975203508},"geometry":{"coordinates":[-16.80212295885902,28.32980368692768],"type":"Point"},"type":"Feature"},{"properties":{"intensity":0.013373703896063386},"geometry":{"coordinates":[-16.805285547492844,28.3274426018447],"type":"Point"},"type":"Feature"},{"properties":{"intensity":0.008403380657657365},"geometry":{"coordinates":[-16.80773147256213,28.324323873056173],"type":"Point"},"type":"Feature"},{"properties":{"intensity":0.008521294675029751},"geometry":{"coordinates":[-16.804875585746107,28.317665585225118],"type":"Point"},"type":"Feature"},{"properties":{"intensity":0.004223602929474345},"geometry":{"coordinates":[-16.80515686529619,28.314395031663757],"type":"Point"},"type":"Feature"},{"properties":{"intensity":0.008425566222462082},"geometry":{"coordinates":[-16.81521942130918,28.29984058178746],"type":"Point"},"type":"Feature"},{"properties":{"intensity":0.020927783329820305},"geometry":{"coordinates":[-16.815734972392125,28.296575919615318],"type":"Point"},"type":"Feature"},{"properties":{"intensity":0.012794604672703682},"geometry":{"coordinates":[-16.815195960490193,28.295455038495497],"type":"Point"},"type":"Feature"},{"properties":{"intensity":0.01282711468069982},"geometry":{"coordinates":[-16.815634684661564,28.293671398196814],"type":"Point"},"type":"Feature"},{"properties":{"intensity":0.01252678797403301},"geometry":{"coordinates":[-16.813898787429654,28.290508858942662],"type":"Point"},"type":"Feature"},{"properties":{"intensity":0.012711742326742232},"geometry":{"coordinates":[-16.812556995389944,28.287133500277303],"type":"Point"},"type":"Feature"},{"properties":{"intensity":0.01254593412018625},"geometry":{"coordinates":[-16.812495213603476,28.281078936496357],"type":"Point"},"type":"Feature"},{"properties":{"intensity":0.012644191336648097},"geometry":{"coordinates":[-16.814802844334896,28.280696336782682],"type":"Point"},"type":"Feature"},{"properties":{"intensity":0.0125784076398282},"geometry":{"coordinates":[-16.81698270087873,28.27398928515276],"type":"Point"},"type":"Feature"},{"properties":{"intensity":0.01295117302839258},"geometry":{"coordinates":[-16.818042841841724,28.270988096178403],"type":"Point"},"type":"Feature"},{"properties":{"intensity":0.01429098610662836},"geometry":{"coordinates":[-16.819295874882318,28.269744092074845],"type":"Point"},"type":"Feature"},{"properties":{"intensity":0.01404345516951881},"geometry":{"coordinates":[-16.81890394577602,28.27007419055238],"type":"Point"},"type":"Feature"},{"properties":{"intensity":0.013192749356671115},"geometry":{"coordinates":[-16.81840780481205,28.271470556475382],"type":"Point"},"type":"Feature"},{"properties":{"intensity":0.012550752019132062},"geometry":{"coordinates":[-16.817195034832245,28.273887191682956],"type":"Point"},"type":"Feature"},{"properties":{"intensity":0.01269896987379058},"geometry":{"coordinates":[-16.81474245720722,28.280742261346766],"type":"Point"},"type":"Feature"},{"properties":{"intensity":0.012552469102276653},"geometry":{"coordinates":[-16.812420354609294,28.28087236835745],"type":"Point"},"type":"Feature"},{"properties":{"intensity":0.012819506685843713},"geometry":{"coordinates":[-16.812434836483668,28.28714414627182],"type":"Point"},"type":"Feature"},{"properties":{"intensity":0.01252803133589733},"geometry":{"coordinates":[-16.81384374912339,28.290870566375713],"type":"Point"},"type":"Feature"},{"properties":{"intensity":0.012887645146714349},"geometry":{"coordinates":[-16.81550385699858,28.293772406428698],"type":"Point"},"type":"Feature"},{"properties":{"intensity":0.012768992409894205},"geometry":{"coordinates":[-16.815061761667124,28.295357554465774],"type":"Point"},"type":"Feature"},{"properties":{"intensity":0.013953081378836652},"geometry":{"coordinates":[-16.815876220457564,28.297088431187134],"type":"Point"},"type":"Feature"},{"properties":{"intensity":0.008433884995507866},"geometry":{"coordinates":[-16.815145920256263,28.299715217722145],"type":"Point"},"type":"Feature"},{"properties":{"intensity":0.004204934804441584},"geometry":{"coordinates":[-16.805962709625838,28.31320217252804],"type":"Point"},"type":"Feature"},{"properties":{"intensity":0.00950084426767397},"geometry":{"coordinates":[-16.8047658724424,28.317811426816785],"type":"Point"},"type":"Feature"},{"properties":{"intensity":0.00841546429214976},"geometry":{"coordinates":[-16.807546413928677,28.324236081261645],"type":"Point"},"type":"Feature"},{"properties":{"intensity":0.008850653900453755},"geometry":{"coordinates":[-16.804659765300446,28.32782990608928],"type":"Point"},"type":"Feature"},{"properties":{"intensity":0.008427617033226626},"geometry":{"coordinates":[-16.802020229939412,28.329759922107527],"type":"Point"},"type":"Feature"},{"properties":{"intensity":0.008476663412791036},"geometry":{"coordinates":[-16.791974383890715,28.338889602847676],"type":"Point"},"type":"Feature"},{"properties":{"intensity":0.008624629666509844},"geometry":{"coordinates":[-16.79082056733098,28.340032809893213],"type":"Point"},"type":"Feature"},{"properties":{"intensity":0.00837017821763491},"geometry":{"coordinates":[-16.787734484517465,28.342130866649786],"type":"Point"},"type":"Feature"},{"properties":{"intensity":0.008433223416626999},"geometry":{"coordinates":[-16.790101727249443,28.34278566809592],"type":"Point"},"type":"Feature"},{"properties":{"intensity":0.008428028980225157},"geometry":{"coordinates":[-16.789994329638358,28.34368049428702],"type":"Point"},"type":"Feature"},{"properties":{"intensity":0.008360904858291855},"geometry":{"coordinates":[-16.789910901774412,28.348437450932373],"type":"Point"},"type":"Feature"},{"properties":{"intensity":0.008426288119681003},"geometry":{"coordinates":[-16.787671141046417,28.34991976404113],"type":"Point"},"type":"Feature"},{"properties":{"intensity":0.008385167032902364},"geometry":{"coordinates":[-16.78069336515798,28.352348398686747],"type":"Point"},"type":"Feature"},{"properties":{"intensity":0.008785727160984049},"geometry":{"coordinates":[-16.783212652891955,28.3553747479722],"type":"Point"},"type":"Feature"},{"properties":{"intensity":0.008540935339984611},"geometry":{"coordinates":[-16.781207949073735,28.356285347955442],"type":"Point"},"type":"Feature"},{"properties":{"intensity":0.008851607853062184},"geometry":{"coordinates":[-16.77932689069542,28.356048204115474],"type":"Point"},"type":"Feature"},{"properties":{"intensity":0.008680708715410488},"geometry":{"coordinates":[-16.775312244620704,28.35756250147218],"type":"Point"},"type":"Feature"},{"properties":{"intensity":0.00835968135111889},"geometry":{"coordinates":[-16.770407106258975,28.358907762909425],"type":"Point"},"type":"Feature"},{"properties":{"intensity":0.008393107623982432},"geometry":{"coordinates":[-16.764436467906407,28.36122323948794],"type":"Point"},"type":"Feature"},{"properties":{"intensity":0.008473280022329504},"geometry":{"coordinates":[-16.761306423396285,28.36258129072415],"type":"Point"},"type":"Feature"},{"properties":{"intensity":0.008755102993305735},"geometry":{"coordinates":[-16.757432657528646,28.36338934620172],"type":"Point"},"type":"Feature"},{"properties":{"intensity":0.008413983752800886},"geometry":{"coordinates":[-16.75411049555398,28.363621653417347],"type":"Point"},"type":"Feature"},{"properties":{"intensity":0.008669650999414056},"geometry":{"coordinates":[-16.7472282533446,28.365135917719776],"type":"Point"},"type":"Feature"},{"properties":{"intensity":0.00861095642014455},"geometry":{"coordinates":[-16.743470138528885,28.36679040284984],"type":"Point"},"type":"Feature"},{"properties":{"intensity":0.008584211323938462},"geometry":{"coordinates":[-16.739584723624322,28.366903220467],"type":"Point"},"type":"Feature"},{"properties":{"intensity":0.008381912946788203},"geometry":{"coordinates":[-16.730912576371832,28.367546077429413],"type":"Point"},"type":"Feature"},{"properties":{"intensity":0.008458203000050225},"geometry":{"coordinates":[-16.734593509341476,28.368031727666505],"type":"Point"},"type":"Feature"},{"properties":{"intensity":0.008490800769935346},"geometry":{"coordinates":[-16.72888452337917,28.367689137287236],"type":"Point"},"type":"Feature"},{"properties":{"intensity":0.00859594099898755},"geometry":{"coordinates":[-16.723711664207116,28.36579632776523],"type":"Point"},"type":"Feature"},{"properties":{"intensity":0.00009545840029598433},"geometry":{"coordinates":[-16.650326403946675,28.387786407362757],"type":"Point"},"type":"Feature"},{"properties":{"intensity":0.000008963152565819357},"geometry":{"coordinates":[-16.650209713789387,28.382228591350138],"type":"Point"},"type":"Feature"},{"properties":{"intensity":0.00428808149014818},"geometry":{"coordinates":[-16.647756120604637,28.3799569785107],"type":"Point"},"type":"Feature"},{"properties":{"intensity":0.004515222746080711},"geometry":{"coordinates":[-16.644983748369555,28.379503139830966],"type":"Point"},"type":"Feature"},{"properties":{"intensity":0.004244605450752801},"geometry":{"coordinates":[-16.64169118654878,28.38104998206132],"type":"Point"},"type":"Feature"},{"properties":{"intensity":0.004291534568298719},"geometry":{"coordinates":[-16.64246195394306,28.3794162385553],"type":"Point"},"type":"Feature"},{"properties":{"intensity":0.004272282759215977},"geometry":{"coordinates":[-16.640535776515197,28.378248174928956],"type":"Point"},"type":"Feature"},{"properties":{"intensity":0.004296066980696852},"geometry":{"coordinates":[-16.64212254457166,28.37526894300965],"type":"Point"},"type":"Feature"},{"properties":{"intensity":0.00434746098057527},"geometry":{"coordinates":[-16.642050157795996,28.37520664197016],"type":"Point"},"type":"Feature"},{"properties":{"intensity":0.0043558749158036135},"geometry":{"coordinates":[-16.640443400591504,28.378213188013092],"type":"Point"},"type":"Feature"},{"properties":{"intensity":0.0042063349142042045},"geometry":{"coordinates":[-16.642286150020844,28.379264936787227],"type":"Point"},"type":"Feature"},{"properties":{"intensity":0.00428301092685751},"geometry":{"coordinates":[-16.64181458996605,28.381111668419162],"type":"Point"},"type":"Feature"},{"properties":{"intensity":0.00461835320911961},"geometry":{"coordinates":[-16.64503629215684,28.379601777668622],"type":"Point"},"type":"Feature"},{"properties":{"intensity":0.004450071932619608},"geometry":{"coordinates":[-16.647675756874886,28.380039172927454],"type":"Point"},"type":"Feature"},{"properties":{"intensity":0.0000037095972127596154},"geometry":{"coordinates":[-16.64999336359451,28.382095840574195],"type":"Point"},"type":"Feature"},{"properties":{"intensity":0.000012166085720333008},"geometry":{"coordinates":[-16.65025596032019,28.387850433722154],"type":"Point"},"type":"Feature"},{"properties":{"intensity":0.010413348854373835},"geometry":{"coordinates":[-16.7138154556088,28.368998502801706],"type":"Point"},"type":"Feature"},{"properties":{"intensity":0.00443215921328174},"geometry":{"coordinates":[-16.71115095032827,28.367633171001632],"type":"Point"},"type":"Feature"},{"properties":{"intensity":0.005275332610727921},"geometry":{"coordinates":[-16.712294404757756,28.368313703489555],"type":"Point"},"type":"Feature"},{"properties":{"intensity":0.000616582542831425},"geometry":{"coordinates":[-16.70951605936858,28.3674822195869],"type":"Point"},"type":"Feature"},{"properties":{"intensity":0.00031464541136382815},"geometry":{"coordinates":[-16.707338992800945,28.36787951706347],"type":"Point"},"type":"Feature"},{"properties":{"intensity":0.0002760298241934918},"geometry":{"coordinates":[-16.704981277873387,28.367827809954523],"type":"Point"},"type":"Feature"},{"properties":{"intensity":0.0003538387382342555},"geometry":{"coordinates":[-16.702995840579085,28.368087272207998],"type":"Point"},"type":"Feature"},{"properties":{"intensity":0.0005197565984187971},"geometry":{"coordinates":[-16.701496030509,28.36872870239855],"type":"Point"},"type":"Feature"},{"properties":{"intensity":0.0006003972188190921},"geometry":{"coordinates":[-16.69881531626732,28.369538259805775],"type":"Point"},"type":"Feature"},{"properties":{"intensity":0.0002309715052279437},"geometry":{"coordinates":[-16.69625166220351,28.370012397584585],"type":"Point"},"type":"Feature"},{"properties":{"intensity":0.0007045650285243519},"geometry":{"coordinates":[-16.692255940306264,28.370260611929844],"type":"Point"},"type":"Feature"},{"properties":{"intensity":0.0006580059383865767},"geometry":{"coordinates":[-16.691039621853687,28.371412813517477],"type":"Point"},"type":"Feature"},{"properties":{"intensity":0.005870039078445636},"geometry":{"coordinates":[-16.68955365520016,28.371647834918818],"type":"Point"},"type":"Feature"},{"properties":{"intensity":0.00013226002963864127},"geometry":{"coordinates":[-16.691202986634067,28.371419810995203],"type":"Point"},"type":"Feature"},{"properties":{"intensity":0.00021794104645730735},"geometry":{"coordinates":[-16.692459821811262,28.370249055590097],"type":"Point"},"type":"Feature"},{"properties":{"intensity":0.000147265222012081},"geometry":{"coordinates":[-16.69632393186033,28.370065645839144],"type":"Point"},"type":"Feature"},{"properties":{"intensity":0.004407141361012955},"geometry":{"coordinates":[-16.698806840245844,28.36964666087789],"type":"Point"},"type":"Feature"},{"properties":{"intensity":0.0004406761092922513},"geometry":{"coordinates":[-16.701700915326196,28.368780292095316],"type":"Point"},"type":"Feature"},{"properties":{"intensity":0.00029671264876860825},"geometry":{"coordinates":[-16.703201445360882,28.368183973714515],"type":"Point"},"type":"Feature"},{"properties":{"intensity":0.0001787683439487692},"geometry":{"coordinates":[-16.705174807091105,28.36780733965126],"type":"Point"},"type":"Feature"},{"properties":{"intensity":0.00009902445827221574},"geometry":{"coordinates":[-16.70750264111843,28.367904540762233],"type":"Point"},"type":"Feature"},{"properties":{"intensity":0.008622460429276866},"geometry":{"coordinates":[-16.70938373720765,28.367501928388727],"type":"Point"},"type":"Feature"},{"properties":{"intensity":0.008448529650399265},"geometry":{"coordinates":[-16.711163323112377,28.367768384494383],"type":"Point"},"type":"Feature"},{"properties":{"intensity":0.004348515851150152},"geometry":{"coordinates":[-16.71196189022136,28.367938847962904],"type":"Point"},"type":"Feature"},{"properties":{"intensity":0.0003001926573563851},"geometry":{"coordinates":[-16.720949111555026,28.372265748641045],"type":"Point"},"type":"Feature"},{"properties":{"intensity":0.00009959827526409695},"geometry":{"coordinates":[-16.719186408916748,28.37495024209362],"type":"Point"},"type":"Feature"},{"properties":{"intensity":0.00007563486385388818},"geometry":{"coordinates":[-16.717641347565916,28.37784856067244],"type":"Point"},"type":"Feature"},{"properties":{"intensity":0.0005825099893813178},"geometry":{"coordinates":[-16.7210072085753,28.37965612396838],"type":"Point"},"type":"Feature"},{"properties":{"intensity":0.00047518123410277794},"geometry":{"coordinates":[-16.721448079508598,28.380417641298507],"type":"Point"},"type":"Feature"},{"properties":{"intensity":0.0008554013780234073},"geometry":{"coordinates":[-16.722851724435014,28.379506470564625],"type":"Point"},"type":"Feature"},{"properties":{"intensity":0.007396277898767642},"geometry":{"coordinates":[-16.723234565052547,28.377940383255062],"type":"Point"},"type":"Feature"},{"properties":{"intensity":0.00490151115856651},"geometry":{"coordinates":[-16.722581223597366,28.3791850069139],"type":"Point"},"type":"Feature"},{"properties":{"intensity":0.0003771447192155733},"geometry":{"coordinates":[-16.721538003264428,28.380299186065518],"type":"Point"},"type":"Feature"},{"properties":{"intensity":0.0011326171948082965},"geometry":{"coordinates":[-16.721168254615282,28.379518721543857],"type":"Point"},"type":"Feature"},{"properties":{"intensity":0.00018029561584193},"geometry":{"coordinates":[-16.71772281677871,28.37783850914136],"type":"Point"},"type":"Feature"},{"properties":{"intensity":0.0001428704570848913},"geometry":{"coordinates":[-16.719230125488437,28.375130181741717],"type":"Point"},"type":"Feature"},{"properties":{"intensity":0.00011698048515330868},"geometry":{"coordinates":[-16.719842387872454,28.373868042375065],"type":"Point"},"type":"Feature"},{"properties":{"intensity":0.00016447266238731948},"geometry":{"coordinates":[-16.555397814059663,28.39687230207099],"type":"Point"},"type":"Feature"},{"properties":{"intensity":0.00041703594016159425},"geometry":{"coordinates":[-16.55565558232342,28.398448722466103],"type":"Point"},"type":"Feature"},{"properties":{"intensity":0.00011021591443792356},"geometry":{"coordinates":[-16.558790249243575,28.398539233425467],"type":"Point"},"type":"Feature"},{"properties":{"intensity":0.001772814945390516},"geometry":{"coordinates":[-16.561563390157296,28.398335994862133],"type":"Point"},"type":"Feature"},{"properties":{"intensity":0.00860688205360039},"geometry":{"coordinates":[-16.585900808692443,28.388434287387657],"type":"Point"},"type":"Feature"},{"properties":{"intensity":7.516189683761235e-7},"geometry":{"coordinates":[-16.587059943462986,28.386092371279187],"type":"Point"},"type":"Feature"},{"properties":{"intensity":0.004285357279793833},"geometry":{"coordinates":[-16.58896912268598,28.384779561558002],"type":"Point"},"type":"Feature"},{"properties":{"intensity":0.004190138146614934},"geometry":{"coordinates":[-16.592783520672256,28.383263970081146],"type":"Point"},"type":"Feature"},{"properties":{"intensity":0.004189652536634881},"geometry":{"coordinates":[-16.594304710669373,28.383309352938145],"type":"Point"},"type":"Feature"},{"properties":{"intensity":0.004208763461811619},"geometry":{"coordinates":[-16.592751428198273,28.38316507170315],"type":"Point"},"type":"Feature"},{"properties":{"intensity":0.0000022141367015804888},"geometry":{"coordinates":[-16.58694663215815,28.386021492143755],"type":"Point"},"type":"Feature"},{"properties":{"intensity":0.00010066010100970988},"geometry":{"coordinates":[-16.576654335610527,28.389092128888333],"type":"Point"},"type":"Feature"},{"properties":{"intensity":0.000048917452349033},"geometry":{"coordinates":[-16.571002846189447,28.389247665934555],"type":"Point"},"type":"Feature"},{"properties":{"intensity":0.00001675806219252723},"geometry":{"coordinates":[-16.5686977448242,28.389337402404465],"type":"Point"},"type":"Feature"},{"properties":{"intensity":0.00009671351487839207},"geometry":{"coordinates":[-16.563459667667814,28.38915394356514],"type":"Point"},"type":"Feature"},{"properties":{"intensity":0.00011770383831591515},"geometry":{"coordinates":[-16.559930078242036,28.389952498859135],"type":"Point"},"type":"Feature"},{"properties":{"intensity":0.00037310449483622676},"geometry":{"coordinates":[-16.559340141440703,28.38939068150162],"type":"Point"},"type":"Feature"},{"properties":{"intensity":0.0005385508439481772},"geometry":{"coordinates":[-16.553970138585765,28.388558570470376],"type":"Point"},"type":"Feature"},{"properties":{"intensity":0.00023609531111078554},"geometry":{"coordinates":[-16.55116000621723,28.387606874208718],"type":"Point"},"type":"Feature"},{"properties":{"intensity":0.00006437138921634112},"geometry":{"coordinates":[-16.54585790110401,28.386520966327414],"type":"Point"},"type":"Feature"},{"properties":{"intensity":0.00012243921804294493},"geometry":{"coordinates":[-16.543395440974972,28.387018182721203],"type":"Point"},"type":"Feature"},{"properties":{"intensity":0.00005898954033674804},"geometry":{"coordinates":[-16.541283273679998,28.38774604236521],"type":"Point"},"type":"Feature"},{"properties":{"intensity":0.00014297074136250017},"geometry":{"coordinates":[-16.539234159328817,28.387895558371028],"type":"Point"},"type":"Feature"},{"properties":{"intensity":0.00010185350930122302},"geometry":{"coordinates":[-16.534147566476463,28.389721831350165],"type":"Point"},"type":"Feature"},{"properties":{"intensity":0.0000855534249718219},"geometry":{"coordinates":[-16.53247378746727,28.390426569725165],"type":"Point"},"type":"Feature"},{"properties":{"intensity":0.004536581467823233},"geometry":{"coordinates":[-16.514284739692183,28.40173075743099],"type":"Point"},"type":"Feature"},{"properties":{"intensity":0.00006417373254849257},"geometry":{"coordinates":[-16.510920137703717,28.404863711261054],"type":"Point"},"type":"Feature"},{"properties":{"intensity":0.00003360003155667536},"geometry":{"coordinates":[-16.508493013642774,28.40861795681272],"type":"Point"},"type":"Feature"},{"properties":{"intensity":0.0001442618465919445},"geometry":{"coordinates":[-16.506215023381895,28.414987771650953],"type":"Point"},"type":"Feature"},{"properties":{"intensity":0.0006516663193589563},"geometry":{"coordinates":[-16.500280309833034,28.419060412574733],"type":"Point"},"type":"Feature"},{"properties":{"intensity":0.00044751884680190545},"geometry":{"coordinates":[-16.49873491053624,28.41588256773223],"type":"Point"},"type":"Feature"},{"properties":{"intensity":0.0005060778528264552},"geometry":{"coordinates":[-16.5014506519975,28.410843747551596],"type":"Point"},"type":"Feature"},{"properties":{"intensity":0.00013640187366412883},"geometry":{"coordinates":[-16.498006837066345,28.411296828906377],"type":"Point"},"type":"Feature"},{"properties":{"intensity":0.00014458476432380472},"geometry":{"coordinates":[-16.49702839064523,28.412128869445077],"type":"Point"},"type":"Feature"},{"properties":{"intensity":0.00034330152864668406},"geometry":{"coordinates":[-16.494880065261018,28.413975533338284],"type":"Point"},"type":"Feature"},{"properties":{"intensity":0.000026725566062425987},"geometry":{"coordinates":[-16.5137379961144,28.404913645105967],"type":"Point"},"type":"Feature"},{"properties":{"intensity":0.000005718488386917266},"geometry":{"coordinates":[-16.514745836805755,28.4083138974587],"type":"Point"},"type":"Feature"},{"properties":{"intensity":0.000001417497689449066},"geometry":{"coordinates":[-16.516492799044798,28.41056875788868],"type":"Point"},"type":"Feature"},{"properties":{"intensity":0.000015570786816903787},"geometry":{"coordinates":[-16.516202634594993,28.412413091608226],"type":"Point"},"type":"Feature"},{"properties":{"intensity":0.004927518886099915},"geometry":{"coordinates":[-16.516520501217002,28.41537877968042],"type":"Point"},"type":"Feature"},{"properties":{"intensity":0.000029279186167853498},"geometry":{"coordinates":[-16.516294361442906,28.412403045183844],"type":"Point"},"type":"Feature"},{"properties":{"intensity":0.0000028272179533250104},"geometry":{"coordinates":[-16.516553006431494,28.410495887260197],"type":"Point"},"type":"Feature"},{"properties":{"intensity":0.00002200813996022127},"geometry":{"coordinates":[-16.513830358339987,28.404948718569155],"type":"Point"},"type":"Feature"},{"properties":{"intensity":0.000008013243240751804},"geometry":{"coordinates":[-16.514617975496844,28.407936268785985],"type":"Point"},"type":"Feature"},{"properties":{"intensity":0.0015755602228649168},"geometry":{"coordinates":[-16.535157084269482,28.382580709443086],"type":"Point"},"type":"Feature"},{"properties":{"intensity":0.0010752083947006468},"geometry":{"coordinates":[-16.534295907783612,28.384431510351956],"type":"Point"},"type":"Feature"},{"properties":{"intensity":0.0009319022286242019},"geometry":{"coordinates":[-16.533849605173025,28.38036625695581],"type":"Point"},"type":"Feature"},{"properties":{"intensity":0.011308428996088263},"geometry":{"coordinates":[-16.513797484748256,28.39401976921029],"type":"Point"},"type":"Feature"},{"properties":{"intensity":0.012983642881883167},"geometry":{"coordinates":[-16.51438322087177,28.397172021531055],"type":"Point"},"type":"Feature"},{"properties":{"intensity":0.018268063461118072},"geometry":{"coordinates":[-16.518149868754353,28.39577633854547],"type":"Point"},"type":"Feature"},{"properties":{"intensity":0.01178174147234641},"geometry":{"coordinates":[-16.520515090006576,28.393448576335597],"type":"Point"},"type":"Feature"},{"properties":{"intensity":0.00038398069012049495},"geometry":{"coordinates":[-16.521725674277565,28.384599556606613],"type":"Point"},"type":"Feature"},{"properties":{"intensity":0.0005072630911538576},"geometry":{"coordinates":[-16.518902270550974,28.384838636592477],"type":"Point"},"type":"Feature"},{"properties":{"intensity":0.00012676050855461082},"geometry":{"coordinates":[-16.51479704260544,28.3867976493846],"type":"Point"},"type":"Feature"},{"properties":{"intensity":0.000181739221713775},"geometry":{"coordinates":[-16.512737301603817,28.38691981005707],"type":"Point"},"type":"Feature"},{"properties":{"intensity":0.0004924250794348167},"geometry":{"coordinates":[-16.508575103664693,28.38847314485005],"type":"Point"},"type":"Feature"},{"properties":{"intensity":0.005116731796802528},"geometry":{"coordinates":[-16.506939556756272,28.389727678795143],"type":"Point"},"type":"Feature"},{"properties":{"intensity":0.00016444996379944298},"geometry":{"coordinates":[-16.50514134725616,28.390307111401835],"type":"Point"},"type":"Feature"},{"properties":{"intensity":0.001574848072128943},"geometry":{"coordinates":[-16.502763665533866,28.390324334718386],"type":"Point"},"type":"Feature"},{"properties":{"intensity":0.0009499359617701797},"geometry":{"coordinates":[-16.505075655227714,28.390713965039865],"type":"Point"},"type":"Feature"},{"properties":{"intensity":0.004644071255433742},"geometry":{"coordinates":[-16.50587502117219,28.39022680314085],"type":"Point"},"type":"Feature"},{"properties":{"intensity":0.0043182044250044465},"geometry":{"coordinates":[-16.507140318344607,28.38949080640132],"type":"Point"},"type":"Feature"},{"properties":{"intensity":0.00015288791452759565},"geometry":{"coordinates":[-16.508461327716056,28.388366103935464],"type":"Point"},"type":"Feature"},{"properties":{"intensity":0.00019800800777488475},"geometry":{"coordinates":[-16.510781415102958,28.387889143236794],"type":"Point"},"type":"Feature"},{"properties":{"intensity":0.0007643242620294537},"geometry":{"coordinates":[-16.5215646092022,28.38475478093999],"type":"Point"},"type":"Feature"},{"properties":{"intensity":0.020414071327735726},"geometry":{"coordinates":[-16.518006362005657,28.395732812732827],"type":"Point"},"type":"Feature"},{"properties":{"intensity":0.018373940440560656},"geometry":{"coordinates":[-16.515975854205216,28.396486453304608],"type":"Point"},"type":"Feature"},{"properties":{"intensity":0.00695898999289082},"geometry":{"coordinates":[-16.493051186857183,28.415313258844275],"type":"Point"},"type":"Feature"},{"properties":{"intensity":0.00022597870078646542},"geometry":{"coordinates":[-16.49495074961745,28.413920606945197],"type":"Point"},"type":"Feature"},{"properties":{"intensity":0.000023760821213309935},"geometry":{"coordinates":[-16.498293497905028,28.41135685040385],"type":"Point"},"type":"Feature"},{"properties":{"intensity":0.0042614891511413375},"geometry":{"coordinates":[-16.497079040983973,28.412101237415104],"type":"Point"},"type":"Feature"},{"properties":{"intensity":0.004404897313995921},"geometry":{"coordinates":[-16.501431385364864,28.410925185412395],"type":"Point"},"type":"Feature"},{"properties":{"intensity":0.00015942346231599455},"geometry":{"coordinates":[-16.498423123191042,28.41548889728605],"type":"Point"},"type":"Feature"},{"properties":{"intensity":0.00042120464663347306},"geometry":{"coordinates":[-16.499934293868776,28.41913642545548],"type":"Point"},"type":"Feature"},{"properties":{"intensity":0.00009451474446195898},"geometry":{"coordinates":[-16.506376666198463,28.41486865801274],"type":"Point"},"type":"Feature"},{"properties":{"intensity":0.004197095885591961},"geometry":{"coordinates":[-16.508556550300973,28.408779703576982],"type":"Point"},"type":"Feature"},{"properties":{"intensity":0.000022460995728298247},"geometry":{"coordinates":[-16.510951394345717,28.404908489649628],"type":"Point"},"type":"Feature"},{"properties":{"intensity":0.004351896895422312},"geometry":{"coordinates":[-16.514364199265405,28.401576448465686],"type":"Point"},"type":"Feature"},{"properties":{"intensity":0.00016126935210080814},"geometry":{"coordinates":[-16.52596223358213,28.39182633957666],"type":"Point"},"type":"Feature"},{"properties":{"intensity":0.009125804684134597},"geometry":{"coordinates":[-16.52769934211707,28.394821223068906],"type":"Point"},"type":"Feature"},{"properties":{"intensity":0.00877490989322811},"geometry":{"coordinates":[-16.527269429679578,28.393309842450552],"type":"Point"},"type":"Feature"},{"properties":{"intensity":0.009209408113996601},"geometry":{"coordinates":[-16.529301185173818,28.391942322477973],"type":"Point"},"type":"Feature"},{"properties":{"intensity":0.00007098047941111014},"geometry":{"coordinates":[-16.534169013785913,28.38979378981048],"type":"Point"},"type":"Feature"},{"properties":{"intensity":0.00009210130658284652},"geometry":{"coordinates":[-16.532324491736144,28.390689974096645],"type":"Point"},"type":"Feature"},{"properties":{"intensity":0.00014469503623466666},"geometry":{"coordinates":[-16.53912322215675,28.387987061574506],"type":"Point"},"type":"Feature"},{"properties":{"intensity":0.000153036130736329},"geometry":{"coordinates":[-16.54352926413144,28.38709789147962],"type":"Point"},"type":"Feature"},{"properties":{"intensity":0.00003719012348931532},"geometry":{"coordinates":[-16.541315451107366,28.387853978140644],"type":"Point"},"type":"Feature"},{"properties":{"intensity":0.00003683078539411464},"geometry":{"coordinates":[-16.545880010052283,28.386638040137584],"type":"Point"},"type":"Feature"},{"properties":{"intensity":0.00012194817682669153},"geometry":{"coordinates":[-16.550433186167048,28.387452698134407],"type":"Point"},"type":"Feature"},{"properties":{"intensity":0.0005899461266108215},"geometry":{"coordinates":[-16.553931429540633,28.388703411239266],"type":"Point"},"type":"Feature"},{"properties":{"intensity":0.00046992110071098446},"geometry":{"coordinates":[-16.55935193002795,28.389498845837267],"type":"Point"},"type":"Feature"},{"properties":{"intensity":0.00017119366900263388},"geometry":{"coordinates":[-16.563583303906086,28.389233748998866],"type":"Point"},"type":"Feature"},{"properties":{"intensity":0.00002743646482725423},"geometry":{"coordinates":[-16.568597833553586,28.389482951491896],"type":"Point"},"type":"Feature"},{"properties":{"intensity":0.000050978952426520225},"geometry":{"coordinates":[-16.57125886950935,28.389307887707012],"type":"Point"},"type":"Feature"},{"properties":{"intensity":0.00006161132419665137},"geometry":{"coordinates":[-16.57683933641948,28.389180236710942],"type":"Point"},"type":"Feature"},{"properties":{"intensity":0.008438877218844806},"geometry":{"coordinates":[-16.588277631637453,28.386312828065744],"type":"Point"},"type":"Feature"},{"properties":{"intensity":0.00007226373922413503},"geometry":{"coordinates":[-16.52586123274853,28.392612647117485],"type":"Point"},"type":"Feature"},{"properties":{"intensity":0.006069923693169088},"geometry":{"coordinates":[-16.547281411922743,28.415664431075296],"type":"Point"},"type":"Feature"},{"properties":{"intensity":0.006106146510364653},"geometry":{"coordinates":[-16.55080334595272,28.417077374538202],"type":"Point"},"type":"Feature"},{"properties":{"intensity":0.0005449136746773642},"geometry":{"coordinates":[-16.553459188876612,28.416496577218563],"type":"Point"},"type":"Feature"},{"properties":{"intensity":0.012887988988727679},"geometry":{"coordinates":[-16.555193613561222,28.412939008856327],"type":"Point"},"type":"Feature"},{"properties":{"intensity":0.000901148326882211},"geometry":{"coordinates":[-16.55597561740306,28.411269489688426],"type":"Point"},"type":"Feature"},{"properties":{"intensity":0.0007595020632434337},"geometry":{"coordinates":[-16.553369106673163,28.41032455718528],"type":"Point"},"type":"Feature"},{"properties":{"intensity":0.00034016530330296165},"geometry":{"coordinates":[-16.5516791778436,28.405732083278988],"type":"Point"},"type":"Feature"},{"properties":{"intensity":0.0010373778452125856},"geometry":{"coordinates":[-16.55150790087344,28.403784647931648],"type":"Point"},"type":"Feature"},{"properties":{"intensity":0.0007812565960288039},"geometry":{"coordinates":[-16.551703039352898,28.401065917448307],"type":"Point"},"type":"Feature"},{"properties":{"intensity":0.0004125217379451312},"geometry":{"coordinates":[-16.552609977391654,28.399566466367233],"type":"Point"},"type":"Feature"},{"properties":{"intensity":0.0033088609915144468},"geometry":{"coordinates":[-16.553122990443427,28.39835127521635],"type":"Point"},"type":"Feature"},{"properties":{"intensity":0.0004726978673843537},"geometry":{"coordinates":[-16.55250700906745,28.399504465487322],"type":"Point"},"type":"Feature"},{"properties":{"intensity":0.0002411821155257502},"geometry":{"coordinates":[-16.55164378219083,28.40120196669208],"type":"Point"},"type":"Feature"},{"properties":{"intensity":0.0005648779808149979},"geometry":{"coordinates":[-16.55141815807812,28.40393006931232],"type":"Point"},"type":"Feature"},{"properties":{"intensity":0.0003915988085915485},"geometry":{"coordinates":[-16.551216387557425,28.405493682180083],"type":"Point"},"type":"Feature"},{"properties":{"intensity":0.00442218203091974},"geometry":{"coordinates":[-16.554719695333734,28.41054379155961],"type":"Point"},"type":"Feature"},{"properties":{"intensity":0.02865399936210608},"geometry":{"coordinates":[-16.555795686623107,28.412228187160757],"type":"Point"},"type":"Feature"},{"properties":{"intensity":0.006271235153161714},"geometry":{"coordinates":[-16.549228676589863,28.414793944437175],"type":"Point"},"type":"Feature"},{"properties":{"intensity":0.005355267197901592},"geometry":{"coordinates":[-16.546056391105438,28.41566029711368],"type":"Point"},"type":"Feature"},{"properties":{"intensity":0.00880906764567592},"geometry":{"coordinates":[-16.553513837103328,28.414645844929797],"type":"Point"},"type":"Feature"},{"properties":{"intensity":0.004625080537216813},"geometry":{"coordinates":[-16.557096115148923,28.413900981547155],"type":"Point"},"type":"Feature"},{"properties":{"intensity":0.004955695714884607},"geometry":{"coordinates":[-16.558728094693755,28.41242027296327],"type":"Point"},"type":"Feature"},{"properties":{"intensity":0.006119577240448431},"geometry":{"coordinates":[-16.565193448324713,28.409909384657055],"type":"Point"},"type":"Feature"},{"properties":{"intensity":0.00466653687554994},"geometry":{"coordinates":[-16.56986278394918,28.406065179201033],"type":"Point"},"type":"Feature"},{"properties":{"intensity":0.0028179343524690247},"geometry":{"coordinates":[-16.57996634413654,28.397717648191172],"type":"Point"},"type":"Feature"},{"properties":{"intensity":0.0002707699319520034},"geometry":{"coordinates":[-16.56960578929331,28.405941792983203],"type":"Point"},"type":"Feature"},{"properties":{"intensity":0.0011296369694635666},"geometry":{"coordinates":[-16.564665803481407,28.410123021300407],"type":"Point"},"type":"Feature"},{"properties":{"intensity":0.0006763550683956868},"geometry":{"coordinates":[-16.55867587567828,28.412339646518436],"type":"Point"},"type":"Feature"},{"properties":{"intensity":0.0051296453376327225},"geometry":{"coordinates":[-16.55325921317202,28.41048825945866],"type":"Point"},"type":"Feature"},{"properties":{"intensity":0.008578553667003292},"geometry":{"coordinates":[-16.51507917814527,28.38223686282765],"type":"Point"},"type":"Feature"},{"properties":{"intensity":0.012707536754784168},"geometry":{"coordinates":[-16.514916823704198,28.38230184333502],"type":"Point"},"type":"Feature"},{"properties":{"intensity":6.321136882564678e-7},"geometry":{"coordinates":[-16.525518337516196,28.340830772560047],"type":"Point"},"type":"Feature"},{"properties":{"intensity":2.467879858124329e-7},"geometry":{"coordinates":[-16.52430449615034,28.340835319173912],"type":"Point"},"type":"Feature"},{"properties":{"intensity":0.0000012079523218188114},"geometry":{"coordinates":[-16.532374318082844,28.329526728568485],"type":"Point"},"type":"Feature"},{"properties":{"intensity":0.0000014919829258134223},"geometry":{"coordinates":[-16.53230603800176,28.329744097339617],"type":"Point"},"type":"Feature"},{"properties":{"intensity":0.0000036056467837862014},"geometry":{"coordinates":[-16.570738622438906,28.3110043080204],"type":"Point"},"type":"Feature"},{"properties":{"intensity":0.0000019743038864994634},"geometry":{"coordinates":[-16.57061719620822,28.311068880531348],"type":"Point"},"type":"Feature"},{"properties":{"intensity":9.35176728763025e-8},"geometry":{"coordinates":[-16.542632399036783,28.322263272972403],"type":"Point"},"type":"Feature"},{"properties":{"intensity":7.516189683761235e-7},"geometry":{"coordinates":[-16.54227496872463,28.322231213354964],"type":"Point"},"type":"Feature"},{"properties":{"intensity":3.6281568056638517e-7},"geometry":{"coordinates":[-16.525246540035546,28.349651308948115],"type":"Point"},"type":"Feature"},{"properties":{"intensity":1.6452532387495526e-7},"geometry":{"coordinates":[-16.52493149721879,28.34973605810902],"type":"Point"},"type":"Feature"},{"properties":{"intensity":0.0047566878967961555},"geometry":{"coordinates":[-16.568184596836527,28.356537659434817],"type":"Point"},"type":"Feature"},{"properties":{"intensity":0.004287019287270569},"geometry":{"coordinates":[-16.5697522506487,28.354913176616016],"type":"Point"},"type":"Feature"},{"properties":{"intensity":9.611643360063782e-7},"geometry":{"coordinates":[-16.569538175117547,28.354924666147074],"type":"Point"},"type":"Feature"},{"properties":{"intensity":0.000010301865178696652},"geometry":{"coordinates":[-16.567860168142204,28.356676765125886],"type":"Point"},"type":"Feature"},{"properties":{"intensity":8.226266193747763e-8},"geometry":{"coordinates":[-16.73380085896549,28.36759961146757],"type":"Point"},"type":"Feature"},{"properties":{"intensity":6.806113173774707e-7},"geometry":{"coordinates":[-16.730174566349064,28.364821012142183],"type":"Point"},"type":"Feature"},{"properties":{"intensity":9.35176728763025e-8},"geometry":{"coordinates":[-16.730717926166676,28.364353862253854],"type":"Point"},"type":"Feature"},{"properties":{"intensity":9.611643360063782e-7},"geometry":{"coordinates":[-16.733234066730297,28.36411432612287],"type":"Point"},"type":"Feature"},{"properties":{"intensity":0.0000012789599728174639},"geometry":{"coordinates":[-16.73248556259342,28.36011694632824],"type":"Point"},"type":"Feature"},{"properties":{"intensity":0.000007478947065579057},"geometry":{"coordinates":[-16.73296329129188,28.359379886094278],"type":"Point"},"type":"Feature"},{"properties":{"intensity":0.0000020418339521324124},"geometry":{"coordinates":[-16.734166673584408,28.358723840517747],"type":"Point"},"type":"Feature"},{"properties":{"intensity":0.000011340803770434241},"geometry":{"coordinates":[-16.73085174935673,28.357511557559818],"type":"Point"},"type":"Feature"},{"properties":{"intensity":0.004188542401826146},"geometry":{"coordinates":[-16.59670653948557,28.384237862356457],"type":"Point"},"type":"Feature"},{"properties":{"intensity":0.004809568259798188},"geometry":{"coordinates":[-16.599242132639567,28.385236956819867],"type":"Point"},"type":"Feature"},{"properties":{"intensity":0.018146980433376907},"geometry":{"coordinates":[-16.652919687560164,28.393783474096306],"type":"Point"},"type":"Feature"},{"properties":{"intensity":0.012012279410619914},"geometry":{"coordinates":[-16.545069415099228,28.41728696503744],"type":"Point"},"type":"Feature"},{"properties":{"intensity":0.05137354233674769},"geometry":{"coordinates":[-16.51828372867099,28.397291050988912],"type":"Point"},"type":"Feature"},{"properties":{"intensity":0.04028130268605113},"geometry":{"coordinates":[-16.518576922479458,28.39781123399431],"type":"Point"},"type":"Feature"},{"properties":{"intensity":0.00030662086052783135},"geometry":{"coordinates":[-16.651841722804154,28.393372389078586],"type":"Point"},"type":"Feature"},{"properties":{"intensity":0.009482444847465903},"geometry":{"coordinates":[-16.54925234403459,28.39397312819297],"type":"Point"},"type":"Feature"},{"properties":{"intensity":0.004371641619482556},"geometry":{"coordinates":[-16.54619893120769,28.394549318609922],"type":"Point"},"type":"Feature"},{"properties":{"intensity":0.0006985171495354531},"geometry":{"coordinates":[-16.543152679673163,28.394917785946884],"type":"Point"},"type":"Feature"},{"properties":{"intensity":0.0010413333927497758},"geometry":{"coordinates":[-16.544165787969305,28.395104854423145],"type":"Point"},"type":"Feature"},{"properties":{"intensity":0.0079059610954217},"geometry":{"coordinates":[-16.546436774220382,28.3947632177996],"type":"Point"},"type":"Feature"},{"properties":{"intensity":0.034287622231324505},"geometry":{"coordinates":[-16.550919617928514,28.394928850802174],"type":"Point"},"type":"Feature"},{"properties":{"intensity":0.004601692639892475},"geometry":{"coordinates":[-16.58000583446599,28.378358797676768],"type":"Point"},"type":"Feature"},{"properties":{"intensity":0.005228957953189681},"geometry":{"coordinates":[-16.582438158781468,28.379982129579165],"type":"Point"},"type":"Feature"},{"properties":{"intensity":0.004356892475769467},"geometry":{"coordinates":[-16.579741369641084,28.37841601327774],"type":"Point"},"type":"Feature"},{"properties":{"intensity":0.000049208060991761325},"geometry":{"coordinates":[-16.59067289504973,28.392268368827732],"type":"Point"},"type":"Feature"},{"properties":{"intensity":0.00000940557557779923},"geometry":{"coordinates":[-16.589190376841074,28.388666700476406],"type":"Point"},"type":"Feature"},{"properties":{"intensity":0.0000014919829258134223},"geometry":{"coordinates":[-16.58850277695307,28.38635532756737],"type":"Point"},"type":"Feature"},{"properties":{"intensity":0.004214342401661064},"geometry":{"coordinates":[-16.589089822001302,28.388767146973205],"type":"Point"},"type":"Feature"},{"properties":{"intensity":0.004204223271987913},"geometry":{"coordinates":[-16.590644573975357,28.392422122158923],"type":"Point"},"type":"Feature"},{"properties":{"intensity":0.0005066888290391323},"geometry":{"coordinates":[-16.558940808935567,28.39836603663422],"type":"Point"},"type":"Feature"},{"properties":{"intensity":0.0005342953184173083},"geometry":{"coordinates":[-16.555531281638228,28.398323792965854],"type":"Point"},"type":"Feature"},{"properties":{"intensity":0.0003757524022850661},"geometry":{"coordinates":[-16.555481163071555,28.396988674490082],"type":"Point"},"type":"Feature"},{"properties":{"intensity":0.01918960370115621},"geometry":{"coordinates":[-16.472339420066383,28.43821885973905],"type":"Point"},"type":"Feature"},{"properties":{"intensity":0.000044650415250380117},"geometry":{"coordinates":[-16.50100729311461,28.40184163192645],"type":"Point"},"type":"Feature"},{"properties":{"intensity":0.00000873969685672629},"geometry":{"coordinates":[-16.50048284959209,28.405186682241368],"type":"Point"},"type":"Feature"},{"properties":{"intensity":0.000057634005495038775},"geometry":{"coordinates":[-16.50063516954498,28.405130853600276],"type":"Point"},"type":"Feature"},{"properties":{"intensity":0.00001832288584502158},"geometry":{"coordinates":[-16.49924091782342,28.408323029606862],"type":"Point"},"type":"Feature"},{"properties":{"intensity":0.00003600158073600615},"geometry":{"coordinates":[-16.499182986739584,28.40855831881479],"type":"Point"},"type":"Feature"},{"properties":{"intensity":0.0015073533199117355},"geometry":{"coordinates":[-16.449917960746514,28.45996644068663],"type":"Point"},"type":"Feature"},{"properties":{"intensity":0.0000334616824060426},"geometry":{"coordinates":[-16.44820533672286,28.460941346722606],"type":"Point"},"type":"Feature"},{"properties":{"intensity":0.00003302501517795473},"geometry":{"coordinates":[-16.448199554486646,28.46126631201728],"type":"Point"},"type":"Feature"},{"properties":{"intensity":0.000007102221043549858},"geometry":{"coordinates":[-16.768508641596696,28.365005856313164],"type":"Point"},"type":"Feature"},{"properties":{"intensity":0.0004381912186392962},"geometry":{"coordinates":[-16.525056652663444,28.383461260505836],"type":"Point"},"type":"Feature"},{"properties":{"intensity":0.00031742892923538983},"geometry":{"coordinates":[-16.52529391477973,28.380787196481478],"type":"Point"},"type":"Feature"},{"properties":{"intensity":0.0003945948517089558},"geometry":{"coordinates":[-16.52371269424838,28.38082293721311],"type":"Point"},"type":"Feature"},{"properties":{"intensity":0.00020258120836741218},"geometry":{"coordinates":[-16.559941735392986,28.390051639685097],"type":"Point"},"type":"Feature"},{"properties":{"intensity":0.004961016837481066},"geometry":{"coordinates":[-16.529394429174484,28.3884846975159],"type":"Point"},"type":"Feature"},{"properties":{"intensity":0.013797324812573755},"geometry":{"coordinates":[-16.522187463890145,28.39763555775001],"type":"Point"},"type":"Feature"},{"properties":{"intensity":0.010167029640906081},"geometry":{"coordinates":[-16.52357480214147,28.396157994626883],"type":"Point"},"type":"Feature"},{"properties":{"intensity":0.00070371030315307},"geometry":{"coordinates":[-16.52377998223988,28.39052408864694],"type":"Point"},"type":"Feature"},{"properties":{"intensity":0.0003098366098055808},"geometry":{"coordinates":[-16.52533357230014,28.38926125015779],"type":"Point"},"type":"Feature"},{"properties":{"intensity":0.00010705123472243265},"geometry":{"coordinates":[-16.52591079441111,28.38823495916928],"type":"Point"},"type":"Feature"},{"properties":{"intensity":0.00015442334097832727},"geometry":{"coordinates":[-16.526058798381406,28.386455372565052],"type":"Point"},"type":"Feature"},{"properties":{"intensity":0.00774430106995935},"geometry":{"coordinates":[-16.527753453514226,28.3843606263139],"type":"Point"},"type":"Feature"},{"properties":{"intensity":0.0004984809615930536},"geometry":{"coordinates":[-16.52339856415513,28.382405830240735],"type":"Point"},"type":"Feature"},{"properties":{"intensity":0.00010460074279113683},"geometry":{"coordinates":[-16.52188624615676,28.38369525984437],"type":"Point"},"type":"Feature"},{"properties":{"intensity":0.005123092726465186},"geometry":{"coordinates":[-16.60211334679239,28.394300259233297],"type":"Point"},"type":"Feature"},{"properties":{"intensity":0.00823684955561127},"geometry":{"coordinates":[-16.583310665882497,28.384448340055556],"type":"Point"},"type":"Feature"},{"properties":{"intensity":0.018445918681338377},"geometry":{"coordinates":[-16.56990561286813,28.377807689353084],"type":"Point"},"type":"Feature"},{"properties":{"intensity":0.000020572432089101968},"geometry":{"coordinates":[-16.57415638727325,28.356080766429265],"type":"Point"},"type":"Feature"},{"properties":{"intensity":0.0001240642394583431},"geometry":{"coordinates":[-16.576069603250787,28.35782755097782],"type":"Point"},"type":"Feature"},{"properties":{"intensity":0.00013335214283170498},"geometry":{"coordinates":[-16.579233171376135,28.35926200520009],"type":"Point"},"type":"Feature"},{"properties":{"intensity":0.0001687766855473094},"geometry":{"coordinates":[-16.578560780762547,28.3620855703151],"type":"Point"},"type":"Feature"},{"properties":{"intensity":0.0003331551965729097},"geometry":{"coordinates":[-16.577701453869015,28.363999778317908],"type":"Point"},"type":"Feature"},{"properties":{"intensity":0.00008782731431346222},"geometry":{"coordinates":[-16.577834037184324,28.366064951526546],"type":"Point"},"type":"Feature"},{"properties":{"intensity":0.00011632308553749806},"geometry":{"coordinates":[-16.65351449596189,28.381475572928405],"type":"Point"},"type":"Feature"},{"properties":{"intensity":0.004268534086309352},"geometry":{"coordinates":[-16.58304325476216,28.383621157502883],"type":"Point"},"type":"Feature"},{"properties":{"intensity":0.005672804052858471},"geometry":{"coordinates":[-16.556171881635937,28.407937050694546],"type":"Point"},"type":"Feature"},{"properties":{"intensity":0.005592532894168323},"geometry":{"coordinates":[-16.55893269976844,28.410360250406963],"type":"Point"},"type":"Feature"},{"properties":{"intensity":0.4314722834475219},"geometry":{"coordinates":[-16.55479209529298,28.413403865227494],"type":"Point"},"type":"Feature"},{"properties":{"intensity":0.0630063150721187},"geometry":{"coordinates":[-16.52217646913178,28.39829450674505],"type":"Point"},"type":"Feature"},{"properties":{"intensity":0.0003138674802405172},"geometry":{"coordinates":[-16.583093182425444,28.384234269872014],"type":"Point"},"type":"Feature"},{"properties":{"intensity":0.004173667592611767},"geometry":{"coordinates":[-16.594275181650186,28.383381897362657],"type":"Point"},"type":"Feature"},{"properties":{"intensity":0.00010918987536680823},"geometry":{"coordinates":[-16.59005933506448,28.37372039185852],"type":"Point"},"type":"Feature"},{"properties":{"intensity":0.00006988810966120125},"geometry":{"coordinates":[-16.590019468751223,28.373784031185522],"type":"Point"},"type":"Feature"},{"properties":{"intensity":0.0062248378867976704},"geometry":{"coordinates":[-16.684519823232378,28.384335626299737],"type":"Point"},"type":"Feature"},{"properties":{"intensity":0.000018296898237778224},"geometry":{"coordinates":[-16.709775564243266,28.369031194207455],"type":"Point"},"type":"Feature"},{"properties":{"intensity":0.004188197607761251},"geometry":{"coordinates":[-16.59682080140883,28.384371896101197],"type":"Point"},"type":"Feature"},{"properties":{"intensity":0.00008799841767607089},"geometry":{"coordinates":[-16.53682954805457,28.3888703286534],"type":"Point"},"type":"Feature"},{"properties":{"intensity":0.03303898238552277},"geometry":{"coordinates":[-16.518469380122177,28.392415466481626],"type":"Point"},"type":"Feature"},{"properties":{"intensity":0.00007677730775175515},"geometry":{"coordinates":[-16.536482228378667,28.388847171190122],"type":"Point"},"type":"Feature"},{"properties":{"intensity":0.023680387951041996},"geometry":{"coordinates":[-16.509512583555843,28.388372510376023],"type":"Point"},"type":"Feature"},{"properties":{"intensity":0.01143953932388184},"geometry":{"coordinates":[-16.526097110081917,28.394117181869078],"type":"Point"},"type":"Feature"},{"properties":{"intensity":0.0003018706648071106},"geometry":{"coordinates":[-16.5819105151334,28.389807337411646],"type":"Point"},"type":"Feature"},{"properties":{"intensity":0.004322078736107081},"geometry":{"coordinates":[-16.575940601472674,28.37878491919395],"type":"Point"},"type":"Feature"},{"properties":{"intensity":0.0044927097225536195},"geometry":{"coordinates":[-16.575952271705848,28.37888405826381],"type":"Point"},"type":"Feature"},{"properties":{"intensity":0.0008390215503809},"geometry":{"coordinates":[-16.55737742569301,28.3765977013428],"type":"Point"},"type":"Feature"},{"properties":{"intensity":0.009091867141088339},"geometry":{"coordinates":[-16.512437534829935,28.396715312351006],"type":"Point"},"type":"Feature"},{"properties":{"intensity":0.00009038751245762344},"geometry":{"coordinates":[-16.535963196664476,28.381867674641235],"type":"Point"},"type":"Feature"},{"properties":{"intensity":0.005074052019287283},"geometry":{"coordinates":[-16.512037887365526,28.39660242369146],"type":"Point"},"type":"Feature"},{"properties":{"intensity":0.006118640208872761},"geometry":{"coordinates":[-16.651839561927932,28.376775956878223],"type":"Point"},"type":"Feature"},{"properties":{"intensity":0.016937776459154515},"geometry":{"coordinates":[-16.50972873314379,28.3870614820858],"type":"Point"},"type":"Feature"},{"properties":{"intensity":0.000044432081636336184},"geometry":{"coordinates":[-16.512750194842717,28.395015132933427],"type":"Point"},"type":"Feature"},{"properties":{"intensity":0.000044741277592732435},"geometry":{"coordinates":[-16.51248317630003,28.396335753908026],"type":"Point"},"type":"Feature"},{"properties":{"intensity":0.004726730188943452},"geometry":{"coordinates":[-16.53042010241755,28.39097310639054],"type":"Point"},"type":"Feature"},{"properties":{"intensity":0.00005400528299137839},"geometry":{"coordinates":[-16.52870387850806,28.383032313502802],"type":"Point"},"type":"Feature"},{"properties":{"intensity":0.006573201830542139},"geometry":{"coordinates":[-16.5244470227966,28.385074537374617],"type":"Point"},"type":"Feature"},{"properties":{"intensity":0.00007234043466817934},"geometry":{"coordinates":[-16.849663182446104,28.370570528419563],"type":"Point"},"type":"Feature"},{"properties":{"intensity":0.00019807788402989031},"geometry":{"coordinates":[-16.854139896077214,28.369850927623077],"type":"Point"},"type":"Feature"},{"properties":{"intensity":0.000051459251745525145},"geometry":{"coordinates":[-16.907895741194306,28.35492314704758],"type":"Point"},"type":"Feature"},{"properties":{"intensity":0.010404130198561536},"geometry":{"coordinates":[-16.92051953694733,28.34273490042917],"type":"Point"},"type":"Feature"},{"properties":{"intensity":0.0000060242067579478135},"geometry":{"coordinates":[-16.907762353229057,28.354879893461817],"type":"Point"},"type":"Feature"},{"properties":{"intensity":0.000039306254111813236},"geometry":{"coordinates":[-16.85362737115045,28.36971351249052],"type":"Point"},"type":"Feature"},{"properties":{"intensity":0.00003169306916981},"geometry":{"coordinates":[-16.849934679386,28.37034123796729],"type":"Point"},"type":"Feature"},{"properties":{"intensity":0.000013217290143849983},"geometry":{"coordinates":[-16.649518612718204,28.380432013912262],"type":"Point"},"type":"Feature"},{"properties":{"intensity":0.00003821964014579636},"geometry":{"coordinates":[-16.64942567365871,28.380360941138797],"type":"Point"},"type":"Feature"},{"properties":{"intensity":0.0001224605966688295},"geometry":{"coordinates":[-16.65051607534579,28.380266514765903],"type":"Point"},"type":"Feature"},{"properties":{"intensity":0.00009631958949553321},"geometry":{"coordinates":[-16.651772643663215,28.379700779765695],"type":"Point"},"type":"Feature"},{"properties":{"intensity":0.004265479369363573},"geometry":{"coordinates":[-16.499552884848598,28.379006158986883],"type":"Point"},"type":"Feature"},{"properties":{"intensity":0.0044054354802949966},"geometry":{"coordinates":[-16.652098404166207,28.378334096851905],"type":"Point"},"type":"Feature"},{"properties":{"intensity":0.00447508610333049},"geometry":{"coordinates":[-16.652220551053922,28.37831456641146],"type":"Point"},"type":"Feature"},{"properties":{"intensity":0.004213121172686626},"geometry":{"coordinates":[-16.500188309612582,28.378475709880437],"type":"Point"},"type":"Feature"},{"properties":{"intensity":0.004172418097831559},"geometry":{"coordinates":[-16.498584157418215,28.378330908662235],"type":"Point"},"type":"Feature"},{"properties":{"intensity":0.008422331802473279},"geometry":{"coordinates":[-16.507857234956205,28.36514224946965],"type":"Point"},"type":"Feature"},{"properties":{"intensity":0.004241154718791634},"geometry":{"coordinates":[-16.507848564250843,28.36525064644814],"type":"Point"},"type":"Feature"},{"properties":{"intensity":0.011145068799292512},"geometry":{"coordinates":[-16.58314256001864,28.38549718045143],"type":"Point"},"type":"Feature"},{"properties":{"intensity":0.004236162495454692},"geometry":{"coordinates":[-16.57277956556606,28.374101405559166],"type":"Point"},"type":"Feature"},{"properties":{"intensity":0.008426231912617156},"geometry":{"coordinates":[-16.57290212525511,28.374109016006713],"type":"Point"},"type":"Feature"},{"properties":{"intensity":0.015338389937936613},"geometry":{"coordinates":[-16.55204327540684,28.394997277195795],"type":"Point"},"type":"Feature"},{"properties":{"intensity":0.004545428064174069},"geometry":{"coordinates":[-16.57648999846651,28.392469342018227],"type":"Point"},"type":"Feature"},{"properties":{"intensity":0.00021792586873815877},"geometry":{"coordinates":[-16.584614359392713,28.38839510735321],"type":"Point"},"type":"Feature"},{"properties":{"intensity":0.004229545884391195},"geometry":{"coordinates":[-16.515034204312947,28.399168339478816],"type":"Point"},"type":"Feature"},{"properties":{"intensity":0.004179342894030612},"geometry":{"coordinates":[-16.514919254948527,28.39898009237827],"type":"Point"},"type":"Feature"},{"properties":{"intensity":0.000012416351291511144},"geometry":{"coordinates":[-16.499988158495462,28.412818301191873],"type":"Point"},"type":"Feature"},{"properties":{"intensity":0.00001877839694362255},"geometry":{"coordinates":[-16.49932255259212,28.413394209977007],"type":"Point"},"type":"Feature"},{"properties":{"intensity":0.00000492102711994413},"geometry":{"coordinates":[-16.65465807225115,28.39006224005803],"type":"Point"},"type":"Feature"},{"properties":{"intensity":0.004184502931710794},"geometry":{"coordinates":[-16.643657256650094,28.38016892885567],"type":"Point"},"type":"Feature"},{"properties":{"intensity":0.0041810149571314455},"geometry":{"coordinates":[-16.643668850650837,28.380259036454234],"type":"Point"},"type":"Feature"},{"properties":{"intensity":0.0045713188583604925},"geometry":{"coordinates":[-16.568310577770806,28.378286327234473],"type":"Point"},"type":"Feature"},{"properties":{"intensity":0.000021030598518226933},"geometry":{"coordinates":[-16.56623652444306,28.378111633074532],"type":"Point"},"type":"Feature"},{"properties":{"intensity":0.000030162576248128662},"geometry":{"coordinates":[-16.562958448820986,28.377246776374548],"type":"Point"},"type":"Feature"},{"properties":{"intensity":0.000010613527899618043},"geometry":{"coordinates":[-16.629376927806156,28.377208840501158],"type":"Point"},"type":"Feature"},{"properties":{"intensity":0.00002259276684019729},"geometry":{"coordinates":[-16.62915606446882,28.377446125606543],"type":"Point"},"type":"Feature"},{"properties":{"intensity":0.004199978556345138},"geometry":{"coordinates":[-16.68460085373016,28.377196133082382],"type":"Point"},"type":"Feature"},{"properties":{"intensity":0.00006690762139494012},"geometry":{"coordinates":[-16.6746624131588,28.374611233225018],"type":"Point"},"type":"Feature"},{"properties":{"intensity":0.00420674660464589},"geometry":{"coordinates":[-16.674968181960597,28.374589425991275],"type":"Point"},"type":"Feature"},{"properties":{"intensity":0.004211650243839005},"geometry":{"coordinates":[-16.529333340504916,28.366446274425037],"type":"Point"},"type":"Feature"},{"properties":{"intensity":0.000039874692451800155},"geometry":{"coordinates":[-16.529497473489947,28.366507608051734],"type":"Point"},"type":"Feature"},{"properties":{"intensity":0.00421342562367997},"geometry":{"coordinates":[-16.53526280945336,28.36299523338039],"type":"Point"},"type":"Feature"},{"properties":{"intensity":0.0000769929860352751},"geometry":{"coordinates":[-16.552486909884365,28.360995162425347],"type":"Point"},"type":"Feature"},{"properties":{"intensity":0.00006425226106821916},"geometry":{"coordinates":[-16.563834829960125,28.360468358075387],"type":"Point"},"type":"Feature"},{"properties":{"intensity":0.008400858712952226},"geometry":{"coordinates":[-16.563507076801162,28.360381867838527],"type":"Point"},"type":"Feature"},{"properties":{"intensity":0.004182083549481791},"geometry":{"coordinates":[-16.581511227915367,28.366338207977734],"type":"Point"},"type":"Feature"},{"properties":{"intensity":0.008387335327305345},"geometry":{"coordinates":[-16.566453852529577,28.303932811784723],"type":"Point"},"type":"Feature"},{"properties":{"intensity":0.00837192476597211},"geometry":{"coordinates":[-16.566421150759354,28.303788786627045],"type":"Point"},"type":"Feature"},{"properties":{"intensity":0.008342517286277723},"geometry":{"coordinates":[-16.588969656876458,28.265505857164328],"type":"Point"},"type":"Feature"},{"properties":{"intensity":0.0083443573522878},"geometry":{"coordinates":[-16.588796396734402,28.265507872175192],"type":"Point"},"type":"Feature"},{"properties":{"intensity":0.000082830534579468},"geometry":{"coordinates":[-16.870738801083263,28.361078206811634],"type":"Point"},"type":"Feature"},{"properties":{"intensity":0.00005118438651994191},"geometry":{"coordinates":[-16.870019150518544,28.360763211761014],"type":"Point"},"type":"Feature"},{"properties":{"intensity":0.000414280212159878},"geometry":{"coordinates":[-16.583924451200588,28.376995670850288],"type":"Point"},"type":"Feature"},{"properties":{"intensity":0.000042818126665877964},"geometry":{"coordinates":[-16.861735398597823,28.366029414870223],"type":"Point"},"type":"Feature"},{"properties":{"intensity":0.000011992960716043214},"geometry":{"coordinates":[-16.86129916538295,28.36617073580595],"type":"Point"},"type":"Feature"},{"properties":{"intensity":0.00004571982985556733},"geometry":{"coordinates":[-16.85949527704527,28.368036293228737],"type":"Point"},"type":"Feature"},{"properties":{"intensity":0.00001599784354373627},"geometry":{"coordinates":[-16.859704915645207,28.367771731364666],"type":"Point"},"type":"Feature"},{"properties":{"intensity":0.004191895316274228},"geometry":{"coordinates":[-16.582294386911986,28.38885526652639],"type":"Point"},"type":"Feature"},{"properties":{"intensity":0.00032888682410572476},"geometry":{"coordinates":[-16.582950876828,28.37877586329203],"type":"Point"},"type":"Feature"},{"properties":{"intensity":0.01675979988867967},"geometry":{"coordinates":[-16.584335656202917,28.386809969582757],"type":"Point"},"type":"Feature"},{"properties":{"intensity":0.00034991320618113074},"geometry":{"coordinates":[-16.591495666086708,28.39474059468867],"type":"Point"},"type":"Feature"},{"properties":{"intensity":0.000008566571852436498},"geometry":{"coordinates":[-16.596795759834208,28.393595586247493],"type":"Point"},"type":"Feature"},{"properties":{"intensity":0.015965058194763893},"geometry":{"coordinates":[-16.361983512851438,28.381506543209397],"type":"Point"},"type":"Feature"},{"properties":{"intensity":0.018476528088284472},"geometry":{"coordinates":[-16.361882739881704,28.37841184215977],"type":"Point"},"type":"Feature"},{"properties":{"intensity":0.017431032310544707},"geometry":{"coordinates":[-16.363459056678813,28.374794949723213],"type":"Point"},"type":"Feature"},{"properties":{"intensity":0.017751202491742352},"geometry":{"coordinates":[-16.36379155739824,28.371271719562948],"type":"Point"},"type":"Feature"},{"properties":{"intensity":0.022038624016526554},"geometry":{"coordinates":[-16.365619079302576,28.367363476479053],"type":"Point"},"type":"Feature"},{"properties":{"intensity":0.014966369683100554},"geometry":{"coordinates":[-16.366905709593144,28.365049104613075],"type":"Point"},"type":"Feature"},{"properties":{"intensity":0.028862332811343577},"geometry":{"coordinates":[-16.36802058670075,28.362871825830855],"type":"Point"},"type":"Feature"},{"properties":{"intensity":0.01766112091703484},"geometry":{"coordinates":[-16.368333871038498,28.36104555134825],"type":"Point"},"type":"Feature"},{"properties":{"intensity":0.13425834702541992},"geometry":{"coordinates":[-16.371158022021056,28.355322151227906],"type":"Point"},"type":"Feature"},{"properties":{"intensity":0.009870351248512755},"geometry":{"coordinates":[-16.37305667806254,28.35222538382547],"type":"Point"},"type":"Feature"},{"properties":{"intensity":0.008515686971667387},"geometry":{"coordinates":[-16.37291439965708,28.343544376254624],"type":"Point"},"type":"Feature"},{"properties":{"intensity":0.008457143641069136},"geometry":{"coordinates":[-16.372424737203623,28.338783885442812],"type":"Point"},"type":"Feature"},{"properties":{"intensity":0.008399930747951038},"geometry":{"coordinates":[-16.36619534017868,28.331878786187122],"type":"Point"},"type":"Feature"},{"properties":{"intensity":0.0044623183799353495},"geometry":{"coordinates":[-16.371249214198247,28.339391385984232],"type":"Point"},"type":"Feature"},{"properties":{"intensity":0.000013125605546655957},"geometry":{"coordinates":[-16.371092850792095,28.342308167934338],"type":"Point"},"type":"Feature"},{"properties":{"intensity":0.004452569021113496},"geometry":{"coordinates":[-16.372927895994934,28.352524518738306],"type":"Point"},"type":"Feature"},{"properties":{"intensity":0.01860537710170934},"geometry":{"coordinates":[-16.369251855472772,28.357047108049283],"type":"Point"},"type":"Feature"},{"properties":{"intensity":0.01515896037986904},"geometry":{"coordinates":[-16.3683566360966,28.358843125249084],"type":"Point"},"type":"Feature"},{"properties":{"intensity":0.01572492295937306},"geometry":{"coordinates":[-16.3675373338762,28.36019613070404],"type":"Point"},"type":"Feature"},{"properties":{"intensity":0.016042909337536198},"geometry":{"coordinates":[-16.36265646097659,28.375073738535793],"type":"Point"},"type":"Feature"},{"properties":{"intensity":0.01785465667031956},"geometry":{"coordinates":[-16.361618599216254,28.37850473550767],"type":"Point"},"type":"Feature"},{"properties":{"intensity":0.013426267561154634},"geometry":{"coordinates":[-16.362196933033673,28.382235466132464],"type":"Point"},"type":"Feature"},{"properties":{"intensity":0.004474736171764005},"geometry":{"coordinates":[-16.367198756353766,28.338547554403434],"type":"Point"},"type":"Feature"},{"properties":{"intensity":0.004990206768638485},"geometry":{"coordinates":[-16.370993219667422,28.33057611843749],"type":"Point"},"type":"Feature"},{"properties":{"intensity":0.009640895509974873},"geometry":{"coordinates":[-16.376236269030542,28.32979226898439],"type":"Point"},"type":"Feature"},{"properties":{"intensity":0.008785275384027659},"geometry":{"coordinates":[-16.38564982912964,28.328911773158815],"type":"Point"},"type":"Feature"},{"properties":{"intensity":0.008548833325201143},"geometry":{"coordinates":[-16.400519184525983,28.338065093755326],"type":"Point"},"type":"Feature"},{"properties":{"intensity":0.008543081003790563},"geometry":{"coordinates":[-16.406026053648105,28.34026477637697],"type":"Point"},"type":"Feature"},{"properties":{"intensity":0.008543610177870687},"geometry":{"coordinates":[-16.410034215042113,28.338652990213973],"type":"Point"},"type":"Feature"},{"properties":{"intensity":0.008462939526579786},"geometry":{"coordinates":[-16.41449325835053,28.337975048380653],"type":"Point"},"type":"Feature"},{"properties":{"intensity":0.011396397781776951},"geometry":{"coordinates":[-16.41906981459769,28.340003335272954],"type":"Point"},"type":"Feature"},{"properties":{"intensity":0.009742336831127262},"geometry":{"coordinates":[-16.41882297179753,28.341386776768275],"type":"Point"},"type":"Feature"},{"properties":{"intensity":0.009100063119834636},"geometry":{"coordinates":[-16.41524693581683,28.340963638881227],"type":"Point"},"type":"Feature"},{"properties":{"intensity":0.008546083745521856},"geometry":{"coordinates":[-16.41551237042839,28.33790129892288],"type":"Point"},"type":"Feature"},{"properties":{"intensity":0.009153991330249972},"geometry":{"coordinates":[-16.416022426858973,28.335594546148958],"type":"Point"},"type":"Feature"},{"properties":{"intensity":0.0085848551377605},"geometry":{"coordinates":[-16.41517853635054,28.332724222560476],"type":"Point"},"type":"Feature"},{"properties":{"intensity":0.008452954001094215},"geometry":{"coordinates":[-16.413810885330463,28.331122867995273],"type":"Point"},"type":"Feature"},{"properties":{"intensity":0.008673449693884332},"geometry":{"coordinates":[-16.411503394378098,28.327094381329783],"type":"Point"},"type":"Feature"},{"properties":{"intensity":0.009520550818184776},"geometry":{"coordinates":[-16.410820778246592,28.324836078228284],"type":"Point"},"type":"Feature"},{"properties":{"intensity":0.013140511178387979},"geometry":{"coordinates":[-16.41093590475043,28.322741005378795],"type":"Point"},"type":"Feature"},{"properties":{"intensity":0.01306070639326883},"geometry":{"coordinates":[-16.41047182239078,28.321581532223597],"type":"Point"},"type":"Feature"},{"properties":{"intensity":0.01758277297744211},"geometry":{"coordinates":[-16.407593588668092,28.31291079653133],"type":"Point"},"type":"Feature"},{"properties":{"intensity":0.01723041105982106},"geometry":{"coordinates":[-16.40420991481822,28.313081033327077],"type":"Point"},"type":"Feature"},{"properties":{"intensity":0.01677919427876241},"geometry":{"coordinates":[-16.401252024235557,28.313057282316112],"type":"Point"},"type":"Feature"},{"properties":{"intensity":0.01680598629607878},"geometry":{"coordinates":[-16.399265146766357,28.31241881375881],"type":"Point"},"type":"Feature"},{"properties":{"intensity":0.016759589143925203},"geometry":{"coordinates":[-16.392546869741643,28.30948206576337],"type":"Point"},"type":"Feature"},{"properties":{"intensity":0.019666378049165645},"geometry":{"coordinates":[-16.385557172416338,28.306033282173686],"type":"Point"},"type":"Feature"},{"properties":{"intensity":0.0003188711471543965},"geometry":{"coordinates":[-16.380310607922787,28.30170909587339],"type":"Point"},"type":"Feature"},{"properties":{"intensity":0.0005249159870035976},"geometry":{"coordinates":[-16.376940520271205,28.298160023033343],"type":"Point"},"type":"Feature"},{"properties":{"intensity":0.011802786945447882},"geometry":{"coordinates":[-16.37589789004183,28.29400077020512],"type":"Point"},"type":"Feature"},{"properties":{"intensity":0.0010518208681436205},"geometry":{"coordinates":[-16.37696265474047,28.298295181678935],"type":"Point"},"type":"Feature"},{"properties":{"intensity":0.00029914739728275903},"geometry":{"coordinates":[-16.380198449868256,28.30171022986434],"type":"Point"},"type":"Feature"},{"properties":{"intensity":0.015223120270066916},"geometry":{"coordinates":[-16.384910229267806,28.305687855567374],"type":"Point"},"type":"Feature"},{"properties":{"intensity":0.01269751753225663},"geometry":{"coordinates":[-16.39273723253642,28.310003597306764],"type":"Point"},"type":"Feature"},{"properties":{"intensity":0.012676296043675286},"geometry":{"coordinates":[-16.398361896639916,28.311976801502524],"type":"Point"},"type":"Feature"},{"properties":{"intensity":0.013371702525757955},"geometry":{"coordinates":[-16.40415999594148,28.313162775373044],"type":"Point"},"type":"Feature"},{"properties":{"intensity":0.013716606256657009},"geometry":{"coordinates":[-16.407595846635495,28.31308225538107],"type":"Point"},"type":"Feature"},{"properties":{"intensity":0.014479054712221509},"geometry":{"coordinates":[-16.410133146245258,28.3214225761542],"type":"Point"},"type":"Feature"},{"properties":{"intensity":0.00884803691414121},"geometry":{"coordinates":[-16.41080321081683,28.322733352074955],"type":"Point"},"type":"Feature"},{"properties":{"intensity":0.013907512578273261},"geometry":{"coordinates":[-16.4107925668586,28.325016877013983],"type":"Point"},"type":"Feature"},{"properties":{"intensity":0.008940577626680055},"geometry":{"coordinates":[-16.411348390428717,28.326942553906648],"type":"Point"},"type":"Feature"},{"properties":{"intensity":0.00849973015746835},"geometry":{"coordinates":[-16.413626828323967,28.33108867399121],"type":"Point"},"type":"Feature"},{"properties":{"intensity":0.004401959326424584},"geometry":{"coordinates":[-16.415067423547328,28.33280660320838],"type":"Point"},"type":"Feature"},{"properties":{"intensity":0.009073883602665471},"geometry":{"coordinates":[-16.415861990615028,28.335803794095757],"type":"Point"},"type":"Feature"},{"properties":{"intensity":0.004416718553067052},"geometry":{"coordinates":[-16.414825381909463,28.33840481958472],"type":"Point"},"type":"Feature"},{"properties":{"intensity":0.00433613338546661},"geometry":{"coordinates":[-16.41021673481178,28.338569875228533],"type":"Point"},"type":"Feature"},{"properties":{"intensity":0.0043472572435758385},"geometry":{"coordinates":[-16.406024627534183,28.34015648693596],"type":"Point"},"type":"Feature"},{"properties":{"intensity":0.004231711078340811},"geometry":{"coordinates":[-16.40065130539111,28.338027635677584],"type":"Point"},"type":"Feature"},{"properties":{"intensity":0.004819147065548889},"geometry":{"coordinates":[-16.395466315426624,28.33390203231155],"type":"Point"},"type":"Feature"},{"properties":{"intensity":0.008785693018819235},"geometry":{"coordinates":[-16.38605859912743,28.328970798680857],"type":"Point"},"type":"Feature"},{"properties":{"intensity":0.01038020626579537},"geometry":{"coordinates":[-16.375995015203422,28.330859702148285],"type":"Point"},"type":"Feature"},{"properties":{"intensity":0.0002125454232179441},"geometry":{"coordinates":[-16.371102859866195,28.330376457088807],"type":"Point"},"type":"Feature"},{"properties":{"intensity":0.008411997183082606},"geometry":{"coordinates":[-16.366031873190902,28.33504835184629],"type":"Point"},"type":"Feature"},{"properties":{"intensity":0.03817630881529512},"geometry":{"coordinates":[-16.331322835748182,28.405672792483337],"type":"Point"},"type":"Feature"},{"properties":{"intensity":0.03717798080393606},"geometry":{"coordinates":[-16.343573394950173,28.395272558098583],"type":"Point"},"type":"Feature"},{"properties":{"intensity":0.036494226390272146},"geometry":{"coordinates":[-16.36341852132038,28.38199761424274],"type":"Point"},"type":"Feature"},{"properties":{"intensity":0.03005216451951097},"geometry":{"coordinates":[-16.372273747290336,28.359570913017652],"type":"Point"},"type":"Feature"},{"properties":{"intensity":0.015757892633104745},"geometry":{"coordinates":[-16.375474518199812,28.330837874709403],"type":"Point"},"type":"Feature"},{"properties":{"intensity":0.009712952133418136},"geometry":{"coordinates":[-16.380353003178918,28.317629539233234],"type":"Point"},"type":"Feature"},{"properties":{"intensity":0.011803253065498644},"geometry":{"coordinates":[-16.38348177814913,28.305630137230978],"type":"Point"},"type":"Feature"},{"properties":{"intensity":0.023054259189877073},"geometry":{"coordinates":[-16.386397495770296,28.272513252845048],"type":"Point"},"type":"Feature"},{"properties":{"intensity":0.023708802251045855},"geometry":{"coordinates":[-16.403697774074605,28.2429406792657],"type":"Point"},"type":"Feature"},{"properties":{"intensity":0.010399865314091355},"geometry":{"coordinates":[-16.414451956435958,28.223759029394877],"type":"Point"},"type":"Feature"},{"properties":{"intensity":0.00925615422407359},"geometry":{"coordinates":[-16.42122407856304,28.215746413069535],"type":"Point"},"type":"Feature"},{"properties":{"intensity":0.006030309238515179},"geometry":{"coordinates":[-16.426450696868482,28.20191012322433],"type":"Point"},"type":"Feature"},{"properties":{"intensity":0.012276484792977181},"geometry":{"coordinates":[-16.43419711676534,28.167072032839627],"type":"Point"},"type":"Feature"},{"properties":{"intensity":0.0073876110798153614},"geometry":{"coordinates":[-16.452338472826447,28.1453911800167],"type":"Point"},"type":"Feature"},{"properties":{"intensity":0.010567318863648159},"geometry":{"coordinates":[-16.46464062967766,28.130548705866126],"type":"Point"},"type":"Feature"},{"properties":{"intensity":0.009616214297213412},"geometry":{"coordinates":[-16.476577192468,28.116756079771488],"type":"Point"},"type":"Feature"},{"properties":{"intensity":0.005824369789632097},"geometry":{"coordinates":[-16.493558019046652,28.103611611440172],"type":"Point"},"type":"Feature"},{"properties":{"intensity":0.005153789636066253},"geometry":{"coordinates":[-16.504758591686304,28.09516772820424],"type":"Point"},"type":"Feature"},{"properties":{"intensity":0.26787111498108274},"geometry":{"coordinates":[-16.55524458015004,28.071535846886494],"type":"Point"},"type":"Feature"},{"properties":{"intensity":0.009665990728554313},"geometry":{"coordinates":[-16.579629709309245,28.05938005605034],"type":"Point"},"type":"Feature"},{"properties":{"intensity":0.031109986067856053},"geometry":{"coordinates":[-16.61290618727282,28.051709755744866],"type":"Point"},"type":"Feature"},{"properties":{"intensity":0.029125954832352013},"geometry":{"coordinates":[-16.65832153295763,28.052531514527725],"type":"Point"},"type":"Feature"},{"properties":{"intensity":0.02854790170922477},"geometry":{"coordinates":[-16.679236743542482,28.053793499640246],"type":"Point"},"type":"Feature"},{"properties":{"intensity":0.5464168073447051},"geometry":{"coordinates":[-16.71209390568815,28.05429919423603],"type":"Point"},"type":"Feature"},{"properties":{"intensity":0.4535713454633518},"geometry":{"coordinates":[-16.728109384672166,28.071651978260746],"type":"Point"},"type":"Feature"},{"properties":{"intensity":0.031337172957955926},"geometry":{"coordinates":[-16.71789009587872,28.057340392820915],"type":"Point"},"type":"Feature"},{"properties":{"intensity":0.08104998594210971},"geometry":{"coordinates":[-16.723666725619545,28.05722285603358],"type":"Point"},"type":"Feature"},{"properties":{"intensity":0.09702423257786477},"geometry":{"coordinates":[-16.729521462290077,28.057537288063557],"type":"Point"},"type":"Feature"},{"properties":{"intensity":0.07885213450250025},"geometry":{"coordinates":[-16.728357779911242,28.061107760569808],"type":"Point"},"type":"Feature"},{"properties":{"intensity":0.07274202580540472},"geometry":{"coordinates":[-16.731715730357816,28.076371656584744],"type":"Point"},"type":"Feature"},{"properties":{"intensity":0.01919619378954783},"geometry":{"coordinates":[-16.73444182878709,28.088981066570856],"type":"Point"},"type":"Feature"},{"properties":{"intensity":0.01775838509597282},"geometry":{"coordinates":[-16.736134344325265,28.092343976292852],"type":"Point"},"type":"Feature"},{"properties":{"intensity":0.007102244025999859},"geometry":{"coordinates":[-16.743376528368877,28.093380220377714],"type":"Point"},"type":"Feature"},{"properties":{"intensity":0.008738804061963834},"geometry":{"coordinates":[-16.74443350089708,28.095180771990012],"type":"Point"},"type":"Feature"},{"properties":{"intensity":0.00851120525788448},"geometry":{"coordinates":[-16.747908770655165,28.097997392895923],"type":"Point"},"type":"Feature"},{"properties":{"intensity":0.005686157172804123},"geometry":{"coordinates":[-16.75099469420512,28.10001568313608],"type":"Point"},"type":"Feature"},{"properties":{"intensity":0.006739487693815973},"geometry":{"coordinates":[-16.753209071483788,28.10162990452498],"type":"Point"},"type":"Feature"},{"properties":{"intensity":0.004932826596062062},"geometry":{"coordinates":[-16.750990152332903,28.099735972184806],"type":"Point"},"type":"Feature"},{"properties":{"intensity":0.006045223272134487},"geometry":{"coordinates":[-16.747937248464,28.09787068252511],"type":"Point"},"type":"Feature"},{"properties":{"intensity":0.006276852433535087},"geometry":{"coordinates":[-16.744718542101722,28.095186171077493],"type":"Point"},"type":"Feature"},{"properties":{"intensity":0.005533756163770177},"geometry":{"coordinates":[-16.74206008729959,28.093785014994694],"type":"Point"},"type":"Feature"},{"properties":{"intensity":0.016323974402562762},"geometry":{"coordinates":[-16.736760079995413,28.092651924342587],"type":"Point"},"type":"Feature"},{"properties":{"intensity":0.05762232767179435},"geometry":{"coordinates":[-16.73188288271558,28.076008551535736],"type":"Point"},"type":"Feature"},{"properties":{"intensity":0.07669013021229486},"geometry":{"coordinates":[-16.728639121939633,28.060887619835174],"type":"Point"},"type":"Feature"},{"properties":{"intensity":0.08275744441253513},"geometry":{"coordinates":[-16.72967489959101,28.0575895042708],"type":"Point"},"type":"Feature"},{"properties":{"intensity":0.0777276344869655},"geometry":{"coordinates":[-16.724208202677048,28.0567287098758],"type":"Point"},"type":"Feature"},{"properties":{"intensity":0.07161066513110362},"geometry":{"coordinates":[-16.716215957400465,28.056341514077847],"type":"Point"},"type":"Feature"},{"properties":{"intensity":0.03257811095799856},"geometry":{"coordinates":[-16.677072394997648,28.05264669868065],"type":"Point"},"type":"Feature"},{"properties":{"intensity":0.024597315933708078},"geometry":{"coordinates":[-16.656477627225787,28.052364246958287],"type":"Point"},"type":"Feature"},{"properties":{"intensity":0.033918618965658544},"geometry":{"coordinates":[-16.612769110423983,28.051386458033342],"type":"Point"},"type":"Feature"},{"properties":{"intensity":0.009838808528726657},"geometry":{"coordinates":[-16.581222404405167,28.058368937528837],"type":"Point"},"type":"Feature"},{"properties":{"intensity":0.005206015066217001},"geometry":{"coordinates":[-16.504711593315182,28.094716972389463],"type":"Point"},"type":"Feature"},{"properties":{"intensity":0.006014965023267277},"geometry":{"coordinates":[-16.49307808067942,28.10349950685932],"type":"Point"},"type":"Feature"},{"properties":{"intensity":0.013980182901250571},"geometry":{"coordinates":[-16.47489348623651,28.117947514713723],"type":"Point"},"type":"Feature"},{"properties":{"intensity":0.011208543129237419},"geometry":{"coordinates":[-16.464120612948065,28.130491083846916],"type":"Point"},"type":"Feature"},{"properties":{"intensity":0.006149806342306038},"geometry":{"coordinates":[-16.451951228589056,28.14536820804559],"type":"Point"},"type":"Feature"},{"properties":{"intensity":0.016099761384031103},"geometry":{"coordinates":[-16.434105783598113,28.166332898429754],"type":"Point"},"type":"Feature"},{"properties":{"intensity":0.005702153650166247},"geometry":{"coordinates":[-16.42616954991605,28.202219920040097],"type":"Point"},"type":"Feature"},{"properties":{"intensity":0.013417921603971653},"geometry":{"coordinates":[-16.421018083323933,28.214809904607424],"type":"Point"},"type":"Feature"},{"properties":{"intensity":0.01426759022790591},"geometry":{"coordinates":[-16.41437076187224,28.223010754940383],"type":"Point"},"type":"Feature"},{"properties":{"intensity":0.014374868448507107},"geometry":{"coordinates":[-16.4034481524722,28.241778956368037],"type":"Point"},"type":"Feature"},{"properties":{"intensity":0.01842375805899918},"geometry":{"coordinates":[-16.385914785717013,28.272238361309157],"type":"Point"},"type":"Feature"},{"properties":{"intensity":0.012366491996658797},"geometry":{"coordinates":[-16.3831188286308,28.30516449258632],"type":"Point"},"type":"Feature"},{"properties":{"intensity":0.009423905556822933},"geometry":{"coordinates":[-16.380264661352065,28.31710695794911],"type":"Point"},"type":"Feature"},{"properties":{"intensity":0.03132510687901576},"geometry":{"coordinates":[-16.373635000254865,28.33136183275828],"type":"Point"},"type":"Feature"},{"properties":{"intensity":0.03377292280117457},"geometry":{"coordinates":[-16.372353243724824,28.35781918653164],"type":"Point"},"type":"Feature"},{"properties":{"intensity":0.027300044240891653},"geometry":{"coordinates":[-16.36284640887695,28.381949185073307],"type":"Point"},"type":"Feature"},{"properties":{"intensity":0.027220002627463748},"geometry":{"coordinates":[-16.343565882537767,28.394676955314438],"type":"Point"},"type":"Feature"},{"properties":{"intensity":0.03573023365755372},"geometry":{"coordinates":[-16.333420592241964,28.40527320281125],"type":"Point"},"type":"Feature"},{"properties":{"intensity":0.0074034018665272185},"geometry":{"coordinates":[-16.745469748420874,28.127124426159853],"type":"Point"},"type":"Feature"},{"properties":{"intensity":0.027278622076200788},"geometry":{"coordinates":[-16.7556846771265,28.12802277030901],"type":"Point"},"type":"Feature"},{"properties":{"intensity":0.0007017385494284822},"geometry":{"coordinates":[-16.76456422249875,28.13315209673154],"type":"Point"},"type":"Feature"},{"properties":{"intensity":0.0011600212825555725},"geometry":{"coordinates":[-16.773604093035196,28.133748341434824],"type":"Point"},"type":"Feature"},{"properties":{"intensity":0.00031694888647323006},"geometry":{"coordinates":[-16.780474422905833,28.136736660191804],"type":"Point"},"type":"Feature"},{"properties":{"intensity":0.0004682591458185555},"geometry":{"coordinates":[-16.786291770116616,28.141895246840004],"type":"Point"},"type":"Feature"},{"properties":{"intensity":0.0006568475470990256},"geometry":{"coordinates":[-16.791809434642687,28.14797799765502],"type":"Point"},"type":"Feature"},{"properties":{"intensity":0.0003226107226734555},"geometry":{"coordinates":[-16.794327404323628,28.153657625837088],"type":"Point"},"type":"Feature"},{"properties":{"intensity":0.00012664163696333403},"geometry":{"coordinates":[-16.795015624469144,28.157068938269987],"type":"Point"},"type":"Feature"},{"properties":{"intensity":0.0001883584881077959},"geometry":{"coordinates":[-16.798904872442236,28.161909241876906],"type":"Point"},"type":"Feature"},{"properties":{"intensity":0.002009629860115157},"geometry":{"coordinates":[-16.797726315162098,28.170597357989525],"type":"Point"},"type":"Feature"},{"properties":{"intensity":0.00016533253162487644},"geometry":{"coordinates":[-16.799465728989393,28.17473484102744],"type":"Point"},"type":"Feature"},{"properties":{"intensity":0.0019230449866072452},"geometry":{"coordinates":[-16.804724732960405,28.17921399284918],"type":"Point"},"type":"Feature"},{"properties":{"intensity":0.005878623121622286},"geometry":{"coordinates":[-16.812162082294236,28.183591904333703],"type":"Point"},"type":"Feature"},{"properties":{"intensity":0.022680099259418884},"geometry":{"coordinates":[-16.820099141055,28.190976929365505],"type":"Point"},"type":"Feature"},{"properties":{"intensity":0.02436014446297888},"geometry":{"coordinates":[-16.827278143633524,28.201638436559048],"type":"Point"},"type":"Feature"},{"properties":{"intensity":0.012917840733731298},"geometry":{"coordinates":[-16.830163969817143,28.208386257260244],"type":"Point"},"type":"Feature"},{"properties":{"intensity":0.012796816222065585},"geometry":{"coordinates":[-16.83328293561769,28.213849403264025],"type":"Point"},"type":"Feature"},{"properties":{"intensity":0.029429619432670043},"geometry":{"coordinates":[-16.83725580283001,28.224535158895982],"type":"Point"},"type":"Feature"},{"properties":{"intensity":0.03064558614453214},"geometry":{"coordinates":[-16.840603217429255,28.22841575761988],"type":"Point"},"type":"Feature"},{"properties":{"intensity":0.0330724701514831},"geometry":{"coordinates":[-16.841451320359504,28.23508239257576],"type":"Point"},"type":"Feature"},{"properties":{"intensity":0.04449214209613526},"geometry":{"coordinates":[-16.840609720837914,28.23947958233018],"type":"Point"},"type":"Feature"},{"properties":{"intensity":0.027346796359801574},"geometry":{"coordinates":[-16.837545038460686,28.24082032941308],"type":"Point"},"type":"Feature"},{"properties":{"intensity":0.07760668037697602},"geometry":{"coordinates":[-16.83886969968183,28.24200275919532],"type":"Point"},"type":"Feature"},{"properties":{"intensity":0.03350415688682701},"geometry":{"coordinates":[-16.840386050535603,28.23950966718827],"type":"Point"},"type":"Feature"},{"properties":{"intensity":0.03057268893180282},"geometry":{"coordinates":[-16.84160366840709,28.235053267113376],"type":"Point"},"type":"Feature"},{"properties":{"intensity":1.7578033481378012e-7},"geometry":{"coordinates":[-16.840482741813116,28.229707869257865],"type":"Point"},"type":"Feature"},{"properties":{"intensity":0.029224516994006553},"geometry":{"coordinates":[-16.840650745399998,28.228216580876573],"type":"Point"},"type":"Feature"},{"properties":{"intensity":0.02824217221417007},"geometry":{"coordinates":[-16.83730364487029,28.224354027683724],"type":"Point"},"type":"Feature"},{"properties":{"intensity":0.012729514984428937},"geometry":{"coordinates":[-16.833467200583208,28.213901079889673],"type":"Point"},"type":"Feature"},{"properties":{"intensity":0.012669784891568753},"geometry":{"coordinates":[-16.83024391191466,28.2082949430685],"type":"Point"},"type":"Feature"},{"properties":{"intensity":0.01994322499521741},"geometry":{"coordinates":[-16.826892468438977,28.200524552255953],"type":"Point"},"type":"Feature"},{"properties":{"intensity":0.019887243393062536},"geometry":{"coordinates":[-16.820253820634274,28.19048754859569],"type":"Point"},"type":"Feature"},{"properties":{"intensity":0.028655600529919847},"geometry":{"coordinates":[-16.814738989057624,28.18118430920116],"type":"Point"},"type":"Feature"},{"properties":{"intensity":0.006531734886293457},"geometry":{"coordinates":[-16.812695241428795,28.183801432972114],"type":"Point"},"type":"Feature"},{"properties":{"intensity":0.006844921869427063},"geometry":{"coordinates":[-16.80490922907061,28.179283756722487],"type":"Point"},"type":"Feature"},{"properties":{"intensity":0.00023813000132618767},"geometry":{"coordinates":[-16.798863327313423,28.174643487703513],"type":"Point"},"type":"Feature"},{"properties":{"intensity":0.0016926001515171337},"geometry":{"coordinates":[-16.79800619948189,28.170891494131915],"type":"Point"},"type":"Feature"},{"properties":{"intensity":0.00021210565553648821},"geometry":{"coordinates":[-16.79894597911612,28.162540423826332],"type":"Point"},"type":"Feature"},{"properties":{"intensity":0.00009301333960088902},"geometry":{"coordinates":[-16.795061163966935,28.15735712909888],"type":"Point"},"type":"Feature"},{"properties":{"intensity":0.00026356420560232416},"geometry":{"coordinates":[-16.794552118525708,28.153699804820956],"type":"Point"},"type":"Feature"},{"properties":{"intensity":0.0004759834775105686},"geometry":{"coordinates":[-16.791359848684955,28.14727093143439],"type":"Point"},"type":"Feature"},{"properties":{"intensity":0.0003495647305583311},"geometry":{"coordinates":[-16.786185488431805,28.14162589278979],"type":"Point"},"type":"Feature"},{"properties":{"intensity":0.0002769579097698308},"geometry":{"coordinates":[-16.779844581552407,28.136203362266986],"type":"Point"},"type":"Feature"},{"properties":{"intensity":0.00500709658653637},"geometry":{"coordinates":[-16.772263673781286,28.133955203347828],"type":"Point"},"type":"Feature"},{"properties":{"intensity":0.004768651890026739},"geometry":{"coordinates":[-16.764655235803076,28.133114825788557],"type":"Point"},"type":"Feature"},{"properties":{"intensity":0.004491554703682822},"geometry":{"coordinates":[-16.745366215514228,28.127017447271726],"type":"Point"},"type":"Feature"},{"properties":{"intensity":0.13725543472645646},"geometry":{"coordinates":[-16.57729363380138,28.118820223490015],"type":"Point"},"type":"Feature"},{"properties":{"intensity":0.023213977703022384},"geometry":{"coordinates":[-16.576601042771347,28.116707261727385],"type":"Point"},"type":"Feature"},{"properties":{"intensity":0.02215883343184291},"geometry":{"coordinates":[-16.578318579813708,28.112346363181633],"type":"Point"},"type":"Feature"},{"properties":{"intensity":0.031024702258603726},"geometry":{"coordinates":[-16.57885269802002,28.104334829384918],"type":"Point"},"type":"Feature"},{"properties":{"intensity":0.029549449648655437},"geometry":{"coordinates":[-16.576855448331028,28.09860872666777],"type":"Point"},"type":"Feature"},{"properties":{"intensity":0.029347234288431116},"geometry":{"coordinates":[-16.573075706623264,28.097650327792394],"type":"Point"},"type":"Feature"},{"properties":{"intensity":0.025381073283731216},"geometry":{"coordinates":[-16.569651848442657,28.093167893180595],"type":"Point"},"type":"Feature"},{"properties":{"intensity":0.02614033237652844},"geometry":{"coordinates":[-16.56743623684617,28.08847300557465],"type":"Point"},"type":"Feature"},{"properties":{"intensity":0.031949987687598436},"geometry":{"coordinates":[-16.563486423855345,28.0834729365704],"type":"Point"},"type":"Feature"},{"properties":{"intensity":0.041639909967755386},"geometry":{"coordinates":[-16.55825332602181,28.079073965226616],"type":"Point"},"type":"Feature"},{"properties":{"intensity":0.037984387197155925},"geometry":{"coordinates":[-16.55756403881188,28.075733395908358],"type":"Point"},"type":"Feature"},{"properties":{"intensity":0.014984055462779276},"geometry":{"coordinates":[-16.55321776593972,28.06857141211285],"type":"Point"},"type":"Feature"},{"properties":{"intensity":0.012827548760588232},"geometry":{"coordinates":[-16.547866331655275,28.06435384903245],"type":"Point"},"type":"Feature"},{"properties":{"intensity":0.012906779472158651},"geometry":{"coordinates":[-16.543752484999715,28.052730361566923],"type":"Point"},"type":"Feature"},{"properties":{"intensity":0.023809425019675316},"geometry":{"coordinates":[-16.540802800386853,28.049920495912488],"type":"Point"},"type":"Feature"},{"properties":{"intensity":0.03770238363170091},"geometry":{"coordinates":[-16.538345244298164,28.046653778546542],"type":"Point"},"type":"Feature"},{"properties":{"intensity":0.07336202380139949},"geometry":{"coordinates":[-16.536040363796037,28.044098311821053],"type":"Point"},"type":"Feature"},{"properties":{"intensity":0.025703666084423562},"geometry":{"coordinates":[-16.538244173304847,28.046700037841713],"type":"Point"},"type":"Feature"},{"properties":{"intensity":0.008659377332050282},"geometry":{"coordinates":[-16.543979204435423,28.044388349477806],"type":"Point"},"type":"Feature"},{"properties":{"intensity":0.009438996316284217},"geometry":{"coordinates":[-16.55713770499184,28.03486241159493],"type":"Point"},"type":"Feature"},{"properties":{"intensity":0.00918443665431787},"geometry":{"coordinates":[-16.56546879806941,28.033486110776973],"type":"Point"},"type":"Feature"},{"properties":{"intensity":0.008569598480429043},"geometry":{"coordinates":[-16.574238737579535,28.032925587229194],"type":"Point"},"type":"Feature"},{"properties":{"intensity":0.011493093364801744},"geometry":{"coordinates":[-16.59031925702261,28.030113988214694],"type":"Point"},"type":"Feature"},{"properties":{"intensity":0.019882251957479842},"geometry":{"coordinates":[-16.593425937872194,28.029726000108635],"type":"Point"},"type":"Feature"},{"properties":{"intensity":0.015596303859120865},"geometry":{"coordinates":[-16.61161601184218,28.032726785658827],"type":"Point"},"type":"Feature"},{"properties":{"intensity":0.0203302859384034},"geometry":{"coordinates":[-16.61044831593923,28.027397531459105],"type":"Point"},"type":"Feature"},{"properties":{"intensity":0.01864299508877379},"geometry":{"coordinates":[-16.60839741736239,28.02558943056133],"type":"Point"},"type":"Feature"},{"properties":{"intensity":0.016486209063764034},"geometry":{"coordinates":[-16.60378831108229,28.02890143818264],"type":"Point"},"type":"Feature"},{"properties":{"intensity":0.014497600683008312},"geometry":{"coordinates":[-16.610307302282532,28.034321553070967],"type":"Point"},"type":"Feature"},{"properties":{"intensity":0.01949319724206957},"geometry":{"coordinates":[-16.61774357451384,28.04933336395664],"type":"Point"},"type":"Feature"},{"properties":{"intensity":0.016509787464977638},"geometry":{"coordinates":[-16.62247141389907,28.04848336071074],"type":"Point"},"type":"Feature"},{"properties":{"intensity":0.00443516221156988},"geometry":{"coordinates":[-16.628982489126173,28.047837682270774],"type":"Point"},"type":"Feature"},{"properties":{"intensity":0.021834846364907654},"geometry":{"coordinates":[-16.6343839199026,28.037051583762437],"type":"Point"},"type":"Feature"},{"properties":{"intensity":0.02052630974727749},"geometry":{"coordinates":[-16.636347521915088,28.03439284992076],"type":"Point"},"type":"Feature"},{"properties":{"intensity":0.02328521471053757},"geometry":{"coordinates":[-16.63904736823379,28.03334081359091],"type":"Point"},"type":"Feature"},{"properties":{"intensity":0.02434569611701686},"geometry":{"coordinates":[-16.64541211981392,28.03384232611345],"type":"Point"},"type":"Feature"},{"properties":{"intensity":0.022623325190501333},"geometry":{"coordinates":[-16.649848647499905,28.033292724032485],"type":"Point"},"type":"Feature"},{"properties":{"intensity":0.017088206360882086},"geometry":{"coordinates":[-16.651293336515224,28.027986625859576],"type":"Point"},"type":"Feature"},{"properties":{"intensity":0.02174127455919349},"geometry":{"coordinates":[-16.65206002485264,28.02224643481158],"type":"Point"},"type":"Feature"},{"properties":{"intensity":0.016832006867691617},"geometry":{"coordinates":[-16.652633675079876,28.015190885510556],"type":"Point"},"type":"Feature"},{"properties":{"intensity":0.012871033946918877},"geometry":{"coordinates":[-16.649402885810602,28.012061867330196],"type":"Point"},"type":"Feature"},{"properties":{"intensity":0.0073601329583192505},"geometry":{"coordinates":[-16.64649992665978,28.011753722173136],"type":"Point"},"type":"Feature"},{"properties":{"intensity":0.008854988749453912},"geometry":{"coordinates":[-16.650200078641895,28.012323052013844],"type":"Point"},"type":"Feature"},{"properties":{"intensity":0.03824848300071136},"geometry":{"coordinates":[-16.653444936179703,28.010379738263616],"type":"Point"},"type":"Feature"},{"properties":{"intensity":0.029776152618780142},"geometry":{"coordinates":[-16.655353546031428,28.008840534225953],"type":"Point"},"type":"Feature"},{"properties":{"intensity":0.027402015092315567},"geometry":{"coordinates":[-16.657911665099338,28.008547968709376],"type":"Point"},"type":"Feature"},{"properties":{"intensity":0.028185108437850083},"geometry":{"coordinates":[-16.664495628280093,28.013477338450706],"type":"Point"},"type":"Feature"},{"properties":{"intensity":0.015583477953060101},"geometry":{"coordinates":[-16.672119960065203,28.017906357718346],"type":"Point"},"type":"Feature"},{"properties":{"intensity":0.008876243668647895},"geometry":{"coordinates":[-16.67595868392443,28.020179039493176],"type":"Point"},"type":"Feature"},{"properties":{"intensity":0.009779812132023103},"geometry":{"coordinates":[-16.678508236310044,28.021943909263925],"type":"Point"},"type":"Feature"},{"properties":{"intensity":0.009326780660644008},"geometry":{"coordinates":[-16.682693243769013,28.03011455904947],"type":"Point"},"type":"Feature"},{"properties":{"intensity":0.008945330703475064},"geometry":{"coordinates":[-16.68028227833716,28.04055900180916],"type":"Point"},"type":"Feature"},{"properties":{"intensity":0.014588392798263},"geometry":{"coordinates":[-16.67872321570639,28.046931713047897],"type":"Point"},"type":"Feature"},{"properties":{"intensity":0.027153872845044363},"geometry":{"coordinates":[-16.67729162517369,28.051696389567734],"type":"Point"},"type":"Feature"},{"properties":{"intensity":0.020568273359560227},"geometry":{"coordinates":[-16.67759824356728,28.051133089818737],"type":"Point"},"type":"Feature"},{"properties":{"intensity":0.013731852568137557},"geometry":{"coordinates":[-16.678738712305783,28.04727447582649],"type":"Point"},"type":"Feature"},{"properties":{"intensity":0.009130426144062828},"geometry":{"coordinates":[-16.680390221488018,28.040304979285146],"type":"Point"},"type":"Feature"},{"properties":{"intensity":0.009496676661785004},"geometry":{"coordinates":[-16.682849570091037,28.030356320816882],"type":"Point"},"type":"Feature"},{"properties":{"intensity":0.009192650156972688},"geometry":{"coordinates":[-16.678609359197438,28.021906573435],"type":"Point"},"type":"Feature"},{"properties":{"intensity":0.008713559029065317},"geometry":{"coordinates":[-16.675997818998173,28.02007928603207],"type":"Point"},"type":"Feature"},{"properties":{"intensity":0.011685519823616281},"geometry":{"coordinates":[-16.672189183513883,28.017779163733135],"type":"Point"},"type":"Feature"},{"properties":{"intensity":0.04294036028298699},"geometry":{"coordinates":[-16.664079214076605,28.012850622088674],"type":"Point"},"type":"Feature"},{"properties":{"intensity":0.01409946780416356},"geometry":{"coordinates":[-16.664323134100222,28.012179807931492],"type":"Point"},"type":"Feature"},{"properties":{"intensity":0.019155635728787316},"geometry":{"coordinates":[-16.66850332640639,28.01287820325935],"type":"Point"},"type":"Feature"},{"properties":{"intensity":0.0005011429833558948},"geometry":{"coordinates":[-16.66722282028381,28.01161217628421],"type":"Point"},"type":"Feature"},{"properties":{"intensity":0.009962181708704986},"geometry":{"coordinates":[-16.66613629960423,28.01171560502832],"type":"Point"},"type":"Feature"},{"properties":{"intensity":0.03356780325255289},"geometry":{"coordinates":[-16.657729623880545,28.008613340734964],"type":"Point"},"type":"Feature"},{"properties":{"intensity":0.03494060739236781},"geometry":{"coordinates":[-16.656141615963477,28.008506133918566],"type":"Point"},"type":"Feature"},{"properties":{"intensity":0.03675917540144931},"geometry":{"coordinates":[-16.653330201239108,28.01019159009207],"type":"Point"},"type":"Feature"},{"properties":{"intensity":0.020554305787842786},"geometry":{"coordinates":[-16.65245134377657,28.01523820407898],"type":"Point"},"type":"Feature"},{"properties":{"intensity":0.023367972930053698},"geometry":{"coordinates":[-16.65193265712465,28.022563846818205],"type":"Point"},"type":"Feature"},{"properties":{"intensity":0.017362078459410384},"geometry":{"coordinates":[-16.65115248573477,28.028087595586996],"type":"Point"},"type":"Feature"},{"properties":{"intensity":0.01724620721882012},"geometry":{"coordinates":[-16.650005714741454,28.032920806174754],"type":"Point"},"type":"Feature"},{"properties":{"intensity":0.02020277883970559},"geometry":{"coordinates":[-16.645278267847072,28.033735627592],"type":"Point"},"type":"Feature"},{"properties":{"intensity":0.02013730776116598},"geometry":{"coordinates":[-16.63905493925479,28.03316924487734],"type":"Point"},"type":"Feature"},{"properties":{"intensity":0.02083352409996441},"geometry":{"coordinates":[-16.636193474909508,28.03429540807027],"type":"Point"},"type":"Feature"},{"properties":{"intensity":0.027994767381791172},"geometry":{"coordinates":[-16.633376823325857,28.03704551416131],"type":"Point"},"type":"Feature"},{"properties":{"intensity":0.00871748512681644},"geometry":{"coordinates":[-16.62887156036212,28.047902174544305],"type":"Point"},"type":"Feature"},{"properties":{"intensity":0.024531485377404058},"geometry":{"coordinates":[-16.62169678744763,28.048384209381936],"type":"Point"},"type":"Feature"},{"properties":{"intensity":0.019162618200072357},"geometry":{"coordinates":[-16.61777993661913,28.049044128756908],"type":"Point"},"type":"Feature"},{"properties":{"intensity":0.00006474059436964238},"geometry":{"coordinates":[-16.610821730273834,28.04836781723864],"type":"Point"},"type":"Feature"},{"properties":{"intensity":0.0151888183753271},"geometry":{"coordinates":[-16.59352577113519,28.02959848790547],"type":"Point"},"type":"Feature"},{"properties":{"intensity":0.01803173537717212},"geometry":{"coordinates":[-16.59007253566991,28.029936338249733],"type":"Point"},"type":"Feature"},{"properties":{"intensity":0.008663344082014105},"geometry":{"coordinates":[-16.57473495770098,28.032775493870666],"type":"Point"},"type":"Feature"},{"properties":{"intensity":0.009002991345672728},"geometry":{"coordinates":[-16.565670498550542,28.033366482176746],"type":"Point"},"type":"Feature"},{"properties":{"intensity":0.009550556427155526},"geometry":{"coordinates":[-16.557146575695317,28.034772057252823],"type":"Point"},"type":"Feature"},{"properties":{"intensity":0.008513235212358404},"geometry":{"coordinates":[-16.543898093625796,28.04440731220841],"type":"Point"},"type":"Feature"},{"properties":{"intensity":0.012836396571732446},"geometry":{"coordinates":[-16.543960048193888,28.05301683998168],"type":"Point"},"type":"Feature"},{"properties":{"intensity":0.01272677223934523},"geometry":{"coordinates":[-16.547670718324763,28.06419359825265],"type":"Point"},"type":"Feature"},{"properties":{"intensity":0.012922319767555566},"geometry":{"coordinates":[-16.552524683693434,28.068489000544847],"type":"Point"},"type":"Feature"},{"properties":{"intensity":0.03542458415629576},"geometry":{"coordinates":[-16.556130302124906,28.072274909275407],"type":"Point"},"type":"Feature"},{"properties":{"intensity":0.04187257489829315},"geometry":{"coordinates":[-16.557452646027098,28.075770761551965],"type":"Point"},"type":"Feature"},{"properties":{"intensity":0.05498337143753941},"geometry":{"coordinates":[-16.558301449078584,28.079587861987452],"type":"Point"},"type":"Feature"},{"properties":{"intensity":0.030872987310027352},"geometry":{"coordinates":[-16.563180922637585,28.083458367078872],"type":"Point"},"type":"Feature"},{"properties":{"intensity":0.03156721888791451},"geometry":{"coordinates":[-16.56733356813244,28.08841100161579],"type":"Point"},"type":"Feature"},{"properties":{"intensity":0.02566958808350008},"geometry":{"coordinates":[-16.569550224307275,28.093178081348288],"type":"Point"},"type":"Feature"},{"properties":{"intensity":0.029455456180272878},"geometry":{"coordinates":[-16.573016230271552,28.09775931310361],"type":"Point"},"type":"Feature"},{"properties":{"intensity":0.02955563010560454},"geometry":{"coordinates":[-16.57677417209372,28.098618686364098],"type":"Point"},"type":"Feature"},{"properties":{"intensity":0.03192058198203074},"geometry":{"coordinates":[-16.578731372161997,28.104390377665784],"type":"Point"},"type":"Feature"},{"properties":{"intensity":0.023139156943140157},"geometry":{"coordinates":[-16.578302324320788,28.111931389617382],"type":"Point"},"type":"Feature"},{"properties":{"intensity":0.024486911858062465},"geometry":{"coordinates":[-16.576456838481445,28.116591592051638],"type":"Point"},"type":"Feature"},{"properties":{"intensity":0.0003035157974707076},"geometry":{"coordinates":[-16.61775917111261,28.097906709992273],"type":"Point"},"type":"Feature"},{"properties":{"intensity":0.00032375505223131097},"geometry":{"coordinates":[-16.614864568735687,28.09694805548299],"type":"Point"},"type":"Feature"},{"properties":{"intensity":0.00016837176171035685},"geometry":{"coordinates":[-16.613793976162288,28.094776566813344],"type":"Point"},"type":"Feature"},{"properties":{"intensity":0.00016796815783539626},"geometry":{"coordinates":[-16.61680452091265,28.09261117434444],"type":"Point"},"type":"Feature"},{"properties":{"intensity":0.00003439237072859937},"geometry":{"coordinates":[-16.612328979058013,28.088683753386245],"type":"Point"},"type":"Feature"},{"properties":{"intensity":0.00038103225438652054},"geometry":{"coordinates":[-16.610336294474727,28.08404113924582],"type":"Point"},"type":"Feature"},{"properties":{"intensity":0.0006279134641372184},"geometry":{"coordinates":[-16.6136727484667,28.07850559994535],"type":"Point"},"type":"Feature"},{"properties":{"intensity":0.0042609735102706785},"geometry":{"coordinates":[-16.62389579812004,28.066769599589716],"type":"Point"},"type":"Feature"},{"properties":{"intensity":0.004642969395757731},"geometry":{"coordinates":[-16.62724887076854,28.06646815583845],"type":"Point"},"type":"Feature"},{"properties":{"intensity":0.0042560774599371375},"geometry":{"coordinates":[-16.623843305947926,28.066661918555237],"type":"Point"},"type":"Feature"},{"properties":{"intensity":0.006647181425388113},"geometry":{"coordinates":[-16.61188652870215,28.053598976663586],"type":"Point"},"type":"Feature"},{"properties":{"intensity":0.0049927568431677},"geometry":{"coordinates":[-16.611613029499292,28.05436030602932],"type":"Point"},"type":"Feature"},{"properties":{"intensity":0.004923343156466459},"geometry":{"coordinates":[-16.61327920157676,28.078726832185705],"type":"Point"},"type":"Feature"},{"properties":{"intensity":0.008873889794842844},"geometry":{"coordinates":[-16.610141229004153,28.08392610127655],"type":"Point"},"type":"Feature"},{"properties":{"intensity":0.004202423737615387},"geometry":{"coordinates":[-16.6127479037638,28.088796156205767],"type":"Point"},"type":"Feature"},{"properties":{"intensity":0.004297920323359548},"geometry":{"coordinates":[-16.61674225220795,28.09253068185056],"type":"Point"},"type":"Feature"},{"properties":{"intensity":0.004273197515555389},"geometry":{"coordinates":[-16.613736838367814,28.095038968898756],"type":"Point"},"type":"Feature"},{"properties":{"intensity":0.004535966674070959},"geometry":{"coordinates":[-16.61497758210319,28.09701892607322],"type":"Point"},"type":"Feature"},{"properties":{"intensity":0.0044516688088043896},"geometry":{"coordinates":[-16.617647643884936,28.097935100940546],"type":"Point"},"type":"Feature"},{"properties":{"intensity":0.013128026595351144},"geometry":{"coordinates":[-16.389788422512495,28.30831882580881],"type":"Point"},"type":"Feature"},{"properties":{"intensity":0.016932559580721637},"geometry":{"coordinates":[-16.390043459225012,28.30832525419081],"type":"Point"},"type":"Feature"},{"properties":{"intensity":0.03517730071456549},"geometry":{"coordinates":[-16.585573702940817,28.112867341171178],"type":"Point"},"type":"Feature"},{"properties":{"intensity":0.021103254289333264},"geometry":{"coordinates":[-16.5883236438326,28.112284973236314],"type":"Point"},"type":"Feature"},{"properties":{"intensity":0.0220136201148136},"geometry":{"coordinates":[-16.591957634530228,28.111602036946074],"type":"Point"},"type":"Feature"},{"properties":{"intensity":0.013125911648708946},"geometry":{"coordinates":[-16.59551419066182,28.110504747810428],"type":"Point"},"type":"Feature"},{"properties":{"intensity":0.008386872672470014},"geometry":{"coordinates":[-16.608566761756766,28.107319782218052],"type":"Point"},"type":"Feature"},{"properties":{"intensity":0.012616927431127136},"geometry":{"coordinates":[-16.610546830961297,28.104959022839523],"type":"Point"},"type":"Feature"},{"properties":{"intensity":0.012925723457831296},"geometry":{"coordinates":[-16.612502628327174,28.10302270457557],"type":"Point"},"type":"Feature"},{"properties":{"intensity":0.014713065512848612},"geometry":{"coordinates":[-16.61622878586822,28.099693683775598],"type":"Point"},"type":"Feature"},{"properties":{"intensity":0.009341835293476562},"geometry":{"coordinates":[-16.620314638390784,28.097966794275298],"type":"Point"},"type":"Feature"},{"properties":{"intensity":0.008757305754421225},"geometry":{"coordinates":[-16.62362880313608,28.09772002152131],"type":"Point"},"type":"Feature"},{"properties":{"intensity":0.008782262450690572},"geometry":{"coordinates":[-16.62727050631537,28.095574005810985],"type":"Point"},"type":"Feature"},{"properties":{"intensity":0.0050368003626665315},"geometry":{"coordinates":[-16.632765870210957,28.09218745245635],"type":"Point"},"type":"Feature"},{"properties":{"intensity":0.00017168534390773015},"geometry":{"coordinates":[-16.638814918206457,28.090436643961972],"type":"Point"},"type":"Feature"},{"properties":{"intensity":0.00004690343907982621},"geometry":{"coordinates":[-16.64078313307795,28.07999813806778],"type":"Point"},"type":"Feature"},{"properties":{"intensity":0.00010323926359953674},"geometry":{"coordinates":[-16.649676234417264,28.090613304691516],"type":"Point"},"type":"Feature"},{"properties":{"intensity":0.0004864250118018899},"geometry":{"coordinates":[-16.653350258008018,28.091291075755752],"type":"Point"},"type":"Feature"},{"properties":{"intensity":0.013717557718883151},"geometry":{"coordinates":[-16.65792462679826,28.091614915106415],"type":"Point"},"type":"Feature"},{"properties":{"intensity":0.012489007839477772},"geometry":{"coordinates":[-16.66091852220806,28.089755634957417],"type":"Point"},"type":"Feature"},{"properties":{"intensity":0.010733004449064115},"geometry":{"coordinates":[-16.663584639305178,28.087764891759686],"type":"Point"},"type":"Feature"},{"properties":{"intensity":0.004628350351341577},"geometry":{"coordinates":[-16.670018357286587,28.0852770344882],"type":"Point"},"type":"Feature"},{"properties":{"intensity":0.03848221293567088},"geometry":{"coordinates":[-16.681106304197552,28.078481151151273],"type":"Point"},"type":"Feature"},{"properties":{"intensity":0.019678946545738787},"geometry":{"coordinates":[-16.675639905161223,28.078999269342948],"type":"Point"},"type":"Feature"},{"properties":{"intensity":0.022432771685033655},"geometry":{"coordinates":[-16.67411691436659,28.0746226683464],"type":"Point"},"type":"Feature"},{"properties":{"intensity":0.028469494799212167},"geometry":{"coordinates":[-16.67190439450747,28.073674938883695],"type":"Point"},"type":"Feature"},{"properties":{"intensity":0.013686051074988013},"geometry":{"coordinates":[-16.66931633214253,28.07212706270637],"type":"Point"},"type":"Feature"},{"properties":{"intensity":0.019378027487350732},"geometry":{"coordinates":[-16.667141812237034,28.069680630847305],"type":"Point"},"type":"Feature"},{"properties":{"intensity":0.025244128502133048},"geometry":{"coordinates":[-16.662245891368602,28.069559517256767],"type":"Point"},"type":"Feature"},{"properties":{"intensity":0.009818240894184913},"geometry":{"coordinates":[-16.661291624831684,28.069038592639817],"type":"Point"},"type":"Feature"},{"properties":{"intensity":0.00942380021844112},"geometry":{"coordinates":[-16.666267463754384,28.062471194947744],"type":"Point"},"type":"Feature"},{"properties":{"intensity":0.013807349929544048},"geometry":{"coordinates":[-16.67806718611582,28.05381682522551],"type":"Point"},"type":"Feature"},{"properties":{"intensity":0.010463267155993187},"geometry":{"coordinates":[-16.67731036272062,28.054214151160796],"type":"Point"},"type":"Feature"},{"properties":{"intensity":0.009469110772035223},"geometry":{"coordinates":[-16.66613675676813,28.062572057404797],"type":"Point"},"type":"Feature"},{"properties":{"intensity":0.010119940004141886},"geometry":{"coordinates":[-16.66114962196363,28.069067386756227],"type":"Point"},"type":"Feature"},{"properties":{"intensity":0.018210205957202123},"geometry":{"coordinates":[-16.66225828682652,28.06970376830892],"type":"Point"},"type":"Feature"},{"properties":{"intensity":0.015123793246461344},"geometry":{"coordinates":[-16.667134007854703,28.06983415170174],"type":"Point"},"type":"Feature"},{"properties":{"intensity":0.013215844351747656},"geometry":{"coordinates":[-16.669317169247126,28.07218120284219],"type":"Point"},"type":"Feature"},{"properties":{"intensity":0.02114685838812047},"geometry":{"coordinates":[-16.67191596513452,28.073765048354737],"type":"Point"},"type":"Feature"},{"properties":{"intensity":0.017379510573795897},"geometry":{"coordinates":[-16.67424123267124,28.074765552182782],"type":"Point"},"type":"Feature"},{"properties":{"intensity":0.014756654269148151},"geometry":{"coordinates":[-16.67547530546629,28.07888395404458],"type":"Point"},"type":"Feature"},{"properties":{"intensity":0.019061560850990457},"geometry":{"coordinates":[-16.680911881702215,28.07841133300045],"type":"Point"},"type":"Feature"},{"properties":{"intensity":0.004630193910343559},"geometry":{"coordinates":[-16.669966508282045,28.08521449040274],"type":"Point"},"type":"Feature"},{"properties":{"intensity":0.01622714180206835},"geometry":{"coordinates":[-16.66351146965296,28.087639428384865],"type":"Point"},"type":"Feature"},{"properties":{"intensity":0.02018552256793197},"geometry":{"coordinates":[-16.660805627458103,28.089693826487302],"type":"Point"},"type":"Feature"},{"properties":{"intensity":0.03489213417950983},"geometry":{"coordinates":[-16.65664167157011,28.090908411040356],"type":"Point"},"type":"Feature"},{"properties":{"intensity":0.00041978228340582},"geometry":{"coordinates":[-16.6533898514114,28.091218397946367],"type":"Point"},"type":"Feature"},{"properties":{"intensity":0.00010998999196430535},"geometry":{"coordinates":[-16.649672094948446,28.090342602035598],"type":"Point"},"type":"Feature"},{"properties":{"intensity":0.000052080298988841636},"geometry":{"coordinates":[-16.640243117261605,28.079282585384835],"type":"Point"},"type":"Feature"},{"properties":{"intensity":0.00012296846011391487},"geometry":{"coordinates":[-16.63902818065698,28.0904070205884],"type":"Point"},"type":"Feature"},{"properties":{"intensity":0.005093411701507208},"geometry":{"coordinates":[-16.63283122309936,28.091798594261967],"type":"Point"},"type":"Feature"},{"properties":{"intensity":0.00878956613053503},"geometry":{"coordinates":[-16.62767398513941,28.095334564788658],"type":"Point"},"type":"Feature"},{"properties":{"intensity":0.008824952487802455},"geometry":{"coordinates":[-16.62299709461158,28.09767334765084],"type":"Point"},"type":"Feature"},{"properties":{"intensity":0.009540235235805706},"geometry":{"coordinates":[-16.619949124802638,28.0980252629572],"type":"Point"},"type":"Feature"},{"properties":{"intensity":0.019589211273624153},"geometry":{"coordinates":[-16.61542637428301,28.099802414538395],"type":"Point"},"type":"Feature"},{"properties":{"intensity":0.017173231381444318},"geometry":{"coordinates":[-16.612470210357568,28.102896733529164],"type":"Point"},"type":"Feature"},{"properties":{"intensity":0.016810648148805982},"geometry":{"coordinates":[-16.610456860304186,28.105068381457077],"type":"Point"},"type":"Feature"},{"properties":{"intensity":0.016713522241806212},"geometry":{"coordinates":[-16.608432176156988,28.10716793319907],"type":"Point"},"type":"Feature"},{"properties":{"intensity":0.017221558451129486},"geometry":{"coordinates":[-16.59559346991898,28.11035942215656],"type":"Point"},"type":"Feature"},{"properties":{"intensity":0.026141811821659085},"geometry":{"coordinates":[-16.592923398796504,28.111518618368663],"type":"Point"},"type":"Feature"},{"properties":{"intensity":0.02523292146601688},"geometry":{"coordinates":[-16.588730201948753,28.112244161921186],"type":"Point"},"type":"Feature"},{"properties":{"intensity":0.0392919191347756},"geometry":{"coordinates":[-16.585348607259508,28.112788717257413],"type":"Point"},"type":"Feature"},{"properties":{"intensity":0.044048090499259784},"geometry":{"coordinates":[-16.730082920536123,28.086229376399164],"type":"Point"},"type":"Feature"},{"properties":{"intensity":0.032071358715522344},"geometry":{"coordinates":[-16.729381330782832,28.093882291349708],"type":"Point"},"type":"Feature"},{"properties":{"intensity":0.0340181830734788},"geometry":{"coordinates":[-16.731735005325707,28.106099323885136],"type":"Point"},"type":"Feature"},{"properties":{"intensity":0.018912610307488347},"geometry":{"coordinates":[-16.72978211126659,28.115058574367552],"type":"Point"},"type":"Feature"},{"properties":{"intensity":0.027515827321184374},"geometry":{"coordinates":[-16.727954435152782,28.1159750836322],"type":"Point"},"type":"Feature"},{"properties":{"intensity":0.04803079275926163},"geometry":{"coordinates":[-16.72651732956754,28.11903456477631],"type":"Point"},"type":"Feature"},{"properties":{"intensity":0.023310429707011422},"geometry":{"coordinates":[-16.727458650418818,28.118066071731867],"type":"Point"},"type":"Feature"},{"properties":{"intensity":0.01954870806564462},"geometry":{"coordinates":[-16.730920864475838,28.115612765816227],"type":"Point"},"type":"Feature"},{"properties":{"intensity":0.011155717527048317},"geometry":{"coordinates":[-16.72807584125885,28.121641154895034],"type":"Point"},"type":"Feature"},{"properties":{"intensity":0.021821703417474074},"geometry":{"coordinates":[-16.73261150002151,28.120735562966182],"type":"Point"},"type":"Feature"},{"properties":{"intensity":0.014655742100304663},"geometry":{"coordinates":[-16.733764703271884,28.12218300296454],"type":"Point"},"type":"Feature"},{"properties":{"intensity":0.019102864298819813},"geometry":{"coordinates":[-16.737457835235407,28.124581962634654],"type":"Point"},"type":"Feature"},{"properties":{"intensity":0.011194848118072387},"geometry":{"coordinates":[-16.744689083637883,28.12857833261231],"type":"Point"},"type":"Feature"},{"properties":{"intensity":0.006549684841884821},"geometry":{"coordinates":[-16.754406406049288,28.13829126257043],"type":"Point"},"type":"Feature"},{"properties":{"intensity":0.006578912120829033},"geometry":{"coordinates":[-16.75703203296827,28.14072137161529],"type":"Point"},"type":"Feature"},{"properties":{"intensity":0.004304245382950322},"geometry":{"coordinates":[-16.760971816885128,28.145679512140575],"type":"Point"},"type":"Feature"},{"properties":{"intensity":0.006030782817449072},"geometry":{"coordinates":[-16.763357837207877,28.150865104049366],"type":"Point"},"type":"Feature"},{"properties":{"intensity":0.005004904666122056},"geometry":{"coordinates":[-16.763853342865627,28.15624647351614],"type":"Point"},"type":"Feature"},{"properties":{"intensity":0.005441762875348061},"geometry":{"coordinates":[-16.76304458613437,28.162195140475273],"type":"Point"},"type":"Feature"},{"properties":{"intensity":0.004233863252194652},"geometry":{"coordinates":[-16.766799045602127,28.170061397881344],"type":"Point"},"type":"Feature"},{"properties":{"intensity":0.00955737242279394},"geometry":{"coordinates":[-16.765567368613905,28.18497702103448],"type":"Point"},"type":"Feature"},{"properties":{"intensity":0.009744110823015387},"geometry":{"coordinates":[-16.765677202267376,28.18732201624285],"type":"Point"},"type":"Feature"},{"properties":{"intensity":0.012816407891684171},"geometry":{"coordinates":[-16.76839271374083,28.195120349951743],"type":"Point"},"type":"Feature"},{"properties":{"intensity":0.012971647846941136},"geometry":{"coordinates":[-16.76857798192311,28.200803478677944],"type":"Point"},"type":"Feature"},{"properties":{"intensity":0.012655563763234514},"geometry":{"coordinates":[-16.771577384488417,28.20663067942608],"type":"Point"},"type":"Feature"},{"properties":{"intensity":0.024676727522429335},"geometry":{"coordinates":[-16.779904187653045,28.208697518025627],"type":"Point"},"type":"Feature"},{"properties":{"intensity":0.02555358761910295},"geometry":{"coordinates":[-16.781698604311984,28.2118508128708],"type":"Point"},"type":"Feature"},{"properties":{"intensity":0.013250313727061452},"geometry":{"coordinates":[-16.78385172569503,28.214512074143936],"type":"Point"},"type":"Feature"},{"properties":{"intensity":0.004306858122006966},"geometry":{"coordinates":[-16.787954876892474,28.224746496768546],"type":"Point"},"type":"Feature"},{"properties":{"intensity":0.004507533378808354},"geometry":{"coordinates":[-16.79041002606479,28.227773693223277],"type":"Point"},"type":"Feature"},{"properties":{"intensity":0.005015094992012205},"geometry":{"coordinates":[-16.794276716454792,28.23659411790042],"type":"Point"},"type":"Feature"},{"properties":{"intensity":0.005603195244244753},"geometry":{"coordinates":[-16.796915303407722,28.240810005619654],"type":"Point"},"type":"Feature"},{"properties":{"intensity":0.004413747931858892},"geometry":{"coordinates":[-16.798790188948512,28.243835627780616],"type":"Point"},"type":"Feature"},{"properties":{"intensity":0.009041480351817061},"geometry":{"coordinates":[-16.817844037281944,28.265882919869412],"type":"Point"},"type":"Feature"},{"properties":{"intensity":0.0005191472884870296},"geometry":{"coordinates":[-16.818106767870496,28.26634869344185],"type":"Point"},"type":"Feature"},{"properties":{"intensity":0.004337303204924559},"geometry":{"coordinates":[-16.798587067134484,28.243269757140748],"type":"Point"},"type":"Feature"},{"properties":{"intensity":0.00487879633628428},"geometry":{"coordinates":[-16.796985260451724,28.24072786533149],"type":"Point"},"type":"Feature"},{"properties":{"intensity":0.004950004775217231},"geometry":{"coordinates":[-16.794396857678628,28.23646619759402],"type":"Point"},"type":"Feature"},{"properties":{"intensity":0.008663197321749057},"geometry":{"coordinates":[-16.79036069287075,28.227259940124124],"type":"Point"},"type":"Feature"},{"properties":{"intensity":0.004346360953974941},"geometry":{"coordinates":[-16.788109634879795,28.2248617923199],"type":"Point"},"type":"Feature"},{"properties":{"intensity":0.009015811300839201},"geometry":{"coordinates":[-16.783837790352937,28.214286641424287],"type":"Point"},"type":"Feature"},{"properties":{"intensity":0.023223517825617757},"geometry":{"coordinates":[-16.780128714736623,28.20872167008278],"type":"Point"},"type":"Feature"},{"properties":{"intensity":0.03663931188334617},"geometry":{"coordinates":[-16.77593971843779,28.207990979195632],"type":"Point"},"type":"Feature"},{"properties":{"intensity":0.01276586579505174},"geometry":{"coordinates":[-16.77152273603692,28.20640577159278],"type":"Point"},"type":"Feature"},{"properties":{"intensity":0.012906860520027208},"geometry":{"coordinates":[-16.768581548588788,28.20102002384794],"type":"Point"},"type":"Feature"},{"properties":{"intensity":0.012723378227561602},"geometry":{"coordinates":[-16.768760086025463,28.195160724850293],"type":"Point"},"type":"Feature"},{"properties":{"intensity":0.009419605886087458},"geometry":{"coordinates":[-16.76565209610779,28.1851744706123],"type":"Point"},"type":"Feature"},{"properties":{"intensity":0.00954707604143575},"geometry":{"coordinates":[-16.765757631641087,28.187257805932635],"type":"Point"},"type":"Feature"},{"properties":{"intensity":0.004209131399587235},"geometry":{"coordinates":[-16.766783970979088,28.169763778027068],"type":"Point"},"type":"Feature"},{"properties":{"intensity":0.0048605380686175224},"geometry":{"coordinates":[-16.763146100905665,28.162175784058682],"type":"Point"},"type":"Feature"},{"properties":{"intensity":0.004708895364436468},"geometry":{"coordinates":[-16.76394526319026,28.156263339052508],"type":"Point"},"type":"Feature"},{"properties":{"intensity":0.004772656191749896},"geometry":{"coordinates":[-16.763438389887373,28.150809918751527],"type":"Point"},"type":"Feature"},{"properties":{"intensity":0.004309415596829757},"geometry":{"coordinates":[-16.76093788294188,28.14547237971471],"type":"Point"},"type":"Feature"},{"properties":{"intensity":0.00531067765764541},"geometry":{"coordinates":[-16.757301254632843,28.140997685617407],"type":"Point"},"type":"Feature"},{"properties":{"intensity":0.005116624625345034},"geometry":{"coordinates":[-16.75297880633695,28.13690167331466],"type":"Point"},"type":"Feature"},{"properties":{"intensity":0.013299460486850512},"geometry":{"coordinates":[-16.745860721207787,28.12863561003838],"type":"Point"},"type":"Feature"},{"properties":{"intensity":0.013721063850229231},"geometry":{"coordinates":[-16.740055489081428,28.125325141262234],"type":"Point"},"type":"Feature"},{"properties":{"intensity":0.014656810433420993},"geometry":{"coordinates":[-16.73750697704036,28.12447304192925],"type":"Point"},"type":"Feature"},{"properties":{"intensity":0.015505373654780193},"geometry":{"coordinates":[-16.734735191717945,28.12239634424099],"type":"Point"},"type":"Feature"},{"properties":{"intensity":0.015163509787655464},"geometry":{"coordinates":[-16.729453268435176,28.114864176723056],"type":"Point"},"type":"Feature"},{"properties":{"intensity":0.030040454971947256},"geometry":{"coordinates":[-16.732726130837065,28.106339498493913],"type":"Point"},"type":"Feature"},{"properties":{"intensity":0.028311649437381008},"geometry":{"coordinates":[-16.729929023628934,28.09186283860746],"type":"Point"},"type":"Feature"},{"properties":{"intensity":0.05920501215080468},"geometry":{"coordinates":[-16.730074482626932,28.08633778133855],"type":"Point"},"type":"Feature"},{"properties":{"intensity":0.02950777554656498},"geometry":{"coordinates":[-16.738736042331315,28.1205226380317],"type":"Point"},"type":"Feature"},{"properties":{"intensity":0.013836786528291843},"geometry":{"coordinates":[-16.733512474326325,28.121058090017783],"type":"Point"},"type":"Feature"},{"properties":{"intensity":0.004212392440872125},"geometry":{"coordinates":[-16.414521416885904,28.22439009394745],"type":"Point"},"type":"Feature"},{"properties":{"intensity":0.004186347108995079},"geometry":{"coordinates":[-16.418289532560728,28.222681356248376],"type":"Point"},"type":"Feature"},{"properties":{"intensity":0.0041705000689997536},"geometry":{"coordinates":[-16.435959602757805,28.23568310269937],"type":"Point"},"type":"Feature"},{"properties":{"intensity":0.004187591481680237},"geometry":{"coordinates":[-16.43969858567806,28.23635678801012],"type":"Point"},"type":"Feature"},{"properties":{"intensity":0.004271375026038142},"geometry":{"coordinates":[-16.443072274355234,28.239416929252872],"type":"Point"},"type":"Feature"},{"properties":{"intensity":0.004235344613798369},"geometry":{"coordinates":[-16.444982734185423,28.23825052526168],"type":"Point"},"type":"Feature"},{"properties":{"intensity":0.004283115133843329},"geometry":{"coordinates":[-16.45469676413713,28.23687493026473],"type":"Point"},"type":"Feature"},{"properties":{"intensity":0.004241700526534591},"geometry":{"coordinates":[-16.455466793730224,28.235792716166078],"type":"Point"},"type":"Feature"},{"properties":{"intensity":0.004197567585230551},"geometry":{"coordinates":[-16.456706136791755,28.234750625310028],"type":"Point"},"type":"Feature"},{"properties":{"intensity":0.004238231584391754},"geometry":{"coordinates":[-16.457364706240256,28.230718293622132],"type":"Point"},"type":"Feature"},{"properties":{"intensity":0.004183067035273677},"geometry":{"coordinates":[-16.45979460158245,28.228056966797492],"type":"Point"},"type":"Feature"},{"properties":{"intensity":0.004904468722501129},"geometry":{"coordinates":[-16.45814197315602,28.22342653219536],"type":"Point"},"type":"Feature"},{"properties":{"intensity":0.004182312127285933},"geometry":{"coordinates":[-16.45970339334899,28.22809404192445],"type":"Point"},"type":"Feature"},{"properties":{"intensity":0.0042226891839557724},"geometry":{"coordinates":[-16.45732321418449,28.23066458363879],"type":"Point"},"type":"Feature"},{"properties":{"intensity":0.004206071115423562},"geometry":{"coordinates":[-16.456694721482375,28.234660493280597],"type":"Point"},"type":"Feature"},{"properties":{"intensity":0.004216489196863011},"geometry":{"coordinates":[-16.455365020392872,28.235802824943242],"type":"Point"},"type":"Feature"},{"properties":{"intensity":0.00424034518025888},"geometry":{"coordinates":[-16.454909645565454,28.23679143667066],"type":"Point"},"type":"Feature"},{"properties":{"intensity":0.00418820374067714},"geometry":{"coordinates":[-16.444929109432774,28.238052533523916],"type":"Point"},"type":"Feature"},{"properties":{"intensity":0.004227490962352442},"geometry":{"coordinates":[-16.44250939702118,28.239242361938988],"type":"Point"},"type":"Feature"},{"properties":{"intensity":0.000029814493163866806},"geometry":{"coordinates":[-16.43978980835183,28.23631972576069],"type":"Point"},"type":"Feature"},{"properties":{"intensity":0.00000929998063914239},"geometry":{"coordinates":[-16.43624769314827,28.235887661015923],"type":"Point"},"type":"Feature"},{"properties":{"intensity":0.000004042947700716943},"geometry":{"coordinates":[-16.417971661453993,28.222531219455856],"type":"Point"},"type":"Feature"},{"properties":{"intensity":0.00026550285879601865},"geometry":{"coordinates":[-16.414416912631573,28.224192614469434],"type":"Point"},"type":"Feature"},{"properties":{"intensity":0.0045429591889016435},"geometry":{"coordinates":[-16.423471011923326,28.195397679375066],"type":"Point"},"type":"Feature"},{"properties":{"intensity":0.0042682109800114935},"geometry":{"coordinates":[-16.426638965147685,28.20151103956638],"type":"Point"},"type":"Feature"},{"properties":{"intensity":0.004168731010640677},"geometry":{"coordinates":[-16.439559007469903,28.208487765446325],"type":"Point"},"type":"Feature"},{"properties":{"intensity":0.000014138556531150194},"geometry":{"coordinates":[-16.440420454923935,28.21270259982502],"type":"Point"},"type":"Feature"},{"properties":{"intensity":0.004174280673863512},"geometry":{"coordinates":[-16.443015974542305,28.217052573208175],"type":"Point"},"type":"Feature"},{"properties":{"intensity":0.004177990271076271},"geometry":{"coordinates":[-16.443014761117727,28.216962331834154],"type":"Point"},"type":"Feature"},{"properties":{"intensity":0.004172847621322916},"geometry":{"coordinates":[-16.440397658006255,28.212522331298846],"type":"Point"},"type":"Feature"},{"properties":{"intensity":0.004168132661985236},"geometry":{"coordinates":[-16.439454474870615,28.208290305774273],"type":"Point"},"type":"Feature"},{"properties":{"intensity":0.004286206527709295},"geometry":{"coordinates":[-16.42673040346336,28.20149203520857],"type":"Point"},"type":"Feature"},{"properties":{"intensity":0.008406886397295537},"geometry":{"coordinates":[-16.40470320319959,28.24266861263828],"type":"Point"},"type":"Feature"},{"properties":{"intensity":0.00834313036752947},"geometry":{"coordinates":[-16.416481755304105,28.246283603128084],"type":"Point"},"type":"Feature"},{"properties":{"intensity":0.008433143432163588},"geometry":{"coordinates":[-16.422161360485696,28.253390813348254],"type":"Point"},"type":"Feature"},{"properties":{"intensity":0.008361211398917727},"geometry":{"coordinates":[-16.428919845059635,28.256497257429128],"type":"Point"},"type":"Feature"},{"properties":{"intensity":0.00838196290036101},"geometry":{"coordinates":[-16.431515153342815,28.25849178311772],"type":"Point"},"type":"Feature"},{"properties":{"intensity":0.004180202763268168},"geometry":{"coordinates":[-16.429072479344473,28.25647761053649],"type":"Point"},"type":"Feature"},{"properties":{"intensity":0.004194726834067761},"geometry":{"coordinates":[-16.42219121605259,28.253336350152786],"type":"Point"},"type":"Feature"},{"properties":{"intensity":0.004172444907693643},"geometry":{"coordinates":[-16.416560896043833,28.246102274189166],"type":"Point"},"type":"Feature"},{"properties":{"intensity":0.0044423379750197995},"geometry":{"coordinates":[-16.404898004594,28.242756865433158],"type":"Point"},"type":"Feature"},{"properties":{"intensity":0.07396654589966886},"geometry":{"coordinates":[-16.576948927656304,28.048580510260646],"type":"Point"},"type":"Feature"},{"properties":{"intensity":0.000002490389880001979},"geometry":{"coordinates":[-16.80822372776441,28.25814127418601],"type":"Point"},"type":"Feature"},{"properties":{"intensity":1.6452532387495526e-7},"geometry":{"coordinates":[-16.806265467053617,28.262291355707752],"type":"Point"},"type":"Feature"},{"properties":{"intensity":0.004307561688469065},"geometry":{"coordinates":[-16.80746266729445,28.26558749710185],"type":"Point"},"type":"Feature"},{"properties":{"intensity":0.004217969736211886},"geometry":{"coordinates":[-16.807935323937347,28.268830044548388],"type":"Point"},"type":"Feature"},{"properties":{"intensity":0.0042023130205816805},"geometry":{"coordinates":[-16.806381454606502,28.27037573400994],"type":"Point"},"type":"Feature"},{"properties":{"intensity":0.004167923116617607},"geometry":{"coordinates":[-16.801187681919693,28.278539260484024],"type":"Point"},"type":"Feature"},{"properties":{"intensity":0.000004817076690970716},"geometry":{"coordinates":[-16.807713824290218,28.306401662146236],"type":"Point"},"type":"Feature"},{"properties":{"intensity":0.00005899731776232117},"geometry":{"coordinates":[-16.807757043505433,28.306545480151676],"type":"Point"},"type":"Feature"},{"properties":{"intensity":0.00000459975389776734},"geometry":{"coordinates":[-16.804617442231873,28.307209714093084],"type":"Point"},"type":"Feature"},{"properties":{"intensity":0.00909931472189478},"geometry":{"coordinates":[-16.819804321998227,28.267273653769713],"type":"Point"},"type":"Feature"},{"properties":{"intensity":0.008902901206937538},"geometry":{"coordinates":[-16.821207706815787,28.26288713372777],"type":"Point"},"type":"Feature"},{"properties":{"intensity":0.008406125424382752},"geometry":{"coordinates":[-16.824760864999824,28.260854351048216],"type":"Point"},"type":"Feature"},{"properties":{"intensity":0.008363149471006885},"geometry":{"coordinates":[-16.82531193088337,28.256109173488145],"type":"Point"},"type":"Feature"},{"properties":{"intensity":0.008346329000843774},"geometry":{"coordinates":[-16.82645116426075,28.253585163133724],"type":"Point"},"type":"Feature"},{"properties":{"intensity":0.008464222341269968},"geometry":{"coordinates":[-16.82665836780943,28.250793848964236],"type":"Point"},"type":"Feature"},{"properties":{"intensity":0.008399318866086133},"geometry":{"coordinates":[-16.82700954978824,28.246285969144378],"type":"Point"},"type":"Feature"},{"properties":{"intensity":0.008479615446685528},"geometry":{"coordinates":[-16.827860519037813,28.242403113687143],"type":"Point"},"type":"Feature"},{"properties":{"intensity":0.00851181442564959},"geometry":{"coordinates":[-16.827889853069347,28.242330526002352],"type":"Point"},"type":"Feature"},{"properties":{"intensity":0.008401943938965404},"geometry":{"coordinates":[-16.826906432594512,28.24621515221702],"type":"Point"},"type":"Feature"},{"properties":{"intensity":0.008427803502874382},"geometry":{"coordinates":[-16.82673849631777,28.250711558109185],"type":"Point"},"type":"Feature"},{"properties":{"intensity":0.008352436292518502},"geometry":{"coordinates":[-16.826467082474426,28.25332324233654],"type":"Point"},"type":"Feature"},{"properties":{"intensity":0.008349344076397694},"geometry":{"coordinates":[-16.82514966552908,28.256156463131873],"type":"Point"},"type":"Feature"},{"properties":{"intensity":0.008372837244112996},"geometry":{"coordinates":[-16.824277474841008,28.260599098484306],"type":"Point"},"type":"Feature"},{"properties":{"intensity":0.008647625162385856},"geometry":{"coordinates":[-16.82126746764187,28.26280511729346],"type":"Point"},"type":"Feature"},{"properties":{"intensity":0.008918977646991847},"geometry":{"coordinates":[-16.819873203483464,28.267128345455248],"type":"Point"},"type":"Feature"},{"properties":{"intensity":0.0041714014806957},"geometry":{"coordinates":[-16.801409456589838,28.278996582501776],"type":"Point"},"type":"Feature"},{"properties":{"intensity":0.004212161652860302},"geometry":{"coordinates":[-16.805538634057385,28.26996272796517],"type":"Point"},"type":"Feature"},{"properties":{"intensity":0.000039670080613220185},"geometry":{"coordinates":[-16.808408068735456,28.26905842238662],"type":"Point"},"type":"Feature"},{"properties":{"intensity":0.0000024981673055751},"geometry":{"coordinates":[-16.808394077727236,28.258572193666588],"type":"Point"},"type":"Feature"},{"properties":{"intensity":0.00420908518015664},"geometry":{"coordinates":[-16.764543227995507,28.13187085555866],"type":"Point"},"type":"Feature"},{"properties":{"intensity":0.004191167663271415},"geometry":{"coordinates":[-16.768763174549935,28.129713691864882],"type":"Point"},"type":"Feature"},{"properties":{"intensity":0.00627885991498518},"geometry":{"coordinates":[-16.774325132865112,28.125607746875446],"type":"Point"},"type":"Feature"},{"properties":{"intensity":0.006467667833859993},"geometry":{"coordinates":[-16.7760974969294,28.12135220171677],"type":"Point"},"type":"Feature"},{"properties":{"intensity":0.008107774075786015},"geometry":{"coordinates":[-16.77607520900531,28.121235169277025],"type":"Point"},"type":"Feature"},{"properties":{"intensity":0.008557083412157187},"geometry":{"coordinates":[-16.774232197465157,28.12552772761102],"type":"Point"},"type":"Feature"},{"properties":{"intensity":0.004205137583204482},"geometry":{"coordinates":[-16.768569348838586,28.129689119248475],"type":"Point"},"type":"Feature"},{"properties":{"intensity":0.004194395950344329},"geometry":{"coordinates":[-16.764561514534975,28.131744273869444],"type":"Point"},"type":"Feature"},{"properties":{"intensity":0.02474404172418141},"geometry":{"coordinates":[-16.780362869511173,28.129373966544144],"type":"Point"},"type":"Feature"},{"properties":{"intensity":0.004501600856647601},"geometry":{"coordinates":[-16.77912551510807,28.13150181389086],"type":"Point"},"type":"Feature"},{"properties":{"intensity":0.008883027392374945},"geometry":{"coordinates":[-16.70537396110599,28.070050185416054],"type":"Point"},"type":"Feature"},{"properties":{"intensity":0.004168356939949172},"geometry":{"coordinates":[-16.700879765628304,28.070241334768298],"type":"Point"},"type":"Feature"},{"properties":{"intensity":0.01776693459207618},"geometry":{"coordinates":[-16.695303918339025,28.072178501134125],"type":"Point"},"type":"Feature"},{"properties":{"intensity":0.013852636578978464},"geometry":{"coordinates":[-16.69152623608367,28.073299092866804],"type":"Point"},"type":"Feature"},{"properties":{"intensity":0.000001780313370015451},"geometry":{"coordinates":[-16.69031426749147,28.088818956549627],"type":"Point"},"type":"Feature"},{"properties":{"intensity":0.0000010546820088826807},"geometry":{"coordinates":[-16.687260133341603,28.092647050104866],"type":"Point"},"type":"Feature"},{"properties":{"intensity":0.009061391906704987},"geometry":{"coordinates":[-16.685014527890615,28.094172803148624],"type":"Point"},"type":"Feature"},{"properties":{"intensity":0.016121621443584568},"geometry":{"coordinates":[-16.681342310701112,28.09819788999905],"type":"Point"},"type":"Feature"},{"properties":{"intensity":0.004298749528017657},"geometry":{"coordinates":[-16.682363575482565,28.099728638712094],"type":"Point"},"type":"Feature"},{"properties":{"intensity":0.004236459048447312},"geometry":{"coordinates":[-16.684413868468003,28.105235782742607],"type":"Point"},"type":"Feature"},{"properties":{"intensity":0.008344594529772357},"geometry":{"coordinates":[-16.67274742419318,28.117544293066093],"type":"Point"},"type":"Feature"},{"properties":{"intensity":0.004341568544929222},"geometry":{"coordinates":[-16.672250971257753,28.119662197646296],"type":"Point"},"type":"Feature"},{"properties":{"intensity":0.008808633061895391},"geometry":{"coordinates":[-16.665195697215374,28.118944860228524],"type":"Point"},"type":"Feature"},{"properties":{"intensity":0.008379149592749147},"geometry":{"coordinates":[-16.665742835911452,28.12536401416144],"type":"Point"},"type":"Feature"},{"properties":{"intensity":0.008363239322528396},"geometry":{"coordinates":[-16.65744123532159,28.12570833138953],"type":"Point"},"type":"Feature"},{"properties":{"intensity":0.008353631156753699},"geometry":{"coordinates":[-16.65147023439296,28.136637516472558],"type":"Point"},"type":"Feature"},{"properties":{"intensity":0.00846058318601021},"geometry":{"coordinates":[-16.644055987806976,28.145814884873904],"type":"Point"},"type":"Feature"},{"properties":{"intensity":0.008470119008765377},"geometry":{"coordinates":[-16.64416741800285,28.14577744745969],"type":"Point"},"type":"Feature"},{"properties":{"intensity":0.00833628005656678},"geometry":{"coordinates":[-16.65369109243499,28.141366913357338],"type":"Point"},"type":"Feature"},{"properties":{"intensity":0.008341733546786214},"geometry":{"coordinates":[-16.65355024024362,28.141476913484297],"type":"Point"},"type":"Feature"},{"properties":{"intensity":0.009049646608813905},"geometry":{"coordinates":[-16.6850973379787,28.09426203564016],"type":"Point"},"type":"Feature"},{"properties":{"intensity":4.338233315650379e-7},"geometry":{"coordinates":[-16.6876247355947,28.09253426480865],"type":"Point"},"type":"Feature"},{"properties":{"intensity":5.273410044413405e-7},"geometry":{"coordinates":[-16.690060045805204,28.088831113904497],"type":"Point"},"type":"Feature"},{"properties":{"intensity":1.7578033481378012e-7},"geometry":{"coordinates":[-16.686378198314245,28.082450631894297],"type":"Point"},"type":"Feature"},{"properties":{"intensity":0.013349267607398973},"geometry":{"coordinates":[-16.691649585211852,28.073378797262926],"type":"Point"},"type":"Feature"},{"properties":{"intensity":0.00000344459904527695},"geometry":{"coordinates":[-16.69941395282401,28.070846117806962],"type":"Point"},"type":"Feature"},{"properties":{"intensity":0.01327297085552307},"geometry":{"coordinates":[-16.6950720660685,28.072316740025606],"type":"Point"},"type":"Feature"},{"properties":{"intensity":0.00449094073218539},"geometry":{"coordinates":[-16.680739295424736,28.082357378207178],"type":"Point"},"type":"Feature"},{"properties":{"intensity":0.004622784137853295},"geometry":{"coordinates":[-16.678953758249328,28.086630021925394],"type":"Point"},"type":"Feature"},{"properties":{"intensity":0.004488777114754611},"geometry":{"coordinates":[-16.676519240238445,28.089096550288275],"type":"Point"},"type":"Feature"},{"properties":{"intensity":0.004249540644771053},"geometry":{"coordinates":[-16.674640906442107,28.090031020936742],"type":"Point"},"type":"Feature"},{"properties":{"intensity":0.004719435946440793},"geometry":{"coordinates":[-16.672479360449064,28.091736047047835],"type":"Point"},"type":"Feature"},{"properties":{"intensity":0.004204891428907512},"geometry":{"coordinates":[-16.674930666213097,28.09165198604246],"type":"Point"},"type":"Feature"},{"properties":{"intensity":0.004215776910145344},"geometry":{"coordinates":[-16.67939758716834,28.092915018358536],"type":"Point"},"type":"Feature"},{"properties":{"intensity":0.0045184600253725775},"geometry":{"coordinates":[-16.6822682340029,28.09231126571645],"type":"Point"},"type":"Feature"},{"properties":{"intensity":0.0052209046234342246},"geometry":{"coordinates":[-16.686016397773006,28.09250891912797],"type":"Point"},"type":"Feature"},{"properties":{"intensity":0.004616933915532245},"geometry":{"coordinates":[-16.6860657208198,28.092409037997736],"type":"Point"},"type":"Feature"},{"properties":{"intensity":0.004493409864014659},"geometry":{"coordinates":[-16.682134553327504,28.09222265524224],"type":"Point"},"type":"Feature"},{"properties":{"intensity":0.004191648528288416},"geometry":{"coordinates":[-16.674949895129142,28.091579551116272],"type":"Point"},"type":"Feature"},{"properties":{"intensity":0.0042196614654380765},"geometry":{"coordinates":[-16.679560105594177,28.09289497839963],"type":"Point"},"type":"Feature"},{"properties":{"intensity":0.004374119634854367},"geometry":{"coordinates":[-16.672591004412418,28.091716635674477],"type":"Point"},"type":"Feature"},{"properties":{"intensity":0.004344448424370183},"geometry":{"coordinates":[-16.676490819633717,28.08923227284894],"type":"Point"},"type":"Feature"},{"properties":{"intensity":0.004251585956308551},"geometry":{"coordinates":[-16.67451115613989,28.09019505524246],"type":"Point"},"type":"Feature"},{"properties":{"intensity":0.0044002996497306815},"geometry":{"coordinates":[-16.679124897109464,28.08651060213642],"type":"Point"},"type":"Feature"},{"properties":{"intensity":0.004261782603680589},"geometry":{"coordinates":[-16.680879060560372,28.082184190708226],"type":"Point"},"type":"Feature"},{"properties":{"intensity":0.00463475477711346},"geometry":{"coordinates":[-16.661042938805668,28.07271480867611],"type":"Point"},"type":"Feature"},{"properties":{"intensity":0.0002946028396279989},"geometry":{"coordinates":[-16.66114453152069,28.072704553855676],"type":"Point"},"type":"Feature"},{"properties":{"intensity":0.0056216477435783},"geometry":{"coordinates":[-16.66220598679329,28.07952367622728],"type":"Point"},"type":"Feature"},{"properties":{"intensity":0.0009698048645749487},"geometry":{"coordinates":[-16.66232890614217,28.079576337413005],"type":"Point"},"type":"Feature"},{"properties":{"intensity":0.0009066593133144051},"geometry":{"coordinates":[-16.659127896321124,28.083829788929037],"type":"Point"},"type":"Feature"},{"properties":{"intensity":0.0010290600149967964},"geometry":{"coordinates":[-16.658907392810406,28.084049056981083],"type":"Point"},"type":"Feature"},{"properties":{"intensity":0.00875071944621172},"geometry":{"coordinates":[-16.639889767915662,28.153716599537205],"type":"Point"},"type":"Feature"},{"properties":{"intensity":0.008487318415158197},"geometry":{"coordinates":[-16.6400229449897,28.153769155172444],"type":"Point"},"type":"Feature"},{"properties":{"intensity":0.000007022613712136371},"geometry":{"coordinates":[-16.639131745127226,28.1627777740683],"type":"Point"},"type":"Feature"},{"properties":{"intensity":0.004454864975354171},"geometry":{"coordinates":[-16.639042171822716,28.162914221503932],"type":"Point"},"type":"Feature"},{"properties":{"intensity":0.0000017690583590766264},"geometry":{"coordinates":[-16.63650352448568,28.16539938986401],"type":"Point"},"type":"Feature"},{"properties":{"intensity":1.6452532387495526e-7},"geometry":{"coordinates":[-16.63595701337079,28.16495466889797],"type":"Point"},"type":"Feature"},{"properties":{"intensity":0.000002049611377705534},"geometry":{"coordinates":[-16.634323470801046,28.165353226303345],"type":"Point"},"type":"Feature"},{"properties":{"intensity":2.467879858124329e-7},"geometry":{"coordinates":[-16.63513855327049,28.166047447854282],"type":"Point"},"type":"Feature"},{"properties":{"intensity":0.00000724075876018146},"geometry":{"coordinates":[-16.66491223322943,28.19142779198675],"type":"Point"},"type":"Feature"},{"properties":{"intensity":0.000006716073086264109},"geometry":{"coordinates":[-16.66506583767549,28.191480072669915],"type":"Point"},"type":"Feature"},{"properties":{"intensity":0.000017021227284327615},"geometry":{"coordinates":[-16.678112244581133,28.21415364232862],"type":"Point"},"type":"Feature"},{"properties":{"intensity":0.000003077483524503147},"geometry":{"coordinates":[-16.67825584243775,28.214215054471303],"type":"Point"},"type":"Feature"},{"properties":{"intensity":0.009666812473969855},"geometry":{"coordinates":[-16.62750014721348,28.223835340592693],"type":"Point"},"type":"Feature"},{"properties":{"intensity":0.009325041815376849},"geometry":{"coordinates":[-16.62559811767522,28.254976031376152],"type":"Point"},"type":"Feature"},{"properties":{"intensity":0.008387280696760336},"geometry":{"coordinates":[-16.603403172914266,28.259344631810627],"type":"Point"},"type":"Feature"},{"properties":{"intensity":0.008404022193280876},"geometry":{"coordinates":[-16.60341498482396,28.259452793104753],"type":"Point"},"type":"Feature"},{"properties":{"intensity":0.008379876234931121},"geometry":{"coordinates":[-16.565081949253116,28.29380440770045],"type":"Point"},"type":"Feature"},{"properties":{"intensity":0.008377722673124442},"geometry":{"coordinates":[-16.565323291231774,28.294270943127557],"type":"Point"},"type":"Feature"},{"properties":{"intensity":0.00918241168881419},"geometry":{"coordinates":[-16.56485478976778,28.30615326016357],"type":"Point"},"type":"Feature"},{"properties":{"intensity":0.000002314609545188198},"geometry":{"coordinates":[-16.682197454660372,28.07993885462247],"type":"Point"},"type":"Feature"},{"properties":{"intensity":0.000001780313370015451},"geometry":{"coordinates":[-16.682284986790844,28.079026255306218],"type":"Point"},"type":"Feature"},{"properties":{"intensity":0.00009812140206658575},"geometry":{"coordinates":[-16.65911292715489,28.069615478703888],"type":"Point"},"type":"Feature"},{"properties":{"intensity":0.0005290893704476815},"geometry":{"coordinates":[-16.654980122896184,28.068167213861955],"type":"Point"},"type":"Feature"},{"properties":{"intensity":0.00029163139616499663},"geometry":{"coordinates":[-16.659185107862506,28.0696777816414],"type":"Point"},"type":"Feature"},{"properties":{"intensity":0.02287558446573319},"geometry":{"coordinates":[-16.780582664992217,28.212749754470938],"type":"Point"},"type":"Feature"},{"properties":{"intensity":0.00834536252584672},"geometry":{"coordinates":[-16.569172547734304,28.093101174965092],"type":"Point"},"type":"Feature"},{"properties":{"intensity":0.004167826121359365},"geometry":{"coordinates":[-16.566300643018174,28.09437046313809],"type":"Point"},"type":"Feature"},{"properties":{"intensity":1.87035345752605e-7},"geometry":{"coordinates":[-16.56318470722802,28.099171361474937],"type":"Point"},"type":"Feature"},{"properties":{"intensity":0.004190946674326847},"geometry":{"coordinates":[-16.561774979590307,28.10162424950144],"type":"Point"},"type":"Feature"},{"properties":{"intensity":9.35176728763025e-8},"geometry":{"coordinates":[-16.561172539555205,28.104302593262847],"type":"Point"},"type":"Feature"},{"properties":{"intensity":0.00833613026383921},"geometry":{"coordinates":[-16.561174529303287,28.10584589390991],"type":"Point"},"type":"Feature"},{"properties":{"intensity":0.004177323381534358},"geometry":{"coordinates":[-16.56329599073815,28.0991249666142],"type":"Point"},"type":"Feature"},{"properties":{"intensity":0.0041762169128769875},"geometry":{"coordinates":[-16.56180773056321,28.101777306368092],"type":"Point"},"type":"Feature"},{"properties":{"intensity":0.0041671940076711085},"geometry":{"coordinates":[-16.56645327810211,28.094368720066626],"type":"Point"},"type":"Feature"},{"properties":{"intensity":0.008353512473728422},"geometry":{"coordinates":[-16.56923793291757,28.093398261103285],"type":"Point"},"type":"Feature"},{"properties":{"intensity":0.012984338618335386},"geometry":{"coordinates":[-16.3725629955189,28.359847788428322],"type":"Point"},"type":"Feature"},{"properties":{"intensity":0.023480641011925398},"geometry":{"coordinates":[-16.372554767612833,28.360001302916103],"type":"Point"},"type":"Feature"},{"properties":{"intensity":0.00009284881427701406},"geometry":{"coordinates":[-16.639419220356178,28.02230760224867],"type":"Point"},"type":"Feature"},{"properties":{"intensity":0.00466814279653798},"geometry":{"coordinates":[-16.77656877250563,28.11844916182534],"type":"Point"},"type":"Feature"},{"properties":{"intensity":0.004747062343094629},"geometry":{"coordinates":[-16.775458157301173,28.118382328989867],"type":"Point"},"type":"Feature"},{"properties":{"intensity":0.007576561709307175},"geometry":{"coordinates":[-16.767319015150424,28.121113706747934],"type":"Point"},"type":"Feature"},{"properties":{"intensity":0.007011824112013864},"geometry":{"coordinates":[-16.767520781890667,28.121002808252616],"type":"Point"},"type":"Feature"},{"properties":{"intensity":0.004195842724660389},"geometry":{"coordinates":[-16.754398665150724,28.12656820290067],"type":"Point"},"type":"Feature"},{"properties":{"intensity":0.06421222746188253},"geometry":{"coordinates":[-16.732645302409836,28.086738528695925],"type":"Point"},"type":"Feature"},{"properties":{"intensity":0.07512323331835896},"geometry":{"coordinates":[-16.732350253511797,28.0867422550021],"type":"Point"},"type":"Feature"},{"properties":{"intensity":0.004201100579853656},"geometry":{"coordinates":[-16.44935142747752,28.219900792016013],"type":"Point"},"type":"Feature"},{"properties":{"intensity":0.020850140715409825},"geometry":{"coordinates":[-16.449232805117628,28.221680052641645],"type":"Point"},"type":"Feature"},{"properties":{"intensity":0.020847454690503656},"geometry":{"coordinates":[-16.449106939101622,28.222168757831998],"type":"Point"},"type":"Feature"},{"properties":{"intensity":0.02085423133848482},"geometry":{"coordinates":[-16.446451075807673,28.22546406847859],"type":"Point"},"type":"Feature"},{"properties":{"intensity":0.02086653267290242},"geometry":{"coordinates":[-16.44342716772035,28.229440120973305],"type":"Point"},"type":"Feature"},{"properties":{"intensity":0.02150160077842052},"geometry":{"coordinates":[-16.441998059854374,28.236079843081015],"type":"Point"},"type":"Feature"},{"properties":{"intensity":0.012702277632213215},"geometry":{"coordinates":[-16.43973115849639,28.24030054411863],"type":"Point"},"type":"Feature"},{"properties":{"intensity":0.012534247066407236},"geometry":{"coordinates":[-16.437005000148076,28.245248070278073],"type":"Point"},"type":"Feature"},{"properties":{"intensity":0.008346834654081179},"geometry":{"coordinates":[-16.436924880170253,28.24991504081133],"type":"Point"},"type":"Feature"},{"properties":{"intensity":0.012687803394411275},"geometry":{"coordinates":[-16.432090655501703,28.253503735876425],"type":"Point"},"type":"Feature"},{"properties":{"intensity":0.012519840667812079},"geometry":{"coordinates":[-16.432202583160027,28.255776962433263],"type":"Point"},"type":"Feature"},{"properties":{"intensity":0.012526972542614237},"geometry":{"coordinates":[-16.432458224621737,28.25736275196079],"type":"Point"},"type":"Feature"},{"properties":{"intensity":0.012597275631736491},"geometry":{"coordinates":[-16.43154247304812,28.25824781134324],"type":"Point"},"type":"Feature"},{"properties":{"intensity":0.012901310479672377},"geometry":{"coordinates":[-16.428937737001593,28.26165959708928],"type":"Point"},"type":"Feature"},{"properties":{"intensity":0.004278527200654496},"geometry":{"coordinates":[-16.42797520373624,28.263628170191783],"type":"Point"},"type":"Feature"},{"properties":{"intensity":0.0042672847800951435},"geometry":{"coordinates":[-16.426599620903673,28.26443677457902],"type":"Point"},"type":"Feature"},{"properties":{"intensity":0.004314130111044593},"geometry":{"coordinates":[-16.422373460540822,28.266294941984068],"type":"Point"},"type":"Feature"},{"properties":{"intensity":0.004212299556888091},"geometry":{"coordinates":[-16.4218718322407,28.269206342571405],"type":"Point"},"type":"Feature"},{"properties":{"intensity":0.004341463002574871},"geometry":{"coordinates":[-16.417622704877825,28.271660284478465],"type":"Point"},"type":"Feature"},{"properties":{"intensity":0.004257881105583872},"geometry":{"coordinates":[-16.413557575537205,28.274166346842684],"type":"Point"},"type":"Feature"},{"properties":{"intensity":0.004258179612227326},"geometry":{"coordinates":[-16.41147200592478,28.277590493596016],"type":"Point"},"type":"Feature"},{"properties":{"intensity":0.004343637429893744},"geometry":{"coordinates":[-16.409386281000348,28.280238426444107],"type":"Point"},"type":"Feature"},{"properties":{"intensity":0.004261217831491967},"geometry":{"coordinates":[-16.407386043505404,28.283192312214812],"type":"Point"},"type":"Feature"},{"properties":{"intensity":0.004237438166408143},"geometry":{"coordinates":[-16.405778899229905,28.28425581278539],"type":"Point"},"type":"Feature"},{"properties":{"intensity":0.004189915701726681},"geometry":{"coordinates":[-16.40477282545806,28.28761459426936],"type":"Point"},"type":"Feature"},{"properties":{"intensity":0.004176842071394513},"geometry":{"coordinates":[-16.402622402329783,28.289243222936424],"type":"Point"},"type":"Feature"},{"properties":{"intensity":0.0041721565772494425},"geometry":{"coordinates":[-16.40261991549015,28.29371985336075],"type":"Point"},"type":"Feature"},{"properties":{"intensity":0.004175634119072693},"geometry":{"coordinates":[-16.417821731726633,28.29899611925119],"type":"Point"},"type":"Feature"},{"properties":{"intensity":0.004183427384189718},"geometry":{"coordinates":[-16.41634146396967,28.305798562504304],"type":"Point"},"type":"Feature"},{"properties":{"intensity":0.0042350947253591885},"geometry":{"coordinates":[-16.41268213275644,28.30901341377069],"type":"Point"},"type":"Feature"},{"properties":{"intensity":0.025214921624663846},"geometry":{"coordinates":[-16.41057512504399,28.313954032343595],"type":"Point"},"type":"Feature"},{"properties":{"intensity":0.025928192909559798},"geometry":{"coordinates":[-16.40996718314398,28.315801489640947],"type":"Point"},"type":"Feature"},{"properties":{"intensity":0.023545742159183623},"geometry":{"coordinates":[-16.410080426133824,28.315881547899767],"type":"Point"},"type":"Feature"},{"properties":{"intensity":0.02284687244452239},"geometry":{"coordinates":[-16.411149098842333,28.313397551291366],"type":"Point"},"type":"Feature"},{"properties":{"intensity":0.008441498814138712},"geometry":{"coordinates":[-16.412782669073668,28.308904068746482],"type":"Point"},"type":"Feature"},{"properties":{"intensity":0.004177811013156092},"geometry":{"coordinates":[-16.41642423082092,28.305887957339767],"type":"Point"},"type":"Feature"},{"properties":{"intensity":0.00418245313176709},"geometry":{"coordinates":[-16.417883743784106,28.299058652819088],"type":"Point"},"type":"Feature"},{"properties":{"intensity":0.004170361531283122},"geometry":{"coordinates":[-16.40279276270313,28.293681976009857],"type":"Point"},"type":"Feature"},{"properties":{"intensity":0.0041732528017167135},"geometry":{"coordinates":[-16.402603787055543,28.28937879538134],"type":"Point"},"type":"Feature"},{"properties":{"intensity":0.004190808325176214},"geometry":{"coordinates":[-16.405627878864713,28.286730330695452],"type":"Point"},"type":"Feature"},{"properties":{"intensity":0.00422042946151244},"geometry":{"coordinates":[-16.405759103554146,28.285077329300112],"type":"Point"},"type":"Feature"},{"properties":{"intensity":0.004270273558900667},"geometry":{"coordinates":[-16.40748846128165,28.283227358402808],"type":"Point"},"type":"Feature"},{"properties":{"intensity":0.004452919005264287},"geometry":{"coordinates":[-16.40854706565625,28.280770557782816],"type":"Point"},"type":"Feature"},{"properties":{"intensity":0.00430469191723651},"geometry":{"coordinates":[-16.411584732210788,28.277634455725163],"type":"Point"},"type":"Feature"},{"properties":{"intensity":0.004316097595742053},"geometry":{"coordinates":[-16.413913153328345,28.274072412699816],"type":"Point"},"type":"Feature"},{"properties":{"intensity":0.004519387937789458},"geometry":{"coordinates":[-16.41756751973916,28.272112127404103],"type":"Point"},"type":"Feature"},{"properties":{"intensity":0.004206288249650766},"geometry":{"coordinates":[-16.422005538429154,28.269295204898725],"type":"Point"},"type":"Feature"},{"properties":{"intensity":0.004406867401439599},"geometry":{"coordinates":[-16.42246495448328,28.266275938621174],"type":"Point"},"type":"Feature"},{"properties":{"intensity":0.004286045479970786},"geometry":{"coordinates":[-16.42653906727528,28.26448253380169],"type":"Point"},"type":"Feature"},{"properties":{"intensity":0.01267784980088284},"geometry":{"coordinates":[-16.428187678807348,28.263508619300286],"type":"Point"},"type":"Feature"},{"properties":{"intensity":0.012817131946526467},"geometry":{"coordinates":[-16.42938342229323,28.26144735145204],"type":"Point"},"type":"Feature"},{"properties":{"intensity":0.012689831129455946},"geometry":{"coordinates":[-16.43163673193075,28.258436357070398],"type":"Point"},"type":"Feature"},{"properties":{"intensity":0.012526128039661829},"geometry":{"coordinates":[-16.432460999779043,28.25757030685635],"type":"Point"},"type":"Feature"},{"properties":{"intensity":0.012534096262858825},"geometry":{"coordinates":[-16.432225982112254,28.256002352033015],"type":"Point"},"type":"Feature"},{"properties":{"intensity":0.012696924750819082},"geometry":{"coordinates":[-16.432151200654445,28.253457974433886],"type":"Point"},"type":"Feature"},{"properties":{"intensity":0.012553515629727964},"geometry":{"coordinates":[-16.436946230174268,28.249987019469227],"type":"Point"},"type":"Feature"},{"properties":{"intensity":0.012546547012871995},"geometry":{"coordinates":[-16.437086887610295,28.245274285566484],"type":"Point"},"type":"Feature"},{"properties":{"intensity":0.012720754558041709},"geometry":{"coordinates":[-16.439799216938685,28.2400561416422],"type":"Point"},"type":"Feature"},{"properties":{"intensity":0.02579601859857695},"geometry":{"coordinates":[-16.442189964385566,28.23595146334653],"type":"Point"},"type":"Feature"},{"properties":{"intensity":0.02087561495361636},"geometry":{"coordinates":[-16.443478962993183,28.229502752017805],"type":"Point"},"type":"Feature"},{"properties":{"intensity":0.0208459367199706},"geometry":{"coordinates":[-16.446583893191487,28.22548973977471],"type":"Point"},"type":"Feature"},{"properties":{"intensity":0.018016303066445687},"geometry":{"coordinates":[-16.56002560227761,28.084821002089512],"type":"Point"},"type":"Feature"},{"properties":{"intensity":0.036628537047575446},"geometry":{"coordinates":[-16.556136017250772,28.086787568169903],"type":"Point"},"type":"Feature"},{"properties":{"intensity":9.984069541885564e-7},"geometry":{"coordinates":[-16.556681150180285,28.10270202305346],"type":"Point"},"type":"Feature"},{"properties":{"intensity":0.0041745507941260435},"geometry":{"coordinates":[-16.551440013681795,28.104160339506183],"type":"Point"},"type":"Feature"},{"properties":{"intensity":0.004194476191364586},"geometry":{"coordinates":[-16.55363006793063,28.112754702965606],"type":"Point"},"type":"Feature"},{"properties":{"intensity":0.004171973841743897},"geometry":{"coordinates":[-16.554975594483718,28.116412740516502],"type":"Point"},"type":"Feature"},{"properties":{"intensity":0.021044783233763697},"geometry":{"coordinates":[-16.553279957343808,28.128011397646336],"type":"Point"},"type":"Feature"},{"properties":{"intensity":0.020850680133680046},"geometry":{"coordinates":[-16.54982546250876,28.130613684080657],"type":"Point"},"type":"Feature"},{"properties":{"intensity":0.02086958910234873},"geometry":{"coordinates":[-16.545689553292,28.129730788491244],"type":"Point"},"type":"Feature"},{"properties":{"intensity":0.020838947049036438},"geometry":{"coordinates":[-16.543096990784736,28.132819578029917],"type":"Point"},"type":"Feature"},{"properties":{"intensity":0.021014699819724137},"geometry":{"coordinates":[-16.53255651304452,28.1326039228774],"type":"Point"},"type":"Feature"},{"properties":{"intensity":0.021229813097936662},"geometry":{"coordinates":[-16.530821507803008,28.134455454577736],"type":"Point"},"type":"Feature"},{"properties":{"intensity":0.01668465601345773},"geometry":{"coordinates":[-16.529470958846602,28.139723270291686],"type":"Point"},"type":"Feature"},{"properties":{"intensity":0.016870162374816648},"geometry":{"coordinates":[-16.52447889530524,28.14238722195333],"type":"Point"},"type":"Feature"},{"properties":{"intensity":0.017165629142372102},"geometry":{"coordinates":[-16.522561336611652,28.14359086248468],"type":"Point"},"type":"Feature"},{"properties":{"intensity":0.016752599729547887},"geometry":{"coordinates":[-16.520586255610894,28.146491877466858],"type":"Point"},"type":"Feature"},{"properties":{"intensity":0.016691166841016573},"geometry":{"coordinates":[-16.51596512701753,28.149503401292897],"type":"Point"},"type":"Feature"},{"properties":{"intensity":0.016727743060999303},"geometry":{"coordinates":[-16.507802544819832,28.15777947931579],"type":"Point"},"type":"Feature"},{"properties":{"intensity":0.0167207169697018},"geometry":{"coordinates":[-16.50515314506842,28.160570377031583],"type":"Point"},"type":"Feature"},{"properties":{"intensity":0.016768712967097532},"geometry":{"coordinates":[-16.505230873885374,28.163213948796905],"type":"Point"},"type":"Feature"},{"properties":{"intensity":0.01669139889640608},"geometry":{"coordinates":[-16.505815069685262,28.16711549841049],"type":"Point"},"type":"Feature"},{"properties":{"intensity":0.021465638152803224},"geometry":{"coordinates":[-16.500614983334888,28.165223107673206],"type":"Point"},"type":"Feature"},{"properties":{"intensity":0.017103375135749405},"geometry":{"coordinates":[-16.50065747687444,28.16534899693114],"type":"Point"},"type":"Feature"},{"properties":{"intensity":0.01667568691654202},"geometry":{"coordinates":[-16.506310363000473,28.166848316188453],"type":"Point"},"type":"Feature"},{"properties":{"intensity":0.016776028211094078},"geometry":{"coordinates":[-16.505343765127343,28.163275885316644],"type":"Point"},"type":"Feature"},{"properties":{"intensity":0.016696988457577625},"geometry":{"coordinates":[-16.505221263778797,28.16034399471253],"type":"Point"},"type":"Feature"},{"properties":{"intensity":0.01671552948847069},"geometry":{"coordinates":[-16.50770338119997,28.15797010317895],"type":"Point"},"type":"Feature"},{"properties":{"intensity":0.016682350192158957},"geometry":{"coordinates":[-16.516366259500753,28.149787772335614],"type":"Point"},"type":"Feature"},{"properties":{"intensity":0.016708936398249913},"geometry":{"coordinates":[-16.520575182395536,28.146428823074466],"type":"Point"},"type":"Feature"},{"properties":{"intensity":0.01697651800906855},"geometry":{"coordinates":[-16.522816615820613,28.14364217729558],"type":"Point"},"type":"Feature"},{"properties":{"intensity":0.01688382164284963},"geometry":{"coordinates":[-16.524390594019614,28.142622862847922],"type":"Point"},"type":"Feature"},{"properties":{"intensity":0.016695161291088167},"geometry":{"coordinates":[-16.529400082485008,28.139751137372194],"type":"Point"},"type":"Feature"},{"properties":{"intensity":0.020975915837106025},"geometry":{"coordinates":[-16.531168256674455,28.13449670722561],"type":"Point"},"type":"Feature"},{"properties":{"intensity":0.020952837716842615},"geometry":{"coordinates":[-16.533177972947907,28.132633072879305],"type":"Point"},"type":"Feature"},{"properties":{"intensity":0.02084953888916902},"geometry":{"coordinates":[-16.54300589321659,28.13285670493632],"type":"Point"},"type":"Feature"},{"properties":{"intensity":0.020853193222147924},"geometry":{"coordinates":[-16.545525392654913,28.129642386936176],"type":"Point"},"type":"Feature"},{"properties":{"intensity":0.01667643423567019},"geometry":{"coordinates":[-16.549807571312638,28.130785366694504],"type":"Point"},"type":"Feature"},{"properties":{"intensity":0.025070752655870963},"geometry":{"coordinates":[-16.553912351534425,28.12809448186232],"type":"Point"},"type":"Feature"},{"properties":{"intensity":0.016720809219996993},"geometry":{"coordinates":[-16.55710173352524,28.12970088198698],"type":"Point"},"type":"Feature"},{"properties":{"intensity":0.01250504913208048},"geometry":{"coordinates":[-16.559444612500638,28.129791571595174],"type":"Point"},"type":"Feature"},{"properties":{"intensity":0.01251458730102502},"geometry":{"coordinates":[-16.561418088733657,28.13108678850684],"type":"Point"},"type":"Feature"},{"properties":{"intensity":0.01250575490875026},"geometry":{"coordinates":[-16.56795427391241,28.128295567093268],"type":"Point"},"type":"Feature"},{"properties":{"intensity":0.016704544545210087},"geometry":{"coordinates":[-16.57450320806758,28.12918618697254],"type":"Point"},"type":"Feature"},{"properties":{"intensity":0.01687625436819707},"geometry":{"coordinates":[-16.576934152164167,28.125557175989627],"type":"Point"},"type":"Feature"},{"properties":{"intensity":0.017021340417927227},"geometry":{"coordinates":[-16.57683528042902,28.12506192639475],"type":"Point"},"type":"Feature"},{"properties":{"intensity":0.016728569987458884},"geometry":{"coordinates":[-16.57443406611193,28.12933138482375],"type":"Point"},"type":"Feature"},{"properties":{"intensity":0.016675983024411794},"geometry":{"coordinates":[-16.5679533544148,28.128232400947578],"type":"Point"},"type":"Feature"},{"properties":{"intensity":0.012517705316187072},"geometry":{"coordinates":[-16.56150957036184,28.131076720938562],"type":"Point"},"type":"Feature"},{"properties":{"intensity":0.01250246440227276},"geometry":{"coordinates":[-16.55965928722678,28.129852305507402],"type":"Point"},"type":"Feature"},{"properties":{"intensity":0.01674445060392103},"geometry":{"coordinates":[-16.55676112940182,28.129379841873703],"type":"Point"},"type":"Feature"},{"properties":{"intensity":0.016714383566987456},"geometry":{"coordinates":[-16.4991735042735,28.171403210783076],"type":"Point"},"type":"Feature"},{"properties":{"intensity":0.01676471238411005},"geometry":{"coordinates":[-16.49692061252171,28.17125637799516],"type":"Point"},"type":"Feature"},{"properties":{"intensity":0.01672645714585575},"geometry":{"coordinates":[-16.491133502605763,28.17110291585866],"type":"Point"},"type":"Feature"},{"properties":{"intensity":0.016744760810698263},"geometry":{"coordinates":[-16.491702513045297,28.173208652943853],"type":"Point"},"type":"Feature"},{"properties":{"intensity":0.016678488146888104},"geometry":{"coordinates":[-16.490095221139875,28.174083564810832],"type":"Point"},"type":"Feature"},{"properties":{"intensity":0.012515648749638635},"geometry":{"coordinates":[-16.486189716897492,28.18038059615087],"type":"Point"},"type":"Feature"},{"properties":{"intensity":0.016806746650709265},"geometry":{"coordinates":[-16.482736605346727,28.17889275340999],"type":"Point"},"type":"Feature"},{"properties":{"intensity":0.016743060926914504},"geometry":{"coordinates":[-16.479983194559885,28.180872030139835],"type":"Point"},"type":"Feature"},{"properties":{"intensity":0.017096207730829597},"geometry":{"coordinates":[-16.480122804376915,28.182134073649355],"type":"Point"},"type":"Feature"},{"properties":{"intensity":0.00001133138183517769},"geometry":{"coordinates":[-16.4777514559058,28.182277023810546],"type":"Point"},"type":"Feature"},{"properties":{"intensity":0.0000025804299675125776},"geometry":{"coordinates":[-16.46979199024856,28.181965600559813],"type":"Point"},"type":"Feature"},{"properties":{"intensity":7.741289902537732e-7},"geometry":{"coordinates":[-16.466068612667055,28.180814174337364],"type":"Point"},"type":"Feature"},{"properties":{"intensity":0.000002890448178750542},"geometry":{"coordinates":[-16.460115699552635,28.179740595142135],"type":"Point"},"type":"Feature"},{"properties":{"intensity":0.0000012079523218188114},"geometry":{"coordinates":[-16.44920399952776,28.180289764989336],"type":"Point"},"type":"Feature"},{"properties":{"intensity":8.226266193747763e-8},"geometry":{"coordinates":[-16.44186934783104,28.173390527228666],"type":"Point"},"type":"Feature"},{"properties":{"intensity":6.208586773176428e-7},"geometry":{"coordinates":[-16.436380723967734,28.171191846133866],"type":"Point"},"type":"Feature"},{"properties":{"intensity":0.00002084071927595149},"geometry":{"coordinates":[-16.43439570037963,28.168216191039768],"type":"Point"},"type":"Feature"},{"properties":{"intensity":0.00007179166245354724},"geometry":{"coordinates":[-16.43054421951413,28.1665596865273],"type":"Point"},"type":"Feature"},{"properties":{"intensity":0.00008544296449496111},"geometry":{"coordinates":[-16.433502171908156,28.163071986314105],"type":"Point"},"type":"Feature"},{"properties":{"intensity":0.000030717549369496784},"geometry":{"coordinates":[-16.430981095256044,28.151933786870284],"type":"Point"},"type":"Feature"},{"properties":{"intensity":0.00008294947416159112},"geometry":{"coordinates":[-16.433292422058972,28.16338104887078],"type":"Point"},"type":"Feature"},{"properties":{"intensity":0.00005105792606909085},"geometry":{"coordinates":[-16.430382249682506,28.166633582529464],"type":"Point"},"type":"Feature"},{"properties":{"intensity":0.000044753354858512966},"geometry":{"coordinates":[-16.43430368988241,28.168190078341564],"type":"Point"},"type":"Feature"},{"properties":{"intensity":0.00001703248229526644},"geometry":{"coordinates":[-16.436217787322086,28.1711935553039],"type":"Point"},"type":"Feature"},{"properties":{"intensity":9.72419346945203e-7},"geometry":{"coordinates":[-16.441932023566324,28.17350719833439],"type":"Point"},"type":"Feature"},{"properties":{"intensity":0.000005374705142862827},"geometry":{"coordinates":[-16.459943425443083,28.179805610474638],"type":"Point"},"type":"Feature"},{"properties":{"intensity":9.499093250675534e-7},"geometry":{"coordinates":[-16.466282975760464,28.18084798005134],"type":"Point"},"type":"Feature"},{"properties":{"intensity":0.0000020755989849488868},"geometry":{"coordinates":[-16.469955928197653,28.182036043436376],"type":"Point"},"type":"Feature"},{"properties":{"intensity":0.0000075247893641760705},"geometry":{"coordinates":[-16.47770177467735,28.18236781395887],"type":"Point"},"type":"Feature"},{"properties":{"intensity":0.01708513679076485},"geometry":{"coordinates":[-16.480305128798467,28.18205989908811],"type":"Point"},"type":"Feature"},{"properties":{"intensity":0.016742047153675166},"geometry":{"coordinates":[-16.480423355021138,28.18102972749697],"type":"Point"},"type":"Feature"},{"properties":{"intensity":0.01674314932249233},"geometry":{"coordinates":[-16.482707173498184,28.17897430056342],"type":"Point"},"type":"Feature"},{"properties":{"intensity":0.016679336761114723},"geometry":{"coordinates":[-16.486231951044434,28.180488442012336],"type":"Point"},"type":"Feature"},{"properties":{"intensity":0.016685502983174665},"geometry":{"coordinates":[-16.48992985435568,28.17464493710429],"type":"Point"},"type":"Feature"},{"properties":{"intensity":0.016733137809399515},"geometry":{"coordinates":[-16.49172137751581,28.1731001430672],"type":"Point"},"type":"Feature"},{"properties":{"intensity":0.01672180193915813},"geometry":{"coordinates":[-16.49121459339696,28.171074956625066],"type":"Point"},"type":"Feature"},{"properties":{"intensity":0.016758093494848025},"geometry":{"coordinates":[-16.496718454522753,28.1713668922209],"type":"Point"},"type":"Feature"},{"properties":{"intensity":0.016692060475286947},"geometry":{"coordinates":[-16.499135665053824,28.1716112080716],"type":"Point"},"type":"Feature"},{"properties":{"intensity":0.016695818570128827},"geometry":{"coordinates":[-16.449834603572807,28.219462451753483],"type":"Point"},"type":"Feature"},{"properties":{"intensity":0.01667146123333576},"geometry":{"coordinates":[-16.451461876174168,28.21773036676884],"type":"Point"},"type":"Feature"},{"properties":{"intensity":0.008338546990737689},"geometry":{"coordinates":[-16.4520850840028,28.21559375798065],"type":"Point"},"type":"Feature"},{"properties":{"intensity":0.008344530477292089},"geometry":{"coordinates":[-16.452457767780707,28.21151031984801],"type":"Point"},"type":"Feature"},{"properties":{"intensity":0.012505870936445012},"geometry":{"coordinates":[-16.453005784104697,28.206080231314072],"type":"Point"},"type":"Feature"},{"properties":{"intensity":0.012525477904357901},"geometry":{"coordinates":[-16.456492647023925,28.204761547882025],"type":"Point"},"type":"Feature"},{"properties":{"intensity":0.012511204921384326},"geometry":{"coordinates":[-16.457534926269926,28.202737783661572],"type":"Point"},"type":"Feature"},{"properties":{"intensity":0.012501361222634757},"geometry":{"coordinates":[-16.469180516200442,28.200564470099337],"type":"Point"},"type":"Feature"},{"properties":{"intensity":0.01253653056625013},"geometry":{"coordinates":[-16.471307567136808,28.19668777870632],"type":"Point"},"type":"Feature"},{"properties":{"intensity":0.012559879885587755},"geometry":{"coordinates":[-16.476677909632212,28.192360931839794],"type":"Point"},"type":"Feature"},{"properties":{"intensity":0.012523126052194529},"geometry":{"coordinates":[-16.47992961505336,28.18955501930841],"type":"Point"},"type":"Feature"},{"properties":{"intensity":0.012505807706219587},"geometry":{"coordinates":[-16.48113607441068,28.184704370544416],"type":"Point"},"type":"Feature"},{"properties":{"intensity":0.01251406590437047},"geometry":{"coordinates":[-16.481255802029963,28.184522567510065],"type":"Point"},"type":"Feature"},{"properties":{"intensity":0.012515945868329251},"geometry":{"coordinates":[-16.479828758590813,28.189628312800345],"type":"Point"},"type":"Feature"},{"properties":{"intensity":0.012530686251101207},"geometry":{"coordinates":[-16.4762773321661,28.192121568430526],"type":"Point"},"type":"Feature"},{"properties":{"intensity":0.01264861178004138},"geometry":{"coordinates":[-16.47150992311621,28.196586323673344],"type":"Point"},"type":"Feature"},{"properties":{"intensity":0.012524871589710888},"geometry":{"coordinates":[-16.46913927768593,28.200528811365736],"type":"Point"},"type":"Feature"},{"properties":{"intensity":0.012503519084281642},"geometry":{"coordinates":[-16.4577652939586,28.202446516544605],"type":"Point"},"type":"Feature"},{"properties":{"intensity":0.012531273344745707},"geometry":{"coordinates":[-16.45642060616773,28.2047081623622],"type":"Point"},"type":"Feature"},{"properties":{"intensity":0.01250825737589604},"geometry":{"coordinates":[-16.452982723829386,28.205881917221756],"type":"Point"},"type":"Feature"},{"properties":{"intensity":0.008336855895200343},"geometry":{"coordinates":[-16.45225451034862,28.211548579445573],"type":"Point"},"type":"Feature"},{"properties":{"intensity":0.012507082366352198},"geometry":{"coordinates":[-16.45204579842435,28.215702479821807],"type":"Point"},"type":"Feature"},{"properties":{"intensity":0.01667293766141043},"geometry":{"coordinates":[-16.451409960339003,28.217658714503436],"type":"Point"},"type":"Feature"},{"properties":{"intensity":0.020882904398571663},"geometry":{"coordinates":[-16.449446289728698,28.22013444711143],"type":"Point"},"type":"Feature"},{"properties":{"intensity":0.004252525878000365},"geometry":{"coordinates":[-16.554916090039843,28.116521718836253],"type":"Point"},"type":"Feature"},{"properties":{"intensity":0.0041787912099286095},"geometry":{"coordinates":[-16.55381274201115,28.11271653166788],"type":"Point"},"type":"Feature"},{"properties":{"intensity":0.004175558811581487},"geometry":{"coordinates":[-16.551532772347276,28.104240517810695],"type":"Point"},"type":"Feature"},{"properties":{"intensity":0.000003119025982892743},"geometry":{"coordinates":[-16.556545078036432,28.102441833985047],"type":"Point"},"type":"Feature"},{"properties":{"intensity":0.00001865440325729663},"geometry":{"coordinates":[-16.556179710601103,28.08699465482439],"type":"Point"},"type":"Feature"},{"properties":{"intensity":0.013301170482530194},"geometry":{"coordinates":[-16.560078172263815,28.084937733332012],"type":"Point"},"type":"Feature"},{"properties":{"intensity":0.11565444751561178},"geometry":{"coordinates":[-16.72648723882523,28.068197807544525],"type":"Point"},"type":"Feature"},{"properties":{"intensity":0.09136659617740217},"geometry":{"coordinates":[-16.726306518552207,28.067712735836714],"type":"Point"},"type":"Feature"},{"properties":{"intensity":0.008343717461173968},"geometry":{"coordinates":[-16.65172540739654,28.136679565884844],"type":"Point"},"type":"Feature"},{"properties":{"intensity":0.008350242199074273},"geometry":{"coordinates":[-16.657623887020495,28.125670022395685],"type":"Point"},"type":"Feature"},{"properties":{"intensity":0.008360966632573595},"geometry":{"coordinates":[-16.665459104708273,28.12544868717262],"type":"Point"},"type":"Feature"},{"properties":{"intensity":0.012735728625306317},"geometry":{"coordinates":[-16.665348080703996,28.118924959028405],"type":"Point"},"type":"Feature"},{"properties":{"intensity":0.008479306062163133},"geometry":{"coordinates":[-16.672253071887475,28.119797546844055],"type":"Point"},"type":"Feature"},{"properties":{"intensity":0.008367104023129776},"geometry":{"coordinates":[-16.67292921513714,28.117451824771887],"type":"Point"},"type":"Feature"},{"properties":{"intensity":0.004219962438846055},"geometry":{"coordinates":[-16.684582773508286,28.1049719835599],"type":"Point"},"type":"Feature"},{"properties":{"intensity":0.004210242990339654},"geometry":{"coordinates":[-16.682516772476376,28.099762859228615],"type":"Point"},"type":"Feature"},{"properties":{"intensity":0.028560723506868207},"geometry":{"coordinates":[-16.78191759643281,28.212154796046065],"type":"Point"},"type":"Feature"},{"properties":{"intensity":0.000011399734155652355},"geometry":{"coordinates":[-16.789707336919317,28.217413681376105],"type":"Point"},"type":"Feature"},{"properties":{"intensity":9.871519432497317e-7},"geometry":{"coordinates":[-16.794931995922962,28.219123045046],"type":"Point"},"type":"Feature"},{"properties":{"intensity":7.628739793149483e-7},"geometry":{"coordinates":[-16.794633277045197,28.214055170176355],"type":"Point"},"type":"Feature"},{"properties":{"intensity":0.000011469097296967578},"geometry":{"coordinates":[-16.796117553299613,28.20838631868712],"type":"Point"},"type":"Feature"},{"properties":{"intensity":0.0000037208522236984403},"geometry":{"coordinates":[-16.79608659693966,28.205318376690354],"type":"Point"},"type":"Feature"},{"properties":{"intensity":0.000001780313370015451},"geometry":{"coordinates":[-16.79612474269575,28.20029119647988],"type":"Point"},"type":"Feature"},{"properties":{"intensity":0.0000017275159006870304},"geometry":{"coordinates":[-16.79324144107371,28.1953835524758],"type":"Point"},"type":"Feature"},{"properties":{"intensity":0.000005332340429631518},"geometry":{"coordinates":[-16.800389762053655,28.19280792980022],"type":"Point"},"type":"Feature"},{"properties":{"intensity":4.935759716248657e-7},"geometry":{"coordinates":[-16.801660728735172,28.189027961104024],"type":"Point"},"type":"Feature"},{"properties":{"intensity":0.000027256196086234182},"geometry":{"coordinates":[-16.806593763571183,28.18800632593018],"type":"Point"},"type":"Feature"},{"properties":{"intensity":0.0000021916266797028394},"geometry":{"coordinates":[-16.808018083593378,28.186092361732822],"type":"Point"},"type":"Feature"},{"properties":{"intensity":0.00010058833909471585},"geometry":{"coordinates":[-16.812588267569662,28.1847053032739],"type":"Point"},"type":"Feature"},{"properties":{"intensity":0.00018182148437571245},"geometry":{"coordinates":[-16.812455128691546,28.184661943790562],"type":"Point"},"type":"Feature"},{"properties":{"intensity":0.0000227925131405733},"geometry":{"coordinates":[-16.807985712453263,28.18598449482205],"type":"Point"},"type":"Feature"},{"properties":{"intensity":0.000009142410485998841},"geometry":{"coordinates":[-16.806244650449774,28.187839467676557],"type":"Point"},"type":"Feature"},{"properties":{"intensity":0.0000026817250659620014},"geometry":{"coordinates":[-16.801557684415926,28.188957121177697],"type":"Point"},"type":"Feature"},{"properties":{"intensity":0.000007928325248290338},"geometry":{"coordinates":[-16.8002671033566,28.192782469890666],"type":"Point"},"type":"Feature"},{"properties":{"intensity":0.0000013127250056339386},"geometry":{"coordinates":[-16.793149483462717,28.195366708446457],"type":"Point"},"type":"Feature"},{"properties":{"intensity":9.273993031899039e-7},"geometry":{"coordinates":[-16.796081590080938,28.20014736998982],"type":"Point"},"type":"Feature"},{"properties":{"intensity":0.000008787372231005578},"geometry":{"coordinates":[-16.795983539785375,28.20524753327365],"type":"Point"},"type":"Feature"},{"properties":{"intensity":0.000009820366472852323},"geometry":{"coordinates":[-16.796235630374436,28.208745750298515],"type":"Point"},"type":"Feature"},{"properties":{"intensity":0.000004835286872640948},"geometry":{"coordinates":[-16.794499051194066,28.213948636735292],"type":"Point"},"type":"Feature"},{"properties":{"intensity":0.00010319640117915521},"geometry":{"coordinates":[-16.794788935231708,28.21909784902543],"type":"Point"},"type":"Feature"},{"properties":{"intensity":0.000002202881690641664},"geometry":{"coordinates":[-16.78973639043659,28.217323055576493],"type":"Point"},"type":"Feature"},{"properties":{"intensity":0.004176991041867241},"geometry":{"coordinates":[-16.58000701638777,28.117119310436383],"type":"Point"},"type":"Feature"},{"properties":{"intensity":0.000004588498886828516},"geometry":{"coordinates":[-16.594846919302952,28.12731740333853],"type":"Point"},"type":"Feature"},{"properties":{"intensity":0.00002906350788433355},"geometry":{"coordinates":[-16.599852991412703,28.13262000295631],"type":"Point"},"type":"Feature"},{"properties":{"intensity":0.000052430403714784616},"geometry":{"coordinates":[-16.59265473794154,28.132595547292304],"type":"Point"},"type":"Feature"},{"properties":{"intensity":0.00001792611656563987},"geometry":{"coordinates":[-16.579854350095903,28.11712106988852],"type":"Point"},"type":"Feature"},{"properties":{"intensity":0.00021829831032652068},"geometry":{"coordinates":[-16.79564813614448,28.18092169040636],"type":"Point"},"type":"Feature"},{"properties":{"intensity":0.00028042306518615055},"geometry":{"coordinates":[-16.790695860371784,28.180165329834406],"type":"Point"},"type":"Feature"},{"properties":{"intensity":0.00003830006973205156},"geometry":{"coordinates":[-16.78551981030401,28.18126175271785],"type":"Point"},"type":"Feature"},{"properties":{"intensity":0.00024081621479835595},"geometry":{"coordinates":[-16.766321925002696,28.18812591605081],"type":"Point"},"type":"Feature"},{"properties":{"intensity":0.00024104080190344212},"geometry":{"coordinates":[-16.76633374027588,28.188225034791905],"type":"Point"},"type":"Feature"},{"properties":{"intensity":0.000014356890145194133},"geometry":{"coordinates":[-16.785561590669197,28.181324379990027],"type":"Point"},"type":"Feature"},{"properties":{"intensity":0.00026171535134583517},"geometry":{"coordinates":[-16.79092408776854,28.18041503270435],"type":"Point"},"type":"Feature"},{"properties":{"intensity":0.00025857407189790996},"geometry":{"coordinates":[-16.795855860152475,28.18116262898219],"type":"Point"},"type":"Feature"},{"properties":{"intensity":0.024797092888308742},"geometry":{"coordinates":[-16.365314505650773,28.36748385764829],"type":"Point"},"type":"Feature"},{"properties":{"intensity":0.012022649328199509},"geometry":{"coordinates":[-16.363673093229185,28.370785533474244],"type":"Point"},"type":"Feature"},{"properties":{"intensity":0.021388338326873407},"geometry":{"coordinates":[-16.36771556574246,28.36295611496061],"type":"Point"},"type":"Feature"},{"properties":{"intensity":0.017845490343415704},"geometry":{"coordinates":[-16.374560107678455,28.29622548405738],"type":"Point"},"type":"Feature"},{"properties":{"intensity":0.01094079382197352},"geometry":{"coordinates":[-16.73397542894849,28.08845449612057],"type":"Point"},"type":"Feature"},{"properties":{"intensity":0.018577376436756148},"geometry":{"coordinates":[-16.817723462718735,28.179998592565276],"type":"Point"},"type":"Feature"},{"properties":{"intensity":0.02705465005305272},"geometry":{"coordinates":[-16.817316824506175,28.183054281714963],"type":"Point"},"type":"Feature"},{"properties":{"intensity":0.023252017194822592},"geometry":{"coordinates":[-16.37158174437741,28.357330553201336],"type":"Point"},"type":"Feature"},{"properties":{"intensity":0.02038534177321511},"geometry":{"coordinates":[-16.37160818038182,28.35779960785955],"type":"Point"},"type":"Feature"},{"properties":{"intensity":0.01654421719889957},"geometry":{"coordinates":[-16.73267229361244,28.12008500680263],"type":"Point"},"type":"Feature"},{"properties":{"intensity":0.018338452101921632},"geometry":{"coordinates":[-16.372274855400292,28.35648421702661],"type":"Point"},"type":"Feature"},{"properties":{"intensity":0.06104546458669412},"geometry":{"coordinates":[-16.727246045837198,28.066022281742736],"type":"Point"},"type":"Feature"},{"properties":{"intensity":0.06169684708227851},"geometry":{"coordinates":[-16.726577714971654,28.064947701767128],"type":"Point"},"type":"Feature"},{"properties":{"intensity":0.000058206434534081736},"geometry":{"coordinates":[-16.738718551832356,28.124484751727678],"type":"Point"},"type":"Feature"},{"properties":{"intensity":0.01379167803637441},"geometry":{"coordinates":[-16.732285767751588,28.114404246719776],"type":"Point"},"type":"Feature"},{"properties":{"intensity":0.015626766768723446},"geometry":{"coordinates":[-16.41953120369707,28.337877584433755],"type":"Point"},"type":"Feature"},{"properties":{"intensity":0.019724824919210855},"geometry":{"coordinates":[-16.36896595832369,28.35862039877792],"type":"Point"},"type":"Feature"},{"properties":{"intensity":0.0000079647456116308},"geometry":{"coordinates":[-16.76333509209883,28.186115833596475],"type":"Point"},"type":"Feature"},{"properties":{"intensity":0.00004013318057139543},"geometry":{"coordinates":[-16.763727242289754,28.186426643892865],"type":"Point"},"type":"Feature"},{"properties":{"intensity":0.0000042074730245918985},"geometry":{"coordinates":[-16.761302732407163,28.18267652803239],"type":"Point"},"type":"Feature"},{"properties":{"intensity":8.676466631300757e-7},"geometry":{"coordinates":[-16.761047526725406,28.181398307354844],"type":"Point"},"type":"Feature"},{"properties":{"intensity":0.000004727036603460117},"geometry":{"coordinates":[-16.758582656572184,28.178903085313035],"type":"Point"},"type":"Feature"},{"properties":{"intensity":0.000007397506658483294},"geometry":{"coordinates":[-16.750904628517933,28.176483616357658],"type":"Point"},"type":"Feature"},{"properties":{"intensity":0.00001469454047335888},"geometry":{"coordinates":[-16.747778604120906,28.17652356356827],"type":"Point"},"type":"Feature"},{"properties":{"intensity":0.00016620163423169108},"geometry":{"coordinates":[-16.744033147074788,28.174793460096705],"type":"Point"},"type":"Feature"},{"properties":{"intensity":0.00000229987694888367},"geometry":{"coordinates":[-16.75744116470469,28.17885457265425],"type":"Point"},"type":"Feature"},{"properties":{"intensity":0.00477922863583756},"geometry":{"coordinates":[-16.619718433069984,28.055528446368545],"type":"Point"},"type":"Feature"},{"properties":{"intensity":0.004746197351762023},"geometry":{"coordinates":[-16.616708493477454,28.05630399235104],"type":"Point"},"type":"Feature"},{"properties":{"intensity":0.004768215803903188},"geometry":{"coordinates":[-16.621475586514205,28.054659335401226],"type":"Point"},"type":"Feature"},{"properties":{"intensity":0.004830510274172589},"geometry":{"coordinates":[-16.61641787674414,28.055919330621713],"type":"Point"},"type":"Feature"},{"properties":{"intensity":0.005046156030891145},"geometry":{"coordinates":[-16.783004531768423,28.226065551481494],"type":"Point"},"type":"Feature"},{"properties":{"intensity":0.0004043722877705803},"geometry":{"coordinates":[-16.728237696674025,28.077760216748167],"type":"Point"},"type":"Feature"},{"properties":{"intensity":0.014111684749288644},"geometry":{"coordinates":[-16.733108208940035,28.11870772186305],"type":"Point"},"type":"Feature"},{"properties":{"intensity":0.004256999103456435},"geometry":{"coordinates":[-16.371996264498325,28.34354459015191],"type":"Point"},"type":"Feature"},{"properties":{"intensity":0.004836086354718971},"geometry":{"coordinates":[-16.364946354104333,28.329129502664905],"type":"Point"},"type":"Feature"},{"properties":{"intensity":0.0003035112936579612},"geometry":{"coordinates":[-16.692926089771035,28.024321096950136],"type":"Point"},"type":"Feature"},{"properties":{"intensity":0.0002470224553821597},"geometry":{"coordinates":[-16.69576207549874,28.023573141929425],"type":"Point"},"type":"Feature"},{"properties":{"intensity":0.00024479687510364155},"geometry":{"coordinates":[-16.70162831077429,28.024737036746995],"type":"Point"},"type":"Feature"},{"properties":{"intensity":0.0001211768917329606},"geometry":{"coordinates":[-16.703677406449586,28.026336144195955],"type":"Point"},"type":"Feature"},{"properties":{"intensity":0.0002619030203804307},"geometry":{"coordinates":[-16.69861966285558,28.023555890276715],"type":"Point"},"type":"Feature"},{"properties":{"intensity":0.0001810463445646181},"geometry":{"coordinates":[-16.69260931524728,28.024225724594857],"type":"Point"},"type":"Feature"},{"properties":{"intensity":0.0001280783556552939},"geometry":{"coordinates":[-16.666077767480076,28.03103007697484],"type":"Point"},"type":"Feature"},{"properties":{"intensity":0.009920217695492773},"geometry":{"coordinates":[-16.65855357714092,28.050416836795762],"type":"Point"},"type":"Feature"},{"properties":{"intensity":0.009088720158440826},"geometry":{"coordinates":[-16.665107924775317,28.04994942579185],"type":"Point"},"type":"Feature"},{"properties":{"intensity":0.00007037700866062102},"geometry":{"coordinates":[-16.444102257293224,28.144738150219485],"type":"Point"},"type":"Feature"},{"properties":{"intensity":0.00004231804064636571},"geometry":{"coordinates":[-16.442015176906295,28.14400199004631],"type":"Point"},"type":"Feature"},{"properties":{"intensity":0.000008930209787844598},"geometry":{"coordinates":[-16.440623153673737,28.14194076560695],"type":"Point"},"type":"Feature"},{"properties":{"intensity":0.000018097597060246234},"geometry":{"coordinates":[-16.442948960294494,28.142259261151466],"type":"Point"},"type":"Feature"},{"properties":{"intensity":0.000038353878022220546},"geometry":{"coordinates":[-16.450099739761626,28.14549612312753],"type":"Point"},"type":"Feature"},{"properties":{"intensity":0.00008356217828133796},"geometry":{"coordinates":[-16.462083146288915,28.12139709262574],"type":"Point"},"type":"Feature"},{"properties":{"intensity":0.00010091959995014573},"geometry":{"coordinates":[-16.46359129558215,28.124503817386728],"type":"Point"},"type":"Feature"},{"properties":{"intensity":0.00015559531805964965},"geometry":{"coordinates":[-16.474460671441282,28.11607487260651],"type":"Point"},"type":"Feature"},{"properties":{"intensity":0.00008601880312852345},"geometry":{"coordinates":[-16.476627343613558,28.10332563414756],"type":"Point"},"type":"Feature"},{"properties":{"intensity":0.000022921628921948357},"geometry":{"coordinates":[-16.474829066808844,28.105799917147795],"type":"Point"},"type":"Feature"},{"properties":{"intensity":0.00004720100289328595},"geometry":{"coordinates":[-16.470584552295037,28.110277016801774],"type":"Point"},"type":"Feature"},{"properties":{"intensity":0.0003899518582588093},"geometry":{"coordinates":[-16.48326976544315,28.10006796052521],"type":"Point"},"type":"Feature"},{"properties":{"intensity":0.005245652120654859},"geometry":{"coordinates":[-16.77532970752158,28.128500693103526],"type":"Point"},"type":"Feature"},{"properties":{"intensity":0.023114378144974062},"geometry":{"coordinates":[-16.540599368203353,28.049922778612647],"type":"Point"},"type":"Feature"},{"properties":{"intensity":0.012760097421082861},"geometry":{"coordinates":[-16.369655720528137,28.359895077682765],"type":"Point"},"type":"Feature"},{"properties":{"intensity":0.01509761346637065},"geometry":{"coordinates":[-16.371187258374277,28.359184727342743],"type":"Point"},"type":"Feature"},{"properties":{"intensity":0.000007772399604830218},"geometry":{"coordinates":[-16.636324610027977,28.097343508033152],"type":"Point"},"type":"Feature"},{"properties":{"intensity":0.000009137099824950864},"geometry":{"coordinates":[-16.614256388213615,28.110709549980413],"type":"Point"},"type":"Feature"},{"properties":{"intensity":0.053230915163375504},"geometry":{"coordinates":[-16.7533610639124,28.10221457294974],"type":"Point"},"type":"Feature"},{"properties":{"intensity":0.004899103680443827},"geometry":{"coordinates":[-16.77594185916885,28.131669456358797],"type":"Point"},"type":"Feature"},{"properties":{"intensity":0.001415442887985465},"geometry":{"coordinates":[-16.77681481932341,28.134600190648605],"type":"Point"},"type":"Feature"},{"properties":{"intensity":0.0008089566402576223},"geometry":{"coordinates":[-16.77718168753566,28.13462250700168],"type":"Point"},"type":"Feature"},{"properties":{"intensity":7.628739793149483e-7},"geometry":{"coordinates":[-16.793693723967525,28.2187963591016],"type":"Point"},"type":"Feature"},{"properties":{"intensity":0.000004196218013653073},"geometry":{"coordinates":[-16.793569377388305,28.21867164630667],"type":"Point"},"type":"Feature"},{"properties":{"intensity":0.004211120881192882},"geometry":{"coordinates":[-16.834421598705028,28.235158856416067],"type":"Point"},"type":"Feature"},{"properties":{"intensity":0.008368561607333928},"geometry":{"coordinates":[-16.835459731944756,28.225560990917113],"type":"Point"},"type":"Feature"},{"properties":{"intensity":0.008414560225123288},"geometry":{"coordinates":[-16.834713326547934,28.22600418072831],"type":"Point"},"type":"Feature"},{"properties":{"intensity":0.009803584925333583},"geometry":{"coordinates":[-16.834497850796552,28.234851003085666],"type":"Point"},"type":"Feature"},{"properties":{"intensity":0.004191638917787161},"geometry":{"coordinates":[-16.802840351294964,28.28526773953795],"type":"Point"},"type":"Feature"},{"properties":{"intensity":0.004195027875466587},"geometry":{"coordinates":[-16.803052873834236,28.285174689012965],"type":"Point"},"type":"Feature"},{"properties":{"intensity":0.004298717596060522},"geometry":{"coordinates":[-16.77516424310097,28.13204954470411],"type":"Point"},"type":"Feature"},{"properties":{"intensity":0.030591284889652678},"geometry":{"coordinates":[-16.841257568053148,28.23210695140741],"type":"Point"},"type":"Feature"},{"properties":{"intensity":0.02915691746910553},"geometry":{"coordinates":[-16.841433540073,28.2322670204502],"type":"Point"},"type":"Feature"},{"properties":{"intensity":0.020526337960498953},"geometry":{"coordinates":[-16.705944334841,28.054628448330718],"type":"Point"},"type":"Feature"},{"properties":{"intensity":0.03030224555256153},"geometry":{"coordinates":[-16.70626967126307,28.054615380187663],"type":"Point"},"type":"Feature"},{"properties":{"intensity":0.018957238370469767},"geometry":{"coordinates":[-16.701284158027434,28.05715912584159],"type":"Point"},"type":"Feature"},{"properties":{"intensity":0.01879116585201945},"geometry":{"coordinates":[-16.70223359455624,28.056723181645584],"type":"Point"},"type":"Feature"},{"properties":{"intensity":0.02330217881588425},"geometry":{"coordinates":[-16.70786498215221,28.05449626836388],"type":"Point"},"type":"Feature"},{"properties":{"intensity":0.0001434633745041308},"geometry":{"coordinates":[-16.69599990838873,28.02382290726153],"type":"Point"},"type":"Feature"},{"properties":{"intensity":0.00006058876271090173},"geometry":{"coordinates":[-16.699223137632384,28.023774053375686],"type":"Point"},"type":"Feature"},{"properties":{"intensity":0.00006827112222822134},"geometry":{"coordinates":[-16.703361754525574,28.02631298340511],"type":"Point"},"type":"Feature"},{"properties":{"intensity":0.000011721007377829144},"geometry":{"coordinates":[-16.43441764075631,28.160697718472218],"type":"Point"},"type":"Feature"},{"properties":{"intensity":0.000034347539250842915},"geometry":{"coordinates":[-16.434365524669037,28.160608009236597],"type":"Point"},"type":"Feature"},{"properties":{"intensity":0.00003627214612138196},"geometry":{"coordinates":[-16.4630841309622,28.1313866495831],"type":"Point"},"type":"Feature"},{"properties":{"intensity":0.00022240196890383184},"geometry":{"coordinates":[-16.462982089257974,28.13136968794741],"type":"Point"},"type":"Feature"},{"properties":{"intensity":0.0000010321719870050311},"geometry":{"coordinates":[-16.414338643563458,28.220574209025195],"type":"Point"},"type":"Feature"},{"properties":{"intensity":0.004169531127238174},"geometry":{"coordinates":[-16.413140647200105,28.22245486620193],"type":"Point"},"type":"Feature"},{"properties":{"intensity":0.004168742265651616},"geometry":{"coordinates":[-16.414576187087224,28.22081544018319],"type":"Point"},"type":"Feature"},{"properties":{"intensity":0.041712338136356344},"geometry":{"coordinates":[-16.730062951709336,28.08117569540218],"type":"Point"},"type":"Feature"},{"properties":{"intensity":0.05124586921204425},"geometry":{"coordinates":[-16.73048652657485,28.08030396472657],"type":"Point"},"type":"Feature"},{"properties":{"intensity":0.009651357291496085},"geometry":{"coordinates":[-16.4181764955575,28.336492751233664],"type":"Point"},"type":"Feature"},{"properties":{"intensity":0.015416388341717718},"geometry":{"coordinates":[-16.419927060916265,28.33542760249117],"type":"Point"},"type":"Feature"},{"properties":{"intensity":0.005356303054954302},"geometry":{"coordinates":[-16.646199806895176,28.006730287861412],"type":"Point"},"type":"Feature"},{"properties":{"intensity":0.003958090049375107},"geometry":{"coordinates":[-16.643423110473734,28.006691316359937],"type":"Point"},"type":"Feature"},{"properties":{"intensity":0.012352628887108679},"geometry":{"coordinates":[-16.641614798629575,28.008147934221128],"type":"Point"},"type":"Feature"},{"properties":{"intensity":0.07155961554029326},"geometry":{"coordinates":[-16.64221105380275,28.01125450410135],"type":"Point"},"type":"Feature"},{"properties":{"intensity":0.08164101397733078},"geometry":{"coordinates":[-16.71092919769755,28.055270360920282],"type":"Point"},"type":"Feature"},{"properties":{"intensity":0.018161951808133226},"geometry":{"coordinates":[-16.58033756197834,28.057693204425195],"type":"Point"},"type":"Feature"},{"properties":{"intensity":0.009007897074498372},"geometry":{"coordinates":[-16.665197656131433,28.04983101136863],"type":"Point"},"type":"Feature"},{"properties":{"intensity":0.011534935325249095},"geometry":{"coordinates":[-16.65830794828327,28.0503205275563],"type":"Point"},"type":"Feature"},{"properties":{"intensity":0.05137231577700224},"geometry":{"coordinates":[-16.562161905125436,28.068596253751775],"type":"Point"},"type":"Feature"},{"properties":{"intensity":0.03768128213254128},"geometry":{"coordinates":[-16.611853915256773,28.049366529707893],"type":"Point"},"type":"Feature"},{"properties":{"intensity":0.020225254790737356},"geometry":{"coordinates":[-16.7429016147506,28.127581275221853],"type":"Point"},"type":"Feature"},{"properties":{"intensity":0.004735603075677996},"geometry":{"coordinates":[-16.53189846058482,28.050444323517006],"type":"Point"},"type":"Feature"},{"properties":{"intensity":0.00011043488174081038},"geometry":{"coordinates":[-16.525866592284142,28.053390600764768],"type":"Point"},"type":"Feature"},{"properties":{"intensity":0.009610686006251775},"geometry":{"coordinates":[-16.523687796992785,28.05760259854941],"type":"Point"},"type":"Feature"},{"properties":{"intensity":0.00425625070551658},"geometry":{"coordinates":[-16.525993244266825,28.053714108574276],"type":"Point"},"type":"Feature"},{"properties":{"intensity":0.004218821005769029},"geometry":{"coordinates":[-16.53014833856609,28.05114074505561],"type":"Point"},"type":"Feature"},{"properties":{"intensity":0.009792181985555948},"geometry":{"coordinates":[-16.532647198864183,28.050156179914204],"type":"Point"},"type":"Feature"},{"properties":{"intensity":0.000011640389225575095},"geometry":{"coordinates":[-16.647162722679813,28.109280292665296],"type":"Point"},"type":"Feature"},{"properties":{"intensity":0.000003982372805815401},"geometry":{"coordinates":[-16.64740679704009,28.108600480445787],"type":"Point"},"type":"Feature"},{"properties":{"intensity":0.0005202706627706185},"geometry":{"coordinates":[-16.654095767170222,28.015037916008932],"type":"Point"},"type":"Feature"},{"properties":{"intensity":0.000026262911227094757},"geometry":{"coordinates":[-16.592211053011418,28.108774206363808],"type":"Point"},"type":"Feature"},{"properties":{"intensity":0.00003393136040295156},"geometry":{"coordinates":[-16.591498880154653,28.106038811779378],"type":"Point"},"type":"Feature"},{"properties":{"intensity":0.00005132134771773641},"geometry":{"coordinates":[-16.58292167602127,28.10278973223957],"type":"Point"},"type":"Feature"},{"properties":{"intensity":0.004179894389566613},"geometry":{"coordinates":[-16.582965560913625,28.103005831254112],"type":"Point"},"type":"Feature"},{"properties":{"intensity":0.004173779320466314},"geometry":{"coordinates":[-16.58729100727431,28.10229699239311],"type":"Point"},"type":"Feature"},{"properties":{"intensity":0.000007771577349988504},"geometry":{"coordinates":[-16.58895246113069,28.10453405602164],"type":"Point"},"type":"Feature"},{"properties":{"intensity":0.000007281478963729342},"geometry":{"coordinates":[-16.591346097211204,28.10603155972499],"type":"Point"},"type":"Feature"},{"properties":{"intensity":0.000006866688068676249},"geometry":{"coordinates":[-16.592369571486774,28.109169474411456],"type":"Point"},"type":"Feature"},{"properties":{"intensity":0.030876265592189273},"geometry":{"coordinates":[-16.611859645091588,28.049068629975803],"type":"Point"},"type":"Feature"},{"properties":{"intensity":0.018308066472195718},"geometry":{"coordinates":[-16.704957051638218,28.06813304827964],"type":"Point"},"type":"Feature"},{"properties":{"intensity":0.018129595289829104},"geometry":{"coordinates":[-16.365178967321327,28.328973742660978],"type":"Point"},"type":"Feature"},{"properties":{"intensity":0.004176983264441668},"geometry":{"coordinates":[-16.555360191822032,28.11907986083895],"type":"Point"},"type":"Feature"},{"properties":{"intensity":0.004183423718038353},"geometry":{"coordinates":[-16.55530825955365,28.11900824781781],"type":"Point"},"type":"Feature"},{"properties":{"intensity":0.0016366869633088958},"geometry":{"coordinates":[-16.725074122703052,28.069542239441702],"type":"Point"},"type":"Feature"},{"properties":{"intensity":0.002358776504394382},"geometry":{"coordinates":[-16.728740232432788,28.07482982086163],"type":"Point"},"type":"Feature"},{"properties":{"intensity":0.0006740664310512018},"geometry":{"coordinates":[-16.72698488250175,28.07958999490165],"type":"Point"},"type":"Feature"},{"properties":{"intensity":0.0011368376353443571},"geometry":{"coordinates":[-16.728032422545695,28.081463007225647],"type":"Point"},"type":"Feature"},{"properties":{"intensity":0.00019910430023300333},"geometry":{"coordinates":[-16.726271955198644,28.082730604707642],"type":"Point"},"type":"Feature"},{"properties":{"intensity":0.0004363195452197782},"geometry":{"coordinates":[-16.723903607563678,28.084168268753988],"type":"Point"},"type":"Feature"},{"properties":{"intensity":0.0007634186184841459},"geometry":{"coordinates":[-16.72378705846222,28.085153446884856],"type":"Point"},"type":"Feature"},{"properties":{"intensity":0.0003327237194307173},"geometry":{"coordinates":[-16.72590996071678,28.086182667222385],"type":"Point"},"type":"Feature"},{"properties":{"intensity":0.00038314687648102763},"geometry":{"coordinates":[-16.72679287391427,28.086667924944962],"type":"Point"},"type":"Feature"},{"properties":{"intensity":0.0005468970079605825},"geometry":{"coordinates":[-16.725598459774975,28.087702767132498],"type":"Point"},"type":"Feature"},{"properties":{"intensity":0.0011780166416873752},"geometry":{"coordinates":[-16.72349026648103,28.089507174418657],"type":"Point"},"type":"Feature"},{"properties":{"intensity":0.0005712949443820454},"geometry":{"coordinates":[-16.725414743447686,28.090213996403158],"type":"Point"},"type":"Feature"},{"properties":{"intensity":0.005308403851521439},"geometry":{"coordinates":[-16.738625079930777,28.091554339687363],"type":"Point"},"type":"Feature"},{"properties":{"intensity":0.0006760117366391621},"geometry":{"coordinates":[-16.727155298375273,28.090237215657176],"type":"Point"},"type":"Feature"},{"properties":{"intensity":0.00030015572387935433},"geometry":{"coordinates":[-16.725181378459634,28.090893798022233],"type":"Point"},"type":"Feature"},{"properties":{"intensity":0.005086974060993965},"geometry":{"coordinates":[-16.7235422917525,28.089578719857606],"type":"Point"},"type":"Feature"},{"properties":{"intensity":0.0006415441418167432},"geometry":{"coordinates":[-16.725650918418978,28.08780138098036],"type":"Point"},"type":"Feature"},{"properties":{"intensity":0.0008683333547790368},"geometry":{"coordinates":[-16.72667728237839,28.087075499779743],"type":"Point"},"type":"Feature"},{"properties":{"intensity":0.00045323800605543167},"geometry":{"coordinates":[-16.726091795083303,28.08609915541113],"type":"Point"},"type":"Feature"},{"properties":{"intensity":0.0006400000631012905},"geometry":{"coordinates":[-16.723529105382546,28.08493106554273],"type":"Point"},"type":"Feature"},{"properties":{"intensity":0.0002545925213469363},"geometry":{"coordinates":[-16.723895307617706,28.08428569669708],"type":"Point"},"type":"Feature"},{"properties":{"intensity":0.0005468223867425254},"geometry":{"coordinates":[-16.727133691526475,28.082530236216794],"type":"Point"},"type":"Feature"},{"properties":{"intensity":0.0016088874570573102},"geometry":{"coordinates":[-16.72788941389639,28.08142870883843],"type":"Point"},"type":"Feature"},{"properties":{"intensity":0.0005883705302479985},"geometry":{"coordinates":[-16.727228467814594,28.079550829071877],"type":"Point"},"type":"Feature"},{"properties":{"intensity":0.00035544635631628506},"geometry":{"coordinates":[-16.729101557659078,28.077695183718827],"type":"Point"},"type":"Feature"},{"properties":{"intensity":0.0004383126929767907},"geometry":{"coordinates":[-16.729033747810483,28.075367616266345],"type":"Point"},"type":"Feature"},{"properties":{"intensity":0.0017836651902453072},"geometry":{"coordinates":[-16.725164377865635,28.06945988068998],"type":"Point"},"type":"Feature"},{"properties":{"intensity":0.0001556836456466305},"geometry":{"coordinates":[-16.728435187570117,28.08754973000031],"type":"Point"},"type":"Feature"},{"properties":{"intensity":0.0005089523010312156},"geometry":{"coordinates":[-16.641677828912243,28.010963043495646],"type":"Point"},"type":"Feature"},{"properties":{"intensity":0.00452203475102007},"geometry":{"coordinates":[-16.62738367423871,28.06596114817024],"type":"Point"},"type":"Feature"},{"properties":{"intensity":0.00002475473976129223},"geometry":{"coordinates":[-16.65603222557252,28.01930154029731],"type":"Point"},"type":"Feature"},{"properties":{"intensity":0.000007297033814875584},"geometry":{"coordinates":[-16.534966887413724,28.05160140923687],"type":"Point"},"type":"Feature"},{"properties":{"intensity":0.00435819653310384},"geometry":{"coordinates":[-16.65111832788433,28.052491979702552],"type":"Point"},"type":"Feature"},{"properties":{"intensity":0.004487963653513648},"geometry":{"coordinates":[-16.649955216542796,28.052271309372745],"type":"Point"},"type":"Feature"},{"properties":{"intensity":0.005846880967354133},"geometry":{"coordinates":[-16.614064107873663,28.076777186198715],"type":"Point"},"type":"Feature"},{"properties":{"intensity":0.00041297270805321974},"geometry":{"coordinates":[-16.486823847883244,28.170996350560586],"type":"Point"},"type":"Feature"},{"properties":{"intensity":0.01936354315389004},"geometry":{"coordinates":[-16.829631756512732,28.205252864510207],"type":"Point"},"type":"Feature"},{"properties":{"intensity":0.017314445476133703},"geometry":{"coordinates":[-16.829800319481482,28.20438426146521],"type":"Point"},"type":"Feature"},{"properties":{"intensity":0.0149310716008358},"geometry":{"coordinates":[-16.70143792028346,28.06950339306906],"type":"Point"},"type":"Feature"},{"properties":{"intensity":0.00498973971515902},"geometry":{"coordinates":[-16.75521229997453,28.13838923801998],"type":"Point"},"type":"Feature"},{"properties":{"intensity":0.005031814386455946},"geometry":{"coordinates":[-16.81966852113281,28.26408081843015],"type":"Point"},"type":"Feature"},{"properties":{"intensity":0.021333618852410318},"geometry":{"coordinates":[-16.57899285157753,28.0478259711903],"type":"Point"},"type":"Feature"},{"properties":{"intensity":0.00003096414878931037},"geometry":{"coordinates":[-16.49352921846861,28.10226713392423],"type":"Point"},"type":"Feature"},{"properties":{"intensity":0.0001996008560828437},"geometry":{"coordinates":[-16.49344000220377,28.102439588962476],"type":"Point"},"type":"Feature"},{"properties":{"intensity":0.000005209357564146158},"geometry":{"coordinates":[-16.611897185097167,28.04340034495377],"type":"Point"},"type":"Feature"},{"properties":{"intensity":7.256313611327703e-7},"geometry":{"coordinates":[-16.611784366149713,28.043338492534865],"type":"Point"},"type":"Feature"},{"properties":{"intensity":0.004589498733489217},"geometry":{"coordinates":[-16.598588412450315,28.032175048396795],"type":"Point"},"type":"Feature"},{"properties":{"intensity":0.005008853394470208},"geometry":{"coordinates":[-16.5980594568477,28.032172178041108],"type":"Point"},"type":"Feature"},{"properties":{"intensity":0.005189416497015371},"geometry":{"coordinates":[-16.774201286869364,28.123650987626114],"type":"Point"},"type":"Feature"},{"properties":{"intensity":0.004591075634407492},"geometry":{"coordinates":[-16.773856891060955,28.123754717172083],"type":"Point"},"type":"Feature"},{"properties":{"intensity":0.006858971396691543},"geometry":{"coordinates":[-16.745267834010946,28.125971824714075],"type":"Point"},"type":"Feature"},{"properties":{"intensity":0.0103337297201554},"geometry":{"coordinates":[-16.741232798591817,28.123216435120376],"type":"Point"},"type":"Feature"},{"properties":{"intensity":0.000011777282432523269},"geometry":{"coordinates":[-16.412858759772845,28.31157478999555],"type":"Point"},"type":"Feature"},{"properties":{"intensity":0.000006541115006292043},"geometry":{"coordinates":[-16.412958821051177,28.311429348276526],"type":"Point"},"type":"Feature"},{"properties":{"intensity":0.00000304801833189409},"geometry":{"coordinates":[-16.451867769069555,28.2130870032792],"type":"Point"},"type":"Feature"},{"properties":{"intensity":0.0000025501425200618067},"geometry":{"coordinates":[-16.45168463921493,28.21310699766742],"type":"Point"},"type":"Feature"},{"properties":{"intensity":0.000003002998288138791},"geometry":{"coordinates":[-16.47236587729934,28.182479463781267],"type":"Point"},"type":"Feature"},{"properties":{"intensity":0.000001256449950939814},"geometry":{"coordinates":[-16.472375072690866,28.18240716171714],"type":"Point"},"type":"Feature"},{"properties":{"intensity":0.000005717666132075552},"geometry":{"coordinates":[-16.475054569049703,28.182450517498953],"type":"Point"},"type":"Feature"},{"properties":{"intensity":0.000006543770336816032},"geometry":{"coordinates":[-16.475123011237127,28.18224219602879],"type":"Point"},"type":"Feature"},{"properties":{"intensity":9.35176728763025e-8},"geometry":{"coordinates":[-16.63551132481891,28.092705276370726],"type":"Point"},"type":"Feature"},{"properties":{"intensity":0.0000032905064774991055},"geometry":{"coordinates":[-16.635898665478013,28.092745782856028],"type":"Point"},"type":"Feature"},{"properties":{"intensity":9.161442922510789e-7},"geometry":{"coordinates":[-16.633118382009695,28.092616461668136],"type":"Point"},"type":"Feature"},{"properties":{"intensity":0.000002408127218064501},"geometry":{"coordinates":[-16.632942945320682,28.092456098164128],"type":"Point"},"type":"Feature"},{"properties":{"intensity":0.004183036936392224},"geometry":{"coordinates":[-16.456114388027864,28.23094822313409],"type":"Point"},"type":"Feature"},{"properties":{"intensity":0.004168319697330989},"geometry":{"coordinates":[-16.453749088154215,28.237634116168675],"type":"Point"},"type":"Feature"},{"properties":{"intensity":0.0000025354099237572784},"geometry":{"coordinates":[-16.793484744349506,28.180670291935584],"type":"Point"},"type":"Feature"},{"properties":{"intensity":0.000002714667843936762},"geometry":{"coordinates":[-16.79338562815277,28.180834033275293],"type":"Point"},"type":"Feature"},{"properties":{"intensity":0.000004861274479884301},"geometry":{"coordinates":[-16.782013493217093,28.181713555069443],"type":"Point"},"type":"Feature"},{"properties":{"intensity":0.000017391186701624254},"geometry":{"coordinates":[-16.782247697682287,28.181710505688663],"type":"Point"},"type":"Feature"},{"properties":{"intensity":0.004338620606902398},"geometry":{"coordinates":[-16.366825062003727,28.338840113340133],"type":"Point"},"type":"Feature"},{"properties":{"intensity":0.004319776324402826},"geometry":{"coordinates":[-16.369115466786408,28.340053625629935],"type":"Point"},"type":"Feature"},{"properties":{"intensity":0.004199959523908626},"geometry":{"coordinates":[-16.766394376646684,28.175183610761792],"type":"Point"},"type":"Feature"},{"properties":{"intensity":0.004228624172881052},"geometry":{"coordinates":[-16.766529415199575,28.17534431237699],"type":"Point"},"type":"Feature"},{"properties":{"intensity":0.01282443345334101},"geometry":{"coordinates":[-16.605578167632707,28.032310130614196],"type":"Point"},"type":"Feature"},{"properties":{"intensity":0.000014886064225317746},"geometry":{"coordinates":[-16.369226276826513,28.33994420821549],"type":"Point"},"type":"Feature"},{"properties":{"intensity":0.000004453438755562618},"geometry":{"coordinates":[-16.36693656646418,28.338784843360028],"type":"Point"},"type":"Feature"},{"properties":{"intensity":0.006089905909389095},"geometry":{"coordinates":[-16.636933932476147,28.160222905407906],"type":"Point"},"type":"Feature"},{"properties":{"intensity":0.000007479769320420771},"geometry":{"coordinates":[-16.788410627418436,28.180547166564118],"type":"Point"},"type":"Feature"},{"properties":{"intensity":0.00003574701532462059},"geometry":{"coordinates":[-16.788645579367248,28.18058921957512],"type":"Point"},"type":"Feature"},{"properties":{"intensity":0.0000020305789411935875},"geometry":{"coordinates":[-16.780780460725822,28.18228912954853],"type":"Point"},"type":"Feature"},{"properties":{"intensity":0.000004509713810256742},"geometry":{"coordinates":[-16.78089351893932,28.182350830937686],"type":"Point"},"type":"Feature"},{"properties":{"intensity":0.00002186365789369882},"geometry":{"coordinates":[-16.8041865781901,28.179311332786014],"type":"Point"},"type":"Feature"},{"properties":{"intensity":0.00003492951080029495},"geometry":{"coordinates":[-16.80424112573397,28.179527203347746],"type":"Point"},"type":"Feature"},{"properties":{"intensity":0.000049088110588797656},"geometry":{"coordinates":[-16.803560716899085,28.179644465017223],"type":"Point"},"type":"Feature"},{"properties":{"intensity":0.00009670447007513324},"geometry":{"coordinates":[-16.803458286398826,28.17960971635893],"type":"Point"},"type":"Feature"},{"properties":{"intensity":0.00006735801039849196},"geometry":{"coordinates":[-16.800693539448634,28.179330255115758],"type":"Point"},"type":"Feature"},{"properties":{"intensity":0.000055458755921323885},"geometry":{"coordinates":[-16.800684566346455,28.17940256975257],"type":"Point"},"type":"Feature"},{"properties":{"intensity":0.033612477988838124},"geometry":{"coordinates":[-16.57962011555639,28.115724859343786],"type":"Point"},"type":"Feature"},{"properties":{"intensity":0.02924086537752659},"geometry":{"coordinates":[-16.579397662550452,28.115826699786723],"type":"Point"},"type":"Feature"},{"properties":{"intensity":0.000028984911373760624},"geometry":{"coordinates":[-16.68270218725208,28.03265049346129],"type":"Point"},"type":"Feature"},{"properties":{"intensity":0.00004459705208305516},"geometry":{"coordinates":[-16.68271081208991,28.032551112073918],"type":"Point"},"type":"Feature"},{"properties":{"intensity":0.00000675679328981199},"geometry":{"coordinates":[-16.747911416794143,28.17654894198208],"type":"Point"},"type":"Feature"},{"properties":{"intensity":0.00000627447232912595},"geometry":{"coordinates":[-16.7481964941253,28.175290865421882],"type":"Point"},"type":"Feature"},{"properties":{"intensity":0.000002243601894189546},"geometry":{"coordinates":[-16.75100483648457,28.176383062782715],"type":"Point"},"type":"Feature"},{"properties":{"intensity":0.0000012451949400009894},"geometry":{"coordinates":[-16.760935958481593,28.18142681678113],"type":"Point"},"type":"Feature"},{"properties":{"intensity":0.000004711481752313874},"geometry":{"coordinates":[-16.76121138108033,28.18269575288421],"type":"Point"},"type":"Feature"},{"properties":{"intensity":0.000004038647860509525},"geometry":{"coordinates":[-16.372653681173,28.33040598938031],"type":"Point"},"type":"Feature"},{"properties":{"intensity":0.004177147789765543},"geometry":{"coordinates":[-16.36602299384301,28.331961741005987],"type":"Point"},"type":"Feature"},{"properties":{"intensity":0.004200182157362878},"geometry":{"coordinates":[-16.365857674933814,28.334986918113295],"type":"Point"},"type":"Feature"},{"properties":{"intensity":0.000014303270421023998},"geometry":{"coordinates":[-16.368571087705494,28.33021234419263],"type":"Point"},"type":"Feature"},{"properties":{"intensity":0.0042165280839908765},"geometry":{"coordinates":[-16.36850316373722,28.330483788660356],"type":"Point"},"type":"Feature"},{"properties":{"intensity":0.008702431007097574},"geometry":{"coordinates":[-16.411590983625743,28.319828065097514],"type":"Point"},"type":"Feature"},{"properties":{"intensity":0.008334918833932024},"geometry":{"coordinates":[-16.413948245566978,28.321464324712213],"type":"Point"},"type":"Feature"},{"properties":{"intensity":0.0083768613479432},"geometry":{"coordinates":[-16.413705427636174,28.323154581266678],"type":"Point"},"type":"Feature"},{"properties":{"intensity":0.00418217175649362},"geometry":{"coordinates":[-16.80582579562472,28.2682533102222],"type":"Point"},"type":"Feature"},{"properties":{"intensity":0.008694946990521252},"geometry":{"coordinates":[-16.67679660211669,28.051919037665783],"type":"Point"},"type":"Feature"},{"properties":{"intensity":0.00874788442001974},"geometry":{"coordinates":[-16.676938297556244,28.05187218174262],"type":"Point"},"type":"Feature"},{"properties":{"intensity":0.002896704294864102},"geometry":{"coordinates":[-16.613074114939295,28.052736657938095],"type":"Point"},"type":"Feature"},{"properties":{"intensity":0.0015675818696882886},"geometry":{"coordinates":[-16.63632194424347,28.05219079402347],"type":"Point"},"type":"Feature"},{"properties":{"intensity":0.00023625238355677884},"geometry":{"coordinates":[-16.659011213920405,28.046431235136698],"type":"Point"},"type":"Feature"},{"properties":{"intensity":0.00461177627662574},"geometry":{"coordinates":[-16.283310259033588,28.440719347168802],"type":"Point"},"type":"Feature"},{"properties":{"intensity":0.004827249232887699},"geometry":{"coordinates":[-16.283311784024665,28.440845689362007],"type":"Point"},"type":"Feature"},{"properties":{"intensity":0.00536343592166296},"geometry":{"coordinates":[-16.28117425408403,28.443104146878913],"type":"Point"},"type":"Feature"},{"properties":{"intensity":0.005087769160665026},"geometry":{"coordinates":[-16.2812235645395,28.442959275084046],"type":"Point"},"type":"Feature"},{"properties":{"intensity":0.008435703816016861},"geometry":{"coordinates":[-16.286913925712174,28.444024736939674],"type":"Point"},"type":"Feature"},{"properties":{"intensity":0.010353593061276332},"geometry":{"coordinates":[-16.277820816834478,28.447007606543142],"type":"Point"},"type":"Feature"},{"properties":{"intensity":0.005318592879400539},"geometry":{"coordinates":[-16.277737939402538,28.44690910462849],"type":"Point"},"type":"Feature"},{"properties":{"intensity":0.029119113682064317},"geometry":{"coordinates":[-16.286752335208167,28.44923395288582],"type":"Point"},"type":"Feature"},{"properties":{"intensity":0.03662433466702289},"geometry":{"coordinates":[-16.285050499767195,28.45290534543672],"type":"Point"},"type":"Feature"},{"properties":{"intensity":0.01886184380327497},"geometry":{"coordinates":[-16.28602306108449,28.451415981838778],"type":"Point"},"type":"Feature"},{"properties":{"intensity":0.06699846101968956},"geometry":{"coordinates":[-16.276372084825475,28.452219875790302],"type":"Point"},"type":"Feature"},{"properties":{"intensity":0.0063467615011477225},"geometry":{"coordinates":[-16.285872790060075,28.452500456228556],"type":"Point"},"type":"Feature"},{"properties":{"intensity":0.061001786496145474},"geometry":{"coordinates":[-16.275816870903178,28.452757586109854],"type":"Point"},"type":"Feature"},{"properties":{"intensity":0.05393641455048313},"geometry":{"coordinates":[-16.278015606650158,28.453865132540095],"type":"Point"},"type":"Feature"},{"properties":{"intensity":0.060798706506314},"geometry":{"coordinates":[-16.27813868346053,28.453909103619104],"type":"Point"},"type":"Feature"},{"properties":{"intensity":0.012772706659451058},"geometry":{"coordinates":[-16.286810748177277,28.454901382138463],"type":"Point"},"type":"Feature"},{"properties":{"intensity":0.03290202864685716},"geometry":{"coordinates":[-16.28426531268881,28.454690773562486],"type":"Point"},"type":"Feature"},{"properties":{"intensity":0.03469631320067556},"geometry":{"coordinates":[-16.284342136164884,28.455132295357444],"type":"Point"},"type":"Feature"},{"properties":{"intensity":0.052671088862727276},"geometry":{"coordinates":[-16.27383601190151,28.455339381149592],"type":"Point"},"type":"Feature"},{"properties":{"intensity":0.046194520043121745},"geometry":{"coordinates":[-16.27399004748251,28.45541014249503],"type":"Point"},"type":"Feature"},{"properties":{"intensity":0.03132426406964954},"geometry":{"coordinates":[-16.266773201781042,28.45569414627666],"type":"Point"},"type":"Feature"},{"properties":{"intensity":0.01385774267036053},"geometry":{"coordinates":[-16.280796661223395,28.455833604889857],"type":"Point"},"type":"Feature"},{"properties":{"intensity":0.020969424005277126},"geometry":{"coordinates":[-16.28080980974803,28.456077168390927],"type":"Point"},"type":"Feature"},{"properties":{"intensity":0.01054616985406804},"geometry":{"coordinates":[-16.286073685472985,28.45644267764523],"type":"Point"},"type":"Feature"},{"properties":{"intensity":0.05326763704364192},"geometry":{"coordinates":[-16.25752789638893,28.457169848491503],"type":"Point"},"type":"Feature"},{"properties":{"intensity":0.010177689079095144},"geometry":{"coordinates":[-16.286991462467515,28.457174084351156],"type":"Point"},"type":"Feature"},{"properties":{"intensity":0.060796561688560374},"geometry":{"coordinates":[-16.267978400782063,28.457415810507868],"type":"Point"},"type":"Feature"},{"properties":{"intensity":0.05033339068112219},"geometry":{"coordinates":[-16.26798303198125,28.457803862891318],"type":"Point"},"type":"Feature"},{"properties":{"intensity":0.04824958151067377},"geometry":{"coordinates":[-16.27301658346143,28.457693673549922],"type":"Point"},"type":"Feature"},{"properties":{"intensity":0.04457306841110272},"geometry":{"coordinates":[-16.273041980711504,28.458108607399822],"type":"Point"},"type":"Feature"},{"properties":{"intensity":0.04921375904293876},"geometry":{"coordinates":[-16.266272861920662,28.45827106673615],"type":"Point"},"type":"Feature"},{"properties":{"intensity":0.0215525289065938},"geometry":{"coordinates":[-16.262080696779197,28.458716172130444],"type":"Point"},"type":"Feature"},{"properties":{"intensity":0.05676605579250818},"geometry":{"coordinates":[-16.272010769860035,28.45898469890099],"type":"Point"},"type":"Feature"},{"properties":{"intensity":0.018307098368275238},"geometry":{"coordinates":[-16.266251154445406,28.45902038363399],"type":"Point"},"type":"Feature"},{"properties":{"intensity":0.05142978654632232},"geometry":{"coordinates":[-16.26936831302509,28.45920794301811],"type":"Point"},"type":"Feature"},{"properties":{"intensity":0.059462425275247886},"geometry":{"coordinates":[-16.26947977925519,28.459134699038117],"type":"Point"},"type":"Feature"},{"properties":{"intensity":0.05730360500930429},"geometry":{"coordinates":[-16.27121344094775,28.45977736815803],"type":"Point"},"type":"Feature"},{"properties":{"intensity":0.04499602178189224},"geometry":{"coordinates":[-16.257913021835574,28.46037033880399],"type":"Point"},"type":"Feature"},{"properties":{"intensity":0.01979547258938361},"geometry":{"coordinates":[-16.263981123259228,28.46050362363657],"type":"Point"},"type":"Feature"},{"properties":{"intensity":0.05923565733234682},"geometry":{"coordinates":[-16.256846646769638,28.460876598201207],"type":"Point"},"type":"Feature"},{"properties":{"intensity":0.05221967744473393},"geometry":{"coordinates":[-16.26345105681691,28.461447198239497],"type":"Point"},"type":"Feature"},{"properties":{"intensity":0.02490632433944447},"geometry":{"coordinates":[-16.25678032589496,28.462176882162304],"type":"Point"},"type":"Feature"},{"properties":{"intensity":0.04620623684928358},"geometry":{"coordinates":[-16.25660408867041,28.462819320440612],"type":"Point"},"type":"Feature"},{"properties":{"intensity":0.051489473909236014},"geometry":{"coordinates":[-16.263079312777496,28.46282252386942],"type":"Point"},"type":"Feature"},{"properties":{"intensity":0.024852702092417703},"geometry":{"coordinates":[-16.262948682975157,28.463861667075356],"type":"Point"},"type":"Feature"},{"properties":{"intensity":0.08723629045883029},"geometry":{"coordinates":[-16.256501152642738,28.46620483053212],"type":"Point"},"type":"Feature"},{"properties":{"intensity":0.04723275719805886},"geometry":{"coordinates":[-16.261394914055384,28.467188436746216],"type":"Point"},"type":"Feature"},{"properties":{"intensity":0.05367347569374291},"geometry":{"coordinates":[-16.256018352807853,28.467698495630735],"type":"Point"},"type":"Feature"},{"properties":{"intensity":0.036020354900937364},"geometry":{"coordinates":[-16.259392159253135,28.469698029331646],"type":"Point"},"type":"Feature"},{"properties":{"intensity":0.03686093742043311},"geometry":{"coordinates":[-16.259235389843592,28.470259060680476],"type":"Point"},"type":"Feature"},{"properties":{"intensity":0.010418110586941363},"geometry":{"coordinates":[-16.255805405599006,28.47128358005327],"type":"Point"},"type":"Feature"},{"properties":{"intensity":0.008389829810016413},"geometry":{"coordinates":[-16.252915462487195,28.471337312439097],"type":"Point"},"type":"Feature"},{"properties":{"intensity":0.024677599843207783},"geometry":{"coordinates":[-16.2565688518894,28.471926362716946],"type":"Point"},"type":"Feature"},{"properties":{"intensity":0.021875615340725213},"geometry":{"coordinates":[-16.25656248357854,28.47225133889129],"type":"Point"},"type":"Feature"},{"properties":{"intensity":0.03227838045777036},"geometry":{"coordinates":[-16.253184870103635,28.474259087865637],"type":"Point"},"type":"Feature"},{"properties":{"intensity":0.011252564092135316},"geometry":{"coordinates":[-16.2505551784256,28.473868124210405],"type":"Point"},"type":"Feature"},{"properties":{"intensity":0.029015201826739185},"geometry":{"coordinates":[-16.25300868906266,28.47404409972183],"type":"Point"},"type":"Feature"},{"properties":{"intensity":0.029580585469833443},"geometry":{"coordinates":[-16.250140462802403,28.475081353131152],"type":"Point"},"type":"Feature"},{"properties":{"intensity":0.03025421664153408},"geometry":{"coordinates":[-16.249473393195974,28.475683166535514],"type":"Point"},"type":"Feature"},{"properties":{"intensity":0.03630101415741534},"geometry":{"coordinates":[-16.24705992250722,28.476310029772062],"type":"Point"},"type":"Feature"},{"properties":{"intensity":0.019402244509443594},"geometry":{"coordinates":[-16.246127064166043,28.47689621354366],"type":"Point"},"type":"Feature"},{"properties":{"intensity":0.08703856109830964},"geometry":{"coordinates":[-16.243519209484248,28.478373192988677],"type":"Point"},"type":"Feature"},{"properties":{"intensity":0.0802803259318971},"geometry":{"coordinates":[-16.24409863841146,28.478133229717592],"type":"Point"},"type":"Feature"},{"properties":{"intensity":0.021532366115528223},"geometry":{"coordinates":[-16.242893077640037,28.479859099499045],"type":"Point"},"type":"Feature"},{"properties":{"intensity":0.02508441596415071},"geometry":{"coordinates":[-16.243243028880798,28.48095701062488],"type":"Point"},"type":"Feature"},{"properties":{"intensity":0.023512613487131587},"geometry":{"coordinates":[-16.24390623786776,28.481763239110826],"type":"Point"},"type":"Feature"},{"properties":{"intensity":0.015701089476957215},"geometry":{"coordinates":[-16.244348825036546,28.482048004928565],"type":"Point"},"type":"Feature"},{"properties":{"intensity":0.013279316743448271},"geometry":{"coordinates":[-16.244991727039995,28.482863439003484],"type":"Point"},"type":"Feature"},{"properties":{"intensity":0.01302094867134178},"geometry":{"coordinates":[-16.246740700542077,28.48478789142216],"type":"Point"},"type":"Feature"},{"properties":{"intensity":0.012678318400068061},"geometry":{"coordinates":[-16.247952405134175,28.487060220660638],"type":"Point"},"type":"Feature"},{"properties":{"intensity":0.027068621008434737},"geometry":{"coordinates":[-16.2824446995854,28.462072714593987],"type":"Point"},"type":"Feature"},{"properties":{"intensity":0.017503098859995063},"geometry":{"coordinates":[-16.282636376945266,28.460184589213757],"type":"Point"},"type":"Feature"},{"properties":{"intensity":0.02123164423971863},"geometry":{"coordinates":[-16.220507158284132,28.49185825792893],"type":"Point"},"type":"Feature"},{"properties":{"intensity":0.02322271949855349},"geometry":{"coordinates":[-16.216846434573963,28.494237715241056],"type":"Point"},"type":"Feature"},{"properties":{"intensity":0.4293379752285047},"geometry":{"coordinates":[-16.25271888628193,28.459001268358236],"type":"Point"},"type":"Feature"},{"properties":{"intensity":0.021251278515200756},"geometry":{"coordinates":[-16.219052523518627,28.492403817125243],"type":"Point"},"type":"Feature"},{"properties":{"intensity":0.00648919600172607},"geometry":{"coordinates":[-16.257845016004406,28.4675642825985],"type":"Point"},"type":"Feature"},{"properties":{"intensity":0.006085445491014406},"geometry":{"coordinates":[-16.260114775075444,28.467759883242238],"type":"Point"},"type":"Feature"},{"properties":{"intensity":0.008162151173041598},"geometry":{"coordinates":[-16.264696023894047,28.46822278596238],"type":"Point"},"type":"Feature"},{"properties":{"intensity":0.021264919988012748},"geometry":{"coordinates":[-16.27153290081336,28.465135508568046],"type":"Point"},"type":"Feature"},{"properties":{"intensity":0.030374247713264902},"geometry":{"coordinates":[-16.27092263298396,28.467054610258813],"type":"Point"},"type":"Feature"},{"properties":{"intensity":0.050907798651336614},"geometry":{"coordinates":[-16.271824955762952,28.47161305602003],"type":"Point"},"type":"Feature"},{"properties":{"intensity":0.03016933168732643},"geometry":{"coordinates":[-16.272406625076243,28.47412571547805],"type":"Point"},"type":"Feature"},{"properties":{"intensity":0.008622912212418224},"geometry":{"coordinates":[-16.275011759587827,28.47331610057963],"type":"Point"},"type":"Feature"},{"properties":{"intensity":0.00896046667773107},"geometry":{"coordinates":[-16.276895445041607,28.471123294458682],"type":"Point"},"type":"Feature"},{"properties":{"intensity":0.0439929509068237},"geometry":{"coordinates":[-16.27907392504124,28.470516168778097],"type":"Point"},"type":"Feature"},{"properties":{"intensity":0.04975027329488614},"geometry":{"coordinates":[-16.279290765044113,28.4681675144075],"type":"Point"},"type":"Feature"},{"properties":{"intensity":0.03735380008565733},"geometry":{"coordinates":[-16.278550356412513,28.46944706449686],"type":"Point"},"type":"Feature"},{"properties":{"intensity":0.032215723987890264},"geometry":{"coordinates":[-16.27748660254603,28.470170071019794],"type":"Point"},"type":"Feature"},{"properties":{"intensity":0.02911703416793146},"geometry":{"coordinates":[-16.275203364872297,28.471409934965212],"type":"Point"},"type":"Feature"},{"properties":{"intensity":0.029708655569629785},"geometry":{"coordinates":[-16.27457381972212,28.47257109399583],"type":"Point"},"type":"Feature"},{"properties":{"intensity":0.029828206271373586},"geometry":{"coordinates":[-16.273399542622784,28.47260014589564],"type":"Point"},"type":"Feature"},{"properties":{"intensity":0.04043033772234754},"geometry":{"coordinates":[-16.27236747714348,28.470858868620372],"type":"Point"},"type":"Feature"},{"properties":{"intensity":0.03668795866882873},"geometry":{"coordinates":[-16.271652579300596,28.469159744320304],"type":"Point"},"type":"Feature"},{"properties":{"intensity":0.030182672814234323},"geometry":{"coordinates":[-16.270486800035478,28.466481052710993],"type":"Point"},"type":"Feature"},{"properties":{"intensity":0.028284093476315487},"geometry":{"coordinates":[-16.26956106654847,28.465081724627858],"type":"Point"},"type":"Feature"},{"properties":{"intensity":0.07088185705111529},"geometry":{"coordinates":[-16.24811617871203,28.463628536609964],"type":"Point"},"type":"Feature"},{"properties":{"intensity":0.17751367204232932},"geometry":{"coordinates":[-16.253059940751932,28.461940441038518],"type":"Point"},"type":"Feature"},{"properties":{"intensity":0.013256125900746651},"geometry":{"coordinates":[-16.25532410882419,28.460809428130954],"type":"Point"},"type":"Feature"},{"properties":{"intensity":0.020639598051101063},"geometry":{"coordinates":[-16.259664969718315,28.459975055730624],"type":"Point"},"type":"Feature"},{"properties":{"intensity":0.0026364683642005208},"geometry":{"coordinates":[-16.26243389989679,28.459218321975897],"type":"Point"},"type":"Feature"},{"properties":{"intensity":0.016497228835462598},"geometry":{"coordinates":[-16.265247286832093,28.460482826844455],"type":"Point"},"type":"Feature"},{"properties":{"intensity":0.021153986240579858},"geometry":{"coordinates":[-16.267905124253694,28.463255975577464],"type":"Point"},"type":"Feature"},{"properties":{"intensity":0.0016069716910174913},"geometry":{"coordinates":[-16.274888839214313,28.4647791771241],"type":"Point"},"type":"Feature"},{"properties":{"intensity":0.0007193729259554006},"geometry":{"coordinates":[-16.273879159295436,28.46660275414505],"type":"Point"},"type":"Feature"},{"properties":{"intensity":0.017138709774359193},"geometry":{"coordinates":[-16.275317934408285,28.473295178646755],"type":"Point"},"type":"Feature"},{"properties":{"intensity":0.014724008007818878},"geometry":{"coordinates":[-16.27497535044802,28.47368648516902],"type":"Point"},"type":"Feature"},{"properties":{"intensity":0.009489013198722503},"geometry":{"coordinates":[-16.276492312184075,28.474123525986645],"type":"Point"},"type":"Feature"},{"properties":{"intensity":0.020873187534548053},"geometry":{"coordinates":[-16.27723408781758,28.472103887610096],"type":"Point"},"type":"Feature"},{"properties":{"intensity":0.007682755631318649},"geometry":{"coordinates":[-16.268396598895706,28.463359698990235],"type":"Point"},"type":"Feature"},{"properties":{"intensity":0.010525154086950044},"geometry":{"coordinates":[-16.265697038683687,28.460514744654706],"type":"Point"},"type":"Feature"},{"properties":{"intensity":0.0281637774149135},"geometry":{"coordinates":[-16.263463370420677,28.458188884219837],"type":"Point"},"type":"Feature"},{"properties":{"intensity":0.013729604119439786},"geometry":{"coordinates":[-16.255372186004426,28.46746979880396],"type":"Point"},"type":"Feature"},{"properties":{"intensity":0.011943497138784129},"geometry":{"coordinates":[-16.255531546319638,28.470582120861838],"type":"Point"},"type":"Feature"},{"properties":{"intensity":0.001711087457517418},"geometry":{"coordinates":[-16.255345699259177,28.47386911251418],"type":"Point"},"type":"Feature"},{"properties":{"intensity":0.0008066658235185376},"geometry":{"coordinates":[-16.25518957237344,28.47535073256104],"type":"Point"},"type":"Feature"},{"properties":{"intensity":0.00019195111479580735},"geometry":{"coordinates":[-16.256473928013516,28.475988705435068],"type":"Point"},"type":"Feature"},{"properties":{"intensity":0.0003269879111078178},"geometry":{"coordinates":[-16.256475356757697,28.47697246912031],"type":"Point"},"type":"Feature"},{"properties":{"intensity":0.0009233964356392059},"geometry":{"coordinates":[-16.25674227500844,28.47881119906312],"type":"Point"},"type":"Feature"},{"properties":{"intensity":0.001140225529618636},"geometry":{"coordinates":[-16.256345131697817,28.48150445973286],"type":"Point"},"type":"Feature"},{"properties":{"intensity":0.0017819091302107791},"geometry":{"coordinates":[-16.25737528959628,28.482235025080808],"type":"Point"},"type":"Feature"},{"properties":{"intensity":0.0009760019859999614},"geometry":{"coordinates":[-16.258330218402104,28.48265038726009],"type":"Point"},"type":"Feature"},{"properties":{"intensity":0.0008182514616239494},"geometry":{"coordinates":[-16.259746324619307,28.48233040773971],"type":"Point"},"type":"Feature"},{"properties":{"intensity":0.011275411758335881},"geometry":{"coordinates":[-16.260385667242307,28.483696352309025],"type":"Point"},"type":"Feature"},{"properties":{"intensity":0.005263254339480879},"geometry":{"coordinates":[-16.26220986111881,28.485908715987367],"type":"Point"},"type":"Feature"},{"properties":{"intensity":0.004287462343971392},"geometry":{"coordinates":[-16.26753221244067,28.487628183124947],"type":"Point"},"type":"Feature"},{"properties":{"intensity":0.004203391857122124},"geometry":{"coordinates":[-16.26989508341269,28.48959172687908],"type":"Point"},"type":"Feature"},{"properties":{"intensity":0.008431959405772679},"geometry":{"coordinates":[-16.271893400546475,28.49266876612542],"type":"Point"},"type":"Feature"},{"properties":{"intensity":0.0042196796756197455},"geometry":{"coordinates":[-16.269998201974772,28.48967199242821],"type":"Point"},"type":"Feature"},{"properties":{"intensity":0.004227831011454285},"geometry":{"coordinates":[-16.26810627129791,28.487794312734966],"type":"Point"},"type":"Feature"},{"properties":{"intensity":0.00464049701208686},"geometry":{"coordinates":[-16.26235565268176,28.486142024081722],"type":"Point"},"type":"Feature"},{"properties":{"intensity":0.010173247325066822},"geometry":{"coordinates":[-16.26048684371221,28.48361418517065],"type":"Point"},"type":"Feature"},{"properties":{"intensity":0.0004799245490082994},"geometry":{"coordinates":[-16.258329469444462,28.482587215938636],"type":"Point"},"type":"Feature"},{"properties":{"intensity":0.000750447813549643},"geometry":{"coordinates":[-16.257222507449654,28.48227253981579],"type":"Point"},"type":"Feature"},{"properties":{"intensity":0.000566116100009115},"geometry":{"coordinates":[-16.256354811508732,28.481459242937383],"type":"Point"},"type":"Feature"},{"properties":{"intensity":0.00040904789945101015},"geometry":{"coordinates":[-16.256836869166545,28.47903596152426],"type":"Point"},"type":"Feature"},{"properties":{"intensity":0.00018081194298573758},"geometry":{"coordinates":[-16.256971543084457,28.476606864254304],"type":"Point"},"type":"Feature"},{"properties":{"intensity":0.00006365884594182945},"geometry":{"coordinates":[-16.2566370217036,28.475960121888352],"type":"Point"},"type":"Feature"},{"properties":{"intensity":0.000427892129366276},"geometry":{"coordinates":[-16.25535255878986,28.47531312607798],"type":"Point"},"type":"Feature"},{"properties":{"intensity":0.0006780325473261816},"geometry":{"coordinates":[-16.255536654975096,28.473605610621657],"type":"Point"},"type":"Feature"},{"properties":{"intensity":0.009080135648370105},"geometry":{"coordinates":[-16.256224526612524,28.47044936462311],"type":"Point"},"type":"Feature"},{"properties":{"intensity":0.009131335642325501},"geometry":{"coordinates":[-16.25979180715062,28.470669079451458],"type":"Point"},"type":"Feature"},{"properties":{"intensity":0.010077093543679392},"geometry":{"coordinates":[-16.262534880165568,28.47029164790967],"type":"Point"},"type":"Feature"},{"properties":{"intensity":0.000009346645192581117},"geometry":{"coordinates":[-16.267288983831307,28.46982323282317],"type":"Point"},"type":"Feature"},{"properties":{"intensity":0.006055251195823537},"geometry":{"coordinates":[-16.2681607574848,28.470979390956906],"type":"Point"},"type":"Feature"},{"properties":{"intensity":0.006179239048978987},"geometry":{"coordinates":[-16.26861874855967,28.47169715611062],"type":"Point"},"type":"Feature"},{"properties":{"intensity":0.005871932062500192},"geometry":{"coordinates":[-16.26634140880449,28.474299663563336],"type":"Point"},"type":"Feature"},{"properties":{"intensity":0.008611689399214952},"geometry":{"coordinates":[-16.26133431744569,28.482721830404166],"type":"Point"},"type":"Feature"},{"properties":{"intensity":0.00861744189378499},"geometry":{"coordinates":[-16.261782553827274,28.482618391168227],"type":"Point"},"type":"Feature"},{"properties":{"intensity":0.004838168123797576},"geometry":{"coordinates":[-16.267247689082144,28.474065584398968],"type":"Point"},"type":"Feature"},{"properties":{"intensity":0.005181572199513855},"geometry":{"coordinates":[-16.268960304703878,28.47207303866205],"type":"Point"},"type":"Feature"},{"properties":{"intensity":0.004608256574061797},"geometry":{"coordinates":[-16.268149143535325,28.470862168267605],"type":"Point"},"type":"Feature"},{"properties":{"intensity":0.0009435636411148898},"geometry":{"coordinates":[-16.26705667487878,28.470042008528132],"type":"Point"},"type":"Feature"},{"properties":{"intensity":0.0009951205000362738},"geometry":{"coordinates":[-16.265059055533865,28.469546153608935],"type":"Point"},"type":"Feature"},{"properties":{"intensity":0.0002605993927623618},"geometry":{"coordinates":[-16.264065397840035,28.471017519036693],"type":"Point"},"type":"Feature"},{"properties":{"intensity":0.00029832028225717795},"geometry":{"coordinates":[-16.262660009297228,28.470507097530035],"type":"Point"},"type":"Feature"},{"properties":{"intensity":0.003816319507357247},"geometry":{"coordinates":[-16.264041534416478,28.470728925846576],"type":"Point"},"type":"Feature"},{"properties":{"intensity":0.0001295891824516204},"geometry":{"coordinates":[-16.265909201817436,28.471460667058498],"type":"Point"},"type":"Feature"},{"properties":{"intensity":0.0023118564534229486},"geometry":{"coordinates":[-16.26696852847579,28.47035872098151],"type":"Point"},"type":"Feature"},{"properties":{"intensity":0.00671781772901663},"geometry":{"coordinates":[-16.268120070797675,28.469282983531663],"type":"Point"},"type":"Feature"},{"properties":{"intensity":0.015517685934887861},"geometry":{"coordinates":[-16.2750912996252,28.462927060692607],"type":"Point"},"type":"Feature"},{"properties":{"intensity":0.02411288575135065},"geometry":{"coordinates":[-16.27811134175262,28.46436986457259],"type":"Point"},"type":"Feature"},{"properties":{"intensity":0.02373325069751655},"geometry":{"coordinates":[-16.280267608776906,28.46277915748651],"type":"Point"},"type":"Feature"},{"properties":{"intensity":0.020128754135053786},"geometry":{"coordinates":[-16.28091668208342,28.46070621903218],"type":"Point"},"type":"Feature"},{"properties":{"intensity":0.01348280187096172},"geometry":{"coordinates":[-16.284156208228676,28.458338084510427],"type":"Point"},"type":"Feature"},{"properties":{"intensity":0.010474990141470245},"geometry":{"coordinates":[-16.284061686322307,28.458122366065354],"type":"Point"},"type":"Feature"},{"properties":{"intensity":0.009656010801099717},"geometry":{"coordinates":[-16.28476151365514,28.46025478847912],"type":"Point"},"type":"Feature"},{"properties":{"intensity":0.00011961181152362108},"geometry":{"coordinates":[-16.286946873761874,28.459394764534228],"type":"Point"},"type":"Feature"},{"properties":{"intensity":0.003137101870414727},"geometry":{"coordinates":[-16.28704236578263,28.458003943346434],"type":"Point"},"type":"Feature"},{"properties":{"intensity":0.004482300225388045},"geometry":{"coordinates":[-16.284275429499154,28.461441711604063],"type":"Point"},"type":"Feature"},{"properties":{"intensity":0.020324671894644805},"geometry":{"coordinates":[-16.281066594541056,28.460434043789487],"type":"Point"},"type":"Feature"},{"properties":{"intensity":0.021829837390009897},"geometry":{"coordinates":[-16.279803509775686,28.463252848309903],"type":"Point"},"type":"Feature"},{"properties":{"intensity":0.022363266162346986},"geometry":{"coordinates":[-16.277671240881546,28.4642927703939],"type":"Point"},"type":"Feature"},{"properties":{"intensity":0.013161894858653479},"geometry":{"coordinates":[-16.275007870016253,28.462783435444553],"type":"Point"},"type":"Feature"},{"properties":{"intensity":0.06466773421436128},"geometry":{"coordinates":[-16.27141278780484,28.464486798133024],"type":"Point"},"type":"Feature"},{"properties":{"intensity":0.044387690163746205},"geometry":{"coordinates":[-16.26768319019674,28.46519852026076],"type":"Point"},"type":"Feature"},{"properties":{"intensity":0.09707343302489765},"geometry":{"coordinates":[-16.26366062497066,28.46446878712039],"type":"Point"},"type":"Feature"},{"properties":{"intensity":0.1310455924776231},"geometry":{"coordinates":[-16.25721472128367,28.46349961514438],"type":"Point"},"type":"Feature"},{"properties":{"intensity":0.00013683872945821553},"geometry":{"coordinates":[-16.272782484691312,28.459464855677897],"type":"Point"},"type":"Feature"},{"properties":{"intensity":0.000018414570442215603},"geometry":{"coordinates":[-16.274354405348625,28.460244379360656],"type":"Point"},"type":"Feature"},{"properties":{"intensity":0.00007431701675320509},"geometry":{"coordinates":[-16.2763497172155,28.46055961378507],"type":"Point"},"type":"Feature"},{"properties":{"intensity":0.0000029467232334446664},"geometry":{"coordinates":[-16.277589708697462,28.459212205534197],"type":"Point"},"type":"Feature"},{"properties":{"intensity":0.000028602874690683444},"geometry":{"coordinates":[-16.27915252898449,28.458385227632416],"type":"Point"},"type":"Feature"},{"properties":{"intensity":0.0001517978909670594},"geometry":{"coordinates":[-16.28077876934757,28.45773814419733],"type":"Point"},"type":"Feature"},{"properties":{"intensity":0.0005894655553284313},"geometry":{"coordinates":[-16.27894992627116,28.45767412156937],"type":"Point"},"type":"Feature"},{"properties":{"intensity":0.0003904049025928851},"geometry":{"coordinates":[-16.276672300970912,28.45850780740696],"type":"Point"},"type":"Feature"},{"properties":{"intensity":0.00003630262213483158},"geometry":{"coordinates":[-16.275774928881724,28.460321318492728],"type":"Point"},"type":"Feature"},{"properties":{"intensity":0.00009922913810164203},"geometry":{"coordinates":[-16.274486617416276,28.460198013368984],"type":"Point"},"type":"Feature"},{"properties":{"intensity":0.0007003294102691428},"geometry":{"coordinates":[-16.272678853839658,28.459339468746613],"type":"Point"},"type":"Feature"},{"properties":{"intensity":0.033853987504788165},"geometry":{"coordinates":[-16.24862098389212,28.462261051791224],"type":"Point"},"type":"Feature"},{"properties":{"intensity":0.031071463330528584},"geometry":{"coordinates":[-16.247082443373547,28.47214004378413],"type":"Point"},"type":"Feature"},{"properties":{"intensity":0.030211964519282996},"geometry":{"coordinates":[-16.246450483618624,28.474862512711418],"type":"Point"},"type":"Feature"},{"properties":{"intensity":0.03164819371805565},"geometry":{"coordinates":[-16.240644702669684,28.48151324913219],"type":"Point"},"type":"Feature"},{"properties":{"intensity":0.03648296741558012},"geometry":{"coordinates":[-16.237435578948123,28.485757404007618],"type":"Point"},"type":"Feature"},{"properties":{"intensity":0.02696565210559712},"geometry":{"coordinates":[-16.231719222862782,28.488769681938123],"type":"Point"},"type":"Feature"},{"properties":{"intensity":0.03004829535477207},"geometry":{"coordinates":[-16.226182130120616,28.491410062173422],"type":"Point"},"type":"Feature"},{"properties":{"intensity":0.009383309940795285},"geometry":{"coordinates":[-16.208192300123955,28.496851092079503],"type":"Point"},"type":"Feature"},{"properties":{"intensity":0.009160516015565971},"geometry":{"coordinates":[-16.204941970943345,28.498522595278033],"type":"Point"},"type":"Feature"},{"properties":{"intensity":0.00964493646684699},"geometry":{"coordinates":[-16.199582870745278,28.499842604372855],"type":"Point"},"type":"Feature"},{"properties":{"intensity":0.030771291905045323},"geometry":{"coordinates":[-16.191872398979477,28.50377338284463],"type":"Point"},"type":"Feature"},{"properties":{"intensity":0.04082691861852024},"geometry":{"coordinates":[-16.189019738106705,28.507237111880308],"type":"Point"},"type":"Feature"},{"properties":{"intensity":0.020488241582197628},"geometry":{"coordinates":[-16.19198619855075,28.503898742566435],"type":"Point"},"type":"Feature"},{"properties":{"intensity":0.009876758215404695},"geometry":{"coordinates":[-16.199573981782596,28.499960015004064],"type":"Point"},"type":"Feature"},{"properties":{"intensity":0.008793378583958534},"geometry":{"coordinates":[-16.20485187445446,28.498685853800698],"type":"Point"},"type":"Feature"},{"properties":{"intensity":0.008927685501653512},"geometry":{"coordinates":[-16.208132959614396,28.497023104818076],"type":"Point"},"type":"Feature"},{"properties":{"intensity":0.022271867247467513},"geometry":{"coordinates":[-16.21627057781844,28.494802452062217],"type":"Point"},"type":"Feature"},{"properties":{"intensity":0.025837804350113916},"geometry":{"coordinates":[-16.22605194250276,28.491636874320122],"type":"Point"},"type":"Feature"},{"properties":{"intensity":0.022747864168425475},"geometry":{"coordinates":[-16.231942898717698,28.488677400023487],"type":"Point"},"type":"Feature"},{"properties":{"intensity":0.030696302900155594},"geometry":{"coordinates":[-16.23729699660751,28.486137736342723],"type":"Point"},"type":"Feature"},{"properties":{"intensity":0.030253439339761178},"geometry":{"coordinates":[-16.240091474426748,28.482249361666238],"type":"Point"},"type":"Feature"},{"properties":{"intensity":0.0008869319435110233},"geometry":{"coordinates":[-16.244456623316363,28.483400841910996],"type":"Point"},"type":"Feature"},{"properties":{"intensity":0.00039494325934090924},"geometry":{"coordinates":[-16.245692277249912,28.484237921726567],"type":"Point"},"type":"Feature"},{"properties":{"intensity":0.00001261116406283687},"geometry":{"coordinates":[-16.244670114061787,28.484184105139626],"type":"Point"},"type":"Feature"},{"properties":{"intensity":0.0021891124598389677},"geometry":{"coordinates":[-16.243940567503284,28.483820737135687],"type":"Point"},"type":"Feature"},{"properties":{"intensity":0.000127831688244634},"geometry":{"coordinates":[-16.24537764849068,28.484412288435163],"type":"Point"},"type":"Feature"},{"properties":{"intensity":0.0002160222633615066},"geometry":{"coordinates":[-16.244314154312338,28.48344727335435],"type":"Point"},"type":"Feature"},{"properties":{"intensity":0.00013875605661033168},"geometry":{"coordinates":[-16.24399969065221,28.482764213725304],"type":"Point"},"type":"Feature"},{"properties":{"intensity":0.00018552520522942755},"geometry":{"coordinates":[-16.24400964703536,28.481870598899935],"type":"Point"},"type":"Feature"},{"properties":{"intensity":0.05233295668751707},"geometry":{"coordinates":[-16.246940972965866,28.474009619200068],"type":"Point"},"type":"Feature"},{"properties":{"intensity":0.048864670787795154},"geometry":{"coordinates":[-16.247063482611495,28.467916282731558],"type":"Point"},"type":"Feature"},{"properties":{"intensity":0.006985716100202848},"geometry":{"coordinates":[-16.247518035397743,28.465745992796457],"type":"Point"},"type":"Feature"},{"properties":{"intensity":0.01356107113082621},"geometry":{"coordinates":[-16.247756954484903,28.4686951410553],"type":"Point"},"type":"Feature"},{"properties":{"intensity":0.010734627117925454},"geometry":{"coordinates":[-16.247753388743693,28.470130228501606],"type":"Point"},"type":"Feature"},{"properties":{"intensity":0.012855634180246916},"geometry":{"coordinates":[-16.247482554780895,28.47228980751791],"type":"Point"},"type":"Feature"},{"properties":{"intensity":0.0020508779884491853},"geometry":{"coordinates":[-16.24829386669683,28.47526980151169],"type":"Point"},"type":"Feature"},{"properties":{"intensity":0.0019053238898252632},"geometry":{"coordinates":[-16.252618428316758,28.470401397704393],"type":"Point"},"type":"Feature"},{"properties":{"intensity":0.003068993094115781},"geometry":{"coordinates":[-16.251070556763406,28.468195373995975],"type":"Point"},"type":"Feature"},{"properties":{"intensity":0.0005039864270269749},"geometry":{"coordinates":[-16.248838253608735,28.467710462199708],"type":"Point"},"type":"Feature"},{"properties":{"intensity":0.001936083095863616},"geometry":{"coordinates":[-16.237310352747862,28.488159326473117],"type":"Point"},"type":"Feature"},{"properties":{"intensity":0.0005211345073006914},"geometry":{"coordinates":[-16.238668696060344,28.48987985119446],"type":"Point"},"type":"Feature"},{"properties":{"intensity":0.00019212569574378173},"geometry":{"coordinates":[-16.240556720499626,28.493211089910293],"type":"Point"},"type":"Feature"},{"properties":{"intensity":0.00027505310500633917},"geometry":{"coordinates":[-16.238809529653214,28.494941867243607],"type":"Point"},"type":"Feature"},{"properties":{"intensity":0.00003039526532647943},"geometry":{"coordinates":[-16.23871392467242,28.49725326264072],"type":"Point"},"type":"Feature"},{"properties":{"intensity":0.001389546903713145},"geometry":{"coordinates":[-16.239697070096312,28.499202827946103],"type":"Point"},"type":"Feature"},{"properties":{"intensity":0.00007068209334280869},"geometry":{"coordinates":[-16.238696023013144,28.497470037388194],"type":"Point"},"type":"Feature"},{"properties":{"intensity":0.00017662286870881477},"geometry":{"coordinates":[-16.238760139415454,28.495086725160427],"type":"Point"},"type":"Feature"},{"properties":{"intensity":0.0001719459742441591},"geometry":{"coordinates":[-16.24063896901493,28.493255466654023],"type":"Point"},"type":"Feature"},{"properties":{"intensity":0.0004172244006379512},"geometry":{"coordinates":[-16.238719137863633,28.4898252385997],"type":"Point"},"type":"Feature"},{"properties":{"intensity":0.00009663270816013918},"geometry":{"coordinates":[-16.237361004958284,28.488122763451546],"type":"Point"},"type":"Feature"},{"properties":{"intensity":0.00009160235195932736},"geometry":{"coordinates":[-16.22551534472253,28.49382588741447],"type":"Point"},"type":"Feature"},{"properties":{"intensity":0.00012597986951646964},"geometry":{"coordinates":[-16.22939143850007,28.51004580072791],"type":"Point"},"type":"Feature"},{"properties":{"intensity":0.00021380598444309246},"geometry":{"coordinates":[-16.230802712070094,28.511910324237387],"type":"Point"},"type":"Feature"},{"properties":{"intensity":0.00011839267218170976},"geometry":{"coordinates":[-16.226714474531022,28.51711889897044],"type":"Point"},"type":"Feature"},{"properties":{"intensity":0.0016162222837818245},"geometry":{"coordinates":[-16.226239990021423,28.522917539141403],"type":"Point"},"type":"Feature"},{"properties":{"intensity":0.00010311508134721196},"geometry":{"coordinates":[-16.226762950344106,28.516892824232094],"type":"Point"},"type":"Feature"},{"properties":{"intensity":0.00014428055448076495},"geometry":{"coordinates":[-16.230855263787788,28.512036204885025],"type":"Point"},"type":"Feature"},{"properties":{"intensity":0.00012287057460998483},"geometry":{"coordinates":[-16.22938631056071,28.509603598378806],"type":"Point"},"type":"Feature"},{"properties":{"intensity":0.0003498511599360045},"geometry":{"coordinates":[-16.22646559851982,28.49648886706308],"type":"Point"},"type":"Feature"},{"properties":{"intensity":0.0001544060736266513},"geometry":{"coordinates":[-16.226285137351685,28.494134837573423],"type":"Point"},"type":"Feature"},{"properties":{"intensity":0.001087501605373754},"geometry":{"coordinates":[-16.225983049478845,28.492747633822674],"type":"Point"},"type":"Feature"},{"properties":{"intensity":0.13422846831252283},"geometry":{"coordinates":[-16.254320764845332,28.459735623799673],"type":"Point"},"type":"Feature"},{"properties":{"intensity":0.12961815445482638},"geometry":{"coordinates":[-16.25770200872373,28.458937236290716],"type":"Point"},"type":"Feature"},{"properties":{"intensity":0.11003023045349111},"geometry":{"coordinates":[-16.261297214711988,28.458100680097843],"type":"Point"},"type":"Feature"},{"properties":{"intensity":0.03371228541407442},"geometry":{"coordinates":[-16.261131578796043,28.4579126804621],"type":"Point"},"type":"Feature"},{"properties":{"intensity":0.039206242396497115},"geometry":{"coordinates":[-16.257882614542535,28.458664801477013],"type":"Point"},"type":"Feature"},{"properties":{"intensity":0.02520412474011949},"geometry":{"coordinates":[-16.25426714857052,28.459519506147164],"type":"Point"},"type":"Feature"},{"properties":{"intensity":0.029782561523085747},"geometry":{"coordinates":[-16.26375291944871,28.460207903031904],"type":"Point"},"type":"Feature"},{"properties":{"intensity":0.01233602249997563},"geometry":{"coordinates":[-16.251322816220156,28.463599074191247],"type":"Point"},"type":"Feature"},{"properties":{"intensity":0.01156249026645192},"geometry":{"coordinates":[-16.27703968802069,28.466130868055558],"type":"Point"},"type":"Feature"},{"properties":{"intensity":0.013701558319581454},"geometry":{"coordinates":[-16.27721684798256,28.468972220512324],"type":"Point"},"type":"Feature"},{"properties":{"intensity":0.03205370124168404},"geometry":{"coordinates":[-16.278794056922795,28.471872616730398],"type":"Point"},"type":"Feature"},{"properties":{"intensity":0.016915314335358308},"geometry":{"coordinates":[-16.2775123627954,28.468915292246955],"type":"Point"},"type":"Feature"},{"properties":{"intensity":0.012022202305248024},"geometry":{"coordinates":[-16.277143330841263,28.466256251163966],"type":"Point"},"type":"Feature"},{"properties":{"intensity":0.005455510041251724},"geometry":{"coordinates":[-16.26720586706133,28.473984745006366],"type":"Point"},"type":"Feature"},{"properties":{"intensity":0.008448607959360194},"geometry":{"coordinates":[-16.27036507035379,28.46996601731],"type":"Point"},"type":"Feature"},{"properties":{"intensity":0.03346956293553229},"geometry":{"coordinates":[-16.27086663570091,28.46920319278832],"type":"Point"},"type":"Feature"},{"properties":{"intensity":0.0033400332514989285},"geometry":{"coordinates":[-16.28844874515496,28.456916602797886],"type":"Point"},"type":"Feature"},{"properties":{"intensity":0.001614426641304428},"geometry":{"coordinates":[-16.288685127601674,28.454513596611367],"type":"Point"},"type":"Feature"},{"properties":{"intensity":0.0012716474675488285},"geometry":{"coordinates":[-16.289442863166702,28.453838534182243],"type":"Point"},"type":"Feature"},{"properties":{"intensity":0.001785726486350255},"geometry":{"coordinates":[-16.290923037140313,28.453788395295003],"type":"Point"},"type":"Feature"},{"properties":{"intensity":0.001383613664466162},"geometry":{"coordinates":[-16.29005916811126,28.45329116503078],"type":"Point"},"type":"Feature"},{"properties":{"intensity":0.0026067719511861697},"geometry":{"coordinates":[-16.288044594986864,28.45390593243786],"type":"Point"},"type":"Feature"},{"properties":{"intensity":0.03224296713824226},"geometry":{"coordinates":[-16.26843273804019,28.460399007271285],"type":"Point"},"type":"Feature"},{"properties":{"intensity":0.027671574619757135},"geometry":{"coordinates":[-16.265515269199973,28.46154534039129],"type":"Point"},"type":"Feature"},{"properties":{"intensity":0.2444147070507476},"geometry":{"coordinates":[-16.256579428970262,28.45814434130053],"type":"Point"},"type":"Feature"},{"properties":{"intensity":0.04881112363423484},"geometry":{"coordinates":[-16.25112144973173,28.46297816686448],"type":"Point"},"type":"Feature"},{"properties":{"intensity":0.059919503685857384},"geometry":{"coordinates":[-16.251631090323084,28.465491592863433],"type":"Point"},"type":"Feature"},{"properties":{"intensity":0.049079355739225984},"geometry":{"coordinates":[-16.254387069116238,28.466215319282295],"type":"Point"},"type":"Feature"},{"properties":{"intensity":0.03356707585646635},"geometry":{"coordinates":[-16.26016041670966,28.4664417401443],"type":"Point"},"type":"Feature"},{"properties":{"intensity":0.05396569811352389},"geometry":{"coordinates":[-16.263089563945066,28.46626113599522],"type":"Point"},"type":"Feature"},{"properties":{"intensity":0.041131778005272526},"geometry":{"coordinates":[-16.26651791120499,28.465119121417082],"type":"Point"},"type":"Feature"},{"properties":{"intensity":0.0006087940072709118},"geometry":{"coordinates":[-16.268692272945742,28.474431183693895],"type":"Point"},"type":"Feature"},{"properties":{"intensity":0.00030212978661554873},"geometry":{"coordinates":[-16.226398065165068,28.497716945296496],"type":"Point"},"type":"Feature"},{"properties":{"intensity":0.00010559365051827858},"geometry":{"coordinates":[-16.226739068418443,28.499816810188815],"type":"Point"},"type":"Feature"},{"properties":{"intensity":0.0002458205679853843},"geometry":{"coordinates":[-16.226068565780718,28.49837878001319],"type":"Point"},"type":"Feature"},{"properties":{"intensity":0.00022868831452619936},"geometry":{"coordinates":[-16.226279407853053,28.494522986194482],"type":"Point"},"type":"Feature"},{"properties":{"intensity":0.0007659067301656218},"geometry":{"coordinates":[-16.28082177638934,28.457069855718963],"type":"Point"},"type":"Feature"},{"properties":{"intensity":0.0007514564801004699},"geometry":{"coordinates":[-16.27448681416835,28.466172864978144],"type":"Point"},"type":"Feature"},{"properties":{"intensity":0.004191924592900839},"geometry":{"coordinates":[-16.28500311363438,28.44222867651116],"type":"Point"},"type":"Feature"},{"properties":{"intensity":0.0038633095397522985},"geometry":{"coordinates":[-16.24881591527431,28.464073389240237],"type":"Point"},"type":"Feature"},{"properties":{"intensity":0.0006053293649682823},"geometry":{"coordinates":[-16.262023825672006,28.4659641628818],"type":"Point"},"type":"Feature"},{"properties":{"intensity":0.0016185639751524832},"geometry":{"coordinates":[-16.267663581153737,28.467834139471528],"type":"Point"},"type":"Feature"},{"properties":{"intensity":0.001552097719729062},"geometry":{"coordinates":[-16.267765275797625,28.467797089695594],"type":"Point"},"type":"Feature"},{"properties":{"intensity":0.00098300208969022},"geometry":{"coordinates":[-16.26206295947974,28.46581939209571],"type":"Point"},"type":"Feature"},{"properties":{"intensity":0.00219710311870231},"geometry":{"coordinates":[-16.256354833469544,28.465059944977348],"type":"Point"},"type":"Feature"},{"properties":{"intensity":0.0023370478295992488},"geometry":{"coordinates":[-16.27144243976031,28.46781691587747],"type":"Point"},"type":"Feature"},{"properties":{"intensity":0.0006272720490888581},"geometry":{"coordinates":[-16.274728367780213,28.46502436848199],"type":"Point"},"type":"Feature"},{"properties":{"intensity":0.0008195321404619826},"geometry":{"coordinates":[-16.249069523993406,28.463926652427954],"type":"Point"},"type":"Feature"},{"properties":{"intensity":0.0054144600147083876},"geometry":{"coordinates":[-16.282599415625434,28.446123278275515],"type":"Point"},"type":"Feature"},{"properties":{"intensity":0.00034183127066567256},"geometry":{"coordinates":[-16.2595705449596,28.482151527074627],"type":"Point"},"type":"Feature"},{"properties":{"intensity":0.7084642637340026},"geometry":{"coordinates":[-16.253127889130386,28.45904262873991],"type":"Point"},"type":"Feature"},{"properties":{"intensity":0.5449591023279925},"geometry":{"coordinates":[-16.252216382090268,28.459691833451156],"type":"Point"},"type":"Feature"},{"properties":{"intensity":0.02192429406637613},"geometry":{"coordinates":[-16.28019382009168,28.46852003454899],"type":"Point"},"type":"Feature"},{"properties":{"intensity":0.007011985920201337},"geometry":{"coordinates":[-16.317929010216936,28.44346614677651],"type":"Point"},"type":"Feature"},{"properties":{"intensity":0.0007012341481622223},"geometry":{"coordinates":[-16.31604232348584,28.442834577633583],"type":"Point"},"type":"Feature"},{"properties":{"intensity":0.0011412668887552783},"geometry":{"coordinates":[-16.252232555701685,28.464529353761325],"type":"Point"},"type":"Feature"},{"properties":{"intensity":0.0009991073458417554},"geometry":{"coordinates":[-16.256386858235135,28.46517698053649],"type":"Point"},"type":"Feature"},{"properties":{"intensity":0.004231322908741845},"geometry":{"coordinates":[-16.215371565304505,28.49658852277693],"type":"Point"},"type":"Feature"},{"properties":{"intensity":0.052222125496958316},"geometry":{"coordinates":[-16.247280221651025,28.485495955824533],"type":"Point"},"type":"Feature"},{"properties":{"intensity":0.0000022141367015804888},"geometry":{"coordinates":[-16.206240912048543,28.545326402541583],"type":"Point"},"type":"Feature"},{"properties":{"intensity":0.00000470022674137505},"geometry":{"coordinates":[-16.206273526716124,28.54549759692549],"type":"Point"},"type":"Feature"},{"properties":{"intensity":5.160859935025156e-7},"geometry":{"coordinates":[-16.5142544826327,28.30254535338614],"type":"Point"},"type":"Feature"},{"properties":{"intensity":0.0000012339399290621644},"geometry":{"coordinates":[-16.277875812191514,28.444786823546366],"type":"Point"},"type":"Feature"},{"properties":{"intensity":0.002088128869034715},"geometry":{"coordinates":[-16.343664751492092,28.452627888043263],"type":"Point"},"type":"Feature"},{"properties":{"intensity":0.012173343986944257},"geometry":{"coordinates":[-16.303036746843183,28.423952158183134],"type":"Point"},"type":"Feature"},{"properties":{"intensity":0.00005216559411330079},"geometry":{"coordinates":[-16.239656156545145,28.489582034071468],"type":"Point"},"type":"Feature"},{"properties":{"intensity":0.000053376013199644745},"geometry":{"coordinates":[-16.238862560316168,28.488984560759384],"type":"Point"},"type":"Feature"},{"properties":{"intensity":0.049357948010188515},"geometry":{"coordinates":[-16.28535786357341,28.45383206320817],"type":"Point"},"type":"Feature"},{"properties":{"intensity":0.004195634378679597},"geometry":{"coordinates":[-16.26599685075907,28.47452850831669],"type":"Point"},"type":"Feature"},{"properties":{"intensity":0.0000010694146051872091},"geometry":{"coordinates":[-16.19219025324487,28.571958374466984],"type":"Point"},"type":"Feature"},{"properties":{"intensity":0.0000014097202638759447},"geometry":{"coordinates":[-16.192272850363366,28.57202985250518],"type":"Point"},"type":"Feature"},{"properties":{"intensity":0.00006749067175607905},"geometry":{"coordinates":[-16.187825616739598,28.57386492761831],"type":"Point"},"type":"Feature"},{"properties":{"intensity":0.000006544592591657746},"geometry":{"coordinates":[-16.256361032357553,28.480258797849107],"type":"Point"},"type":"Feature"},{"properties":{"intensity":0.00017184834529707422},"geometry":{"coordinates":[-16.278692899102268,28.4694096225768],"type":"Point"},"type":"Feature"},{"properties":{"intensity":0.000027373423167827545},"geometry":{"coordinates":[-16.252236066779783,28.464827162902495],"type":"Point"},"type":"Feature"},{"properties":{"intensity":0.004172705606020919},"geometry":{"coordinates":[-16.216326310994795,28.495208102073033],"type":"Point"},"type":"Feature"},{"properties":{"intensity":0.004179675422263727},"geometry":{"coordinates":[-16.216354502823965,28.49588476429518],"type":"Point"},"type":"Feature"},{"properties":{"intensity":0.36405617480936575},"geometry":{"coordinates":[-16.250862681616365,28.459216910754826],"type":"Point"},"type":"Feature"},{"properties":{"intensity":0.11434687425626955},"geometry":{"coordinates":[-16.247963353058886,28.465398938299522],"type":"Point"},"type":"Feature"},{"properties":{"intensity":0.15817328209287215},"geometry":{"coordinates":[-16.24995156733491,28.465976364233164],"type":"Point"},"type":"Feature"},{"properties":{"intensity":0.18572134317267908},"geometry":{"coordinates":[-16.2546419760137,28.46704331334375],"type":"Point"},"type":"Feature"},{"properties":{"intensity":0.12101275648803395},"geometry":{"coordinates":[-16.260697320526273,28.467790586470684],"type":"Point"},"type":"Feature"},{"properties":{"intensity":0.10192715842185489},"geometry":{"coordinates":[-16.264407921996163,28.468044955305015],"type":"Point"},"type":"Feature"},{"properties":{"intensity":0.1534281713971315},"geometry":{"coordinates":[-16.272125157122545,28.464272551658024],"type":"Point"},"type":"Feature"},{"properties":{"intensity":0.04367069966333381},"geometry":{"coordinates":[-16.277628672607193,28.462451978032252],"type":"Point"},"type":"Feature"},{"properties":{"intensity":0.06162969029088181},"geometry":{"coordinates":[-16.281383733649918,28.45709163992399],"type":"Point"},"type":"Feature"},{"properties":{"intensity":0.09109253652736479},"geometry":{"coordinates":[-16.285026850905258,28.453483197648268],"type":"Point"},"type":"Feature"},{"properties":{"intensity":0.10220942677763761},"geometry":{"coordinates":[-16.287096329409597,28.448968961120126],"type":"Point"},"type":"Feature"},{"properties":{"intensity":0.12989758319640712},"geometry":{"coordinates":[-16.29531135505402,28.44684222719291],"type":"Point"},"type":"Feature"},{"properties":{"intensity":0.10652799310196172},"geometry":{"coordinates":[-16.294131813608697,28.450608033288376],"type":"Point"},"type":"Feature"},{"properties":{"intensity":0.14351469227190017},"geometry":{"coordinates":[-16.29267374483031,28.457508300899292],"type":"Point"},"type":"Feature"},{"properties":{"intensity":0.03779021338207758},"geometry":{"coordinates":[-16.29851318158392,28.465683863378104],"type":"Point"},"type":"Feature"},{"properties":{"intensity":0.07362969963870361},"geometry":{"coordinates":[-16.302010305072656,28.468520507674008],"type":"Point"},"type":"Feature"},{"properties":{"intensity":0.04620275213064214},"geometry":{"coordinates":[-16.30579434335889,28.473078150601204],"type":"Point"},"type":"Feature"},{"properties":{"intensity":0.04263134157624952},"geometry":{"coordinates":[-16.309494638052332,28.476616617166677],"type":"Point"},"type":"Feature"},{"properties":{"intensity":0.06895651999251354},"geometry":{"coordinates":[-16.312538722624975,28.479935677770982],"type":"Point"},"type":"Feature"},{"properties":{"intensity":0.21483257289657065},"geometry":{"coordinates":[-16.317917614567065,28.48205875571322],"type":"Point"},"type":"Feature"},{"properties":{"intensity":0.344026159120861},"geometry":{"coordinates":[-16.316214911179213,28.486434494454667],"type":"Point"},"type":"Feature"},{"properties":{"intensity":0.06816976144010573},"geometry":{"coordinates":[-16.286028677270227,28.46706604349824],"type":"Point"},"type":"Feature"},{"properties":{"intensity":0.01781715091731951},"geometry":{"coordinates":[-16.291047416037134,28.46234332525777],"type":"Point"},"type":"Feature"},{"properties":{"intensity":0.0429857463131848},"geometry":{"coordinates":[-16.298142216497983,28.44786219912444],"type":"Point"},"type":"Feature"},{"properties":{"intensity":0.03878135691407515},"geometry":{"coordinates":[-16.304596684066794,28.443757077199376],"type":"Point"},"type":"Feature"}],"type":"FeatureCollection"}